time_s,mode,x_cm,y_cm,heading_deg,wheel_actual_deg,wheel_target_deg,planner_selected_deg,servo_command_deg,speed_cm_s,target_speed_cm_s,acceleration_cm_s2,selected_radius_cm,target_distance_cm,required_lateral_shift_cm,current_wall_clearance_cm,front_clearance_cm,recovery_phase,recovery_side,forward_projection_cm,obstacle_in_forward_projection,recovery_reverse_distance_cm,recovery_advance_distance_cm,recovery_reverse_steering_deg,safety_limit_triggered,minimum_distance_cm,minimum_obstacle_cm,minimum_wall_cm,physical_collision,planner_state,phase,active_target_id,selected_pass_side,decision_reason,candidates_evaluated,calculation_time_ms,lap_completed,straight_progress,track_direction,memory_states_json,obstacle_distances_json
0.0,AUTO,125.0,280.0,180.0,0.0,0.0,0.0,92.0,0.0,0.0,0.0,,,,,,,,,,,,,,11.4,31.264,11.4,False,FOLLOW,FOLLOW,,,keyboard_control,0,0.0,False,0,pending_first_line,{},"{""1"": 170.302, ""2"": 31.264, ""3"": 68.337, ""4"": 129.744, ""5"": 209.24, ""6"": 217.885}"
0.05,AUTO,124.888,280.0,-180.0,0.0,0.0,0.0,92.0,2.25,20.0,45.0,,,,,,,,,,,,,,11.4,31.307,11.4,False,FOLLOW,FOLLOW,,,flexible_commitment_switched,1,2.442457996949088,False,0,pending_first_line,{},"{""1"": 170.383, ""2"": 31.307, ""3"": 68.439, ""4"": 129.699, ""5"": 209.234, ""6"": 217.917}"
0.1,AUTO,124.663,280.0,-180.0,0.0,0.0,0.0,92.0,4.5,20.0,45.0,,,,,,,,,,,,,,11.4,31.394,11.4,False,FOLLOW,FOLLOW,,,flexible_commitment_switched,1,2.442457996949088,False,0,pending_first_line,{},"{""1"": 170.544, ""2"": 31.394, ""3"": 68.643, ""4"": 129.609, ""5"": 209.221, ""6"": 217.981}"
0.15,AUTO,124.325,280.0,-180.0,0.0,0.0,0.0,92.0,6.75,20.0,45.0,,,,,,,,,,,,,,11.4,31.527,11.4,False,FOLLOW,FOLLOW,,,flexible_commitment_switched,1,2.442457996949088,False,0,pending_first_line,{},"{""1"": 170.786, ""2"": 31.527, ""3"": 68.949, ""4"": 129.475, ""5"": 209.203, ""6"": 218.078}"
0.2,AUTO,123.875,280.0,-180.0,0.0,0.0,0.0,92.0,9.0,20.0,45.0,,,,,,,,,,,,,,11.4,31.71,11.4,False,FOLLOW,FOLLOW,,,flexible_commitment_switched,1,2.442457996949088,False,0,pending_first_line,{},"{""1"": 171.11, ""2"": 31.71, ""3"": 69.358, ""4"": 129.298, ""5"": 209.179, ""6"": 218.207}"
0.25,AUTO,123.312,280.0,-180.0,0.0,0.0,0.0,92.0,11.25,20.0,45.0,,,,,,,,,,,,,,11.4,31.945,11.4,False,FOLLOW,FOLLOW,,,flexible_commitment_switched,1,2.442457996949088,False,0,pending_first_line,{},"{""1"": 171.515, ""2"": 31.945, ""3"": 69.87, ""4"": 129.078, ""5"": 209.151, ""6"": 218.371}"
0.3,AUTO,122.638,280.0,-180.0,0.0,0.0,0.0,92.0,13.5,20.0,45.0,,,,,,,,,,,,,,11.4,32.239,11.4,False,FOLLOW,FOLLOW,,,flexible_commitment_switched,1,2.442457996949088,False,0,pending_first_line,{},"{""1"": 172.002, ""2"": 32.239, ""3"": 70.485, ""4"": 128.816, ""5"": 209.119, ""6"": 218.568}"
0.35,AUTO,121.85,280.0,-180.0,0.0,0.0,0.0,92.0,15.75,20.0,45.0,,,,,,,,,,,,,,11.4,32.595,11.4,False,FOLLOW,FOLLOW,,,flexible_commitment_switched,1,2.442457996949088,False,0,pending_first_line,{},"{""1"": 172.572, ""2"": 32.595, ""3"": 71.204, ""4"": 128.515, ""5"": 209.084, ""6"": 218.801}"
0.4,AUTO,120.95,280.0,-180.0,0.0,0.0,0.0,92.0,18.0,20.0,45.0,,,,,,,,,,,,,,11.4,33.021,11.4,False,FOLLOW,FOLLOW,,,flexible_commitment_switched,1,2.442457996949088,False,0,pending_first_line,{},"{""1"": 173.225, ""2"": 33.021, ""3"": 72.027, ""4"": 128.177, ""5"": 209.048, ""6"": 219.071}"
0.45,AUTO,119.95,280.0,-180.0,0.0,0.0,0.0,92.0,20.0,20.0,40.0,,,,,,,,,,,,,,11.4,33.517,11.4,False,FOLLOW,FOLLOW,,,flexible_commitment_switched,1,2.442457996949088,False,0,pending_first_line,{},"{""1"": 173.954, ""2"": 33.517, ""3"": 72.944, ""4"": 127.806, ""5"": 209.013, ""6"": 219.374}"
0.5,AUTO,118.95,280.0,-180.0,0.0,0.0,0.0,92.0,20.0,20.0,0.0,,,,,,,,,,,,,,11.4,34.034,11.4,False,FOLLOW,FOLLOW,,,flexible_commitment_switched,1,2.442457996949088,False,0,pending_first_line,{},"{""1"": 174.685, ""2"": 34.034, ""3"": 73.863, ""4"": 127.443, ""5"": 208.983, ""6"": 219.681}"
0.55,AUTO,117.95,280.0,-180.0,0.0,0.0,0.0,92.0,20.0,20.0,0.0,,,,,,,,,,,,,,11.4,34.573,11.4,False,FOLLOW,FOLLOW,,,flexible_commitment_switched,1,2.442457996949088,False,0,pending_first_line,{},"{""1"": 175.419, ""2"": 34.573, ""3"": 74.785, ""4"": 127.086, ""5"": 208.957, ""6"": 219.993}"
0.6,AUTO,116.95,280.0,-180.0,0.0,0.0,0.0,92.0,20.0,20.0,0.0,,,,,,,,,,,,,,11.4,35.131,11.4,False,FOLLOW,FOLLOW,,,flexible_commitment_switched,1,2.442457996949088,False,0,pending_first_line,{},"{""1"": 176.155, ""2"": 35.131, ""3"": 75.708, ""4"": 126.737, ""5"": 208.936, ""6"": 220.308}"
0.65,AUTO,115.95,280.0,-180.0,0.0,0.0,0.0,92.0,20.0,20.0,0.0,,,,,,,,,,,,,,11.4,35.709,11.4,False,FOLLOW,FOLLOW,,,flexible_commitment_switched,1,2.442457996949088,False,0,pending_first_line,{},"{""1"": 176.894, ""2"": 35.709, ""3"": 76.633, ""4"": 126.394, ""5"": 208.92, ""6"": 220.628}"
0.7,AUTO,114.95,280.0,-180.0,0.0,0.0,0.0,92.0,20.0,20.0,0.0,,,,,,,,,,,,,,11.4,36.306,11.4,False,FOLLOW,FOLLOW,,,flexible_commitment_switched,2,4.318375002185348,False,0,pending_first_line,{},"{""1"": 177.636, ""2"": 36.306, ""3"": 77.56, ""4"": 126.058, ""5"": 208.908, ""6"": 220.952}"
0.75,AUTO,113.95,280.0,-180.0,0.0,0.0,0.0,92.0,20.0,20.0,0.0,,,,,,,,,,,,,,11.4,36.92,11.4,False,FOLLOW,FOLLOW,,,flexible_commitment_switched,2,4.318375002185348,False,0,pending_first_line,{},"{""1"": 178.38, ""2"": 36.92, ""3"": 78.489, ""4"": 125.73, ""5"": 208.902, ""6"": 221.279}"
0.8,AUTO,112.95,280.0,-180.0,0.0,0.0,0.0,92.0,20.0,20.0,0.0,,,,,,,,,,,,,,11.4,37.55,11.4,False,FOLLOW,FOLLOW,,,flexible_commitment_switched,2,4.318375002185348,False,0,pending_first_line,{},"{""1"": 179.127, ""2"": 37.55, ""3"": 79.42, ""4"": 125.408, ""5"": 208.9, ""6"": 221.611}"
0.85,AUTO,111.95,280.0,-180.0,0.0,0.0,0.0,92.0,20.0,20.0,0.0,,,,,,,,,,,,,,11.4,38.196,11.4,False,FOLLOW,FOLLOW,,,flexible_commitment_switched,2,4.318375002185348,False,0,pending_first_line,{},"{""1"": 179.876, ""2"": 38.196, ""3"": 80.352, ""4"": 125.094, ""5"": 208.9, ""6"": 221.947}"
0.9,AUTO,110.95,280.0,-180.0,0.0,0.0,0.0,92.0,20.0,20.0,0.0,,,,,,,,,,,,,,11.4,38.858,11.4,False,FOLLOW,FOLLOW,,,flexible_commitment_switched,2,4.318375002185348,False,0,pending_first_line,{},"{""1"": 180.628, ""2"": 38.858, ""3"": 81.286, ""4"": 124.787, ""5"": 208.9, ""6"": 222.287}"
0.95,AUTO,109.95,280.0,-180.0,0.0,0.0,0.0,92.0,20.0,20.0,0.0,,,,,,,,,,,,,,11.4,39.533,11.4,False,FOLLOW,FOLLOW,,,flexible_commitment_switched,2,4.318375002185348,False,0,pending_first_line,{},"{""1"": 181.382, ""2"": 39.533, ""3"": 82.221, ""4"": 124.487, ""5"": 208.9, ""6"": 222.631}"
1.0,AUTO,108.95,280.0,-180.0,0.0,0.0,0.0,92.0,20.0,20.0,0.0,,,,,,,,,,,,,,11.4,40.222,11.4,False,FOLLOW,FOLLOW,,,flexible_commitment_switched,2,4.318375002185348,False,0,pending_first_line,{},"{""1"": 182.138, ""2"": 40.222, ""3"": 83.158, ""4"": 124.194, ""5"": 208.9, ""6"": 222.978}"
1.05,AUTO,107.95,280.0,-180.0,0.0,0.0,0.0,92.0,20.0,20.0,0.0,,,,,,,,,,,,,,11.4,40.924,11.4,False,FOLLOW,FOLLOW,,,flexible_commitment_switched,2,4.318375002185348,False,0,pending_first_line,{},"{""1"": 182.897, ""2"": 40.924, ""3"": 84.097, ""4"": 123.909, ""5"": 208.9, ""6"": 223.33}"
1.1,AUTO,106.95,280.0,-180.0,0.0,0.0,0.0,92.0,20.0,20.0,0.0,,,,,,,,,,,,,,11.4,41.638,11.4,False,FOLLOW,FOLLOW,,,flexible_commitment_switched,2,4.318375002185348,False,0,pending_first_line,{},"{""1"": 183.658, ""2"": 41.638, ""3"": 85.037, ""4"": 123.631, ""5"": 208.9, ""6"": 223.686}"
1.15,AUTO,105.95,280.0,-180.0,0.0,0.0,0.0,92.0,20.0,20.0,0.0,,,,,,,,,,,,,,11.4,42.363,11.4,False,FOLLOW,FOLLOW,,,flexible_commitment_switched,2,4.318375002185348,False,0,pending_first_line,{},"{""1"": 184.421, ""2"": 42.363, ""3"": 85.978, ""4"": 123.361, ""5"": 208.9, ""6"": 224.045}"
1.2,AUTO,104.95,280.0,-180.0,0.0,0.0,0.0,92.0,20.0,20.0,0.0,,,,,,,,,,,,,,11.4,43.1,11.4,False,FOLLOW,FOLLOW,,,flexible_commitment_switched,2,4.318375002185348,False,0,pending_first_line,{},"{""1"": 185.187, ""2"": 43.1, ""3"": 86.92, ""4"": 123.098, ""5"": 208.9, ""6"": 224.408}"
1.25,AUTO,103.95,280.0,-180.0,0.0,0.0,0.0,92.0,20.0,20.0,0.0,,,,,,,,,,,,,,11.4,43.847,11.4,False,FOLLOW,FOLLOW,,,flexible_commitment_switched,2,4.318375002185348,False,0,pending_first_line,{},"{""1"": 185.954, ""2"": 43.847, ""3"": 87.864, ""4"": 122.843, ""5"": 208.9, ""6"": 224.776}"
1.3,AUTO,102.95,280.0,-180.0,0.0,0.0,0.0,92.0,20.0,20.0,0.0,,,,,,,,,,,,,,11.4,44.604,11.4,False,FOLLOW,FOLLOW,,,flexible_commitment_switched,2,4.318375002185348,False,0,pending_first_line,{},"{""1"": 186.724, ""2"": 44.604, ""3"": 88.809, ""4"": 122.596, ""5"": 208.9, ""6"": 225.147}"
1.35,AUTO,101.95,280.0,-180.0,0.0,0.0,0.0,92.0,20.0,20.0,0.0,,,,,,,,,,,,,,11.4,45.37,11.4,False,FOLLOW,FOLLOW,,,flexible_commitment_switched,2,4.361541999969631,False,0,pending_first_line,{},"{""1"": 187.497, ""2"": 45.37, ""3"": 89.755, ""4"": 122.356, ""5"": 208.9, ""6"": 225.522}"
1.4,AUTO,100.95,280.0,-180.0,0.0,0.0,0.0,92.0,20.0,20.0,0.0,,,,,,,,,,,,,,11.4,46.146,11.4,False,FOLLOW,FOLLOW,,,flexible_commitment_switched,2,4.361541999969631,False,0,pending_first_line,{},"{""1"": 188.271, ""2"": 46.146, ""3"": 90.702, ""4"": 122.124, ""5"": 208.9, ""6"": 225.9}"
1.45,AUTO,99.95,280.0,-180.0,0.0,0.0,0.0,92.0,20.0,20.0,0.0,,,,,,,,,,,,,,11.4,46.929,11.4,False,FOLLOW,FOLLOW,,,flexible_commitment_switched,2,4.361541999969631,False,0,pending_first_line,{},"{""1"": 189.047, ""2"": 46.929, ""3"": 91.651, ""4"": 121.899, ""5"": 208.9, ""6"": 226.283}"
1.5,AUTO,98.95,280.0,-180.0,0.0,0.0,0.0,92.0,20.0,20.0,0.0,,,,,,,,,,,,,,11.4,47.721,11.4,False,FOLLOW,FOLLOW,,,flexible_commitment_switched,2,4.361541999969631,False,0,pending_first_line,{},"{""1"": 189.826, ""2"": 47.721, ""3"": 92.6, ""4"": 121.683, ""5"": 208.9, ""6"": 226.669}"
1.55,AUTO,97.95,280.0,-180.0,0.0,0.0,0.0,92.0,20.0,20.0,0.0,,,,,,,,,,,,,,11.4,48.521,11.4,False,FOLLOW,FOLLOW,,,flexible_commitment_switched,2,4.361541999969631,False,0,pending_first_line,{},"{""1"": 190.606, ""2"": 48.521, ""3"": 93.551, ""4"": 121.474, ""5"": 208.9, ""6"": 227.059}"
1.6,AUTO,96.95,280.0,-180.0,0.0,0.0,0.0,92.0,20.0,20.0,0.0,,,,,,,,,,,,,,11.4,49.328,11.4,False,FOLLOW,FOLLOW,,,flexible_commitment_switched,2,4.361541999969631,False,0,pending_first_line,{},"{""1"": 191.389, ""2"": 49.328, ""3"": 94.502, ""4"": 121.273, ""5"": 208.9, ""6"": 227.453}"
1.65,AUTO,95.95,280.0,-180.0,0.0,0.0,0.0,92.0,20.0,20.0,0.0,,,,,,,,,,,,,,11.4,50.141,11.4,False,FOLLOW,FOLLOW,,,flexible_commitment_switched,2,4.361541999969631,False,0,pending_first_line,{},"{""1"": 192.174, ""2"": 50.141, ""3"": 95.455, ""4"": 121.08, ""5"": 208.9, ""6"": 227.85}"
1.7,AUTO,94.95,280.0,-180.0,0.0,0.0,0.0,92.0,20.0,20.0,0.0,,,,,,,,,,,,,,11.4,50.962,11.4,False,FOLLOW,FOLLOW,,,flexible_commitment_switched,2,4.361541999969631,False,0,pending_first_line,{},"{""1"": 192.96, ""2"": 50.962, ""3"": 96.409, ""4"": 120.896, ""5"": 208.9, ""6"": 228.251}"
1.75,AUTO,93.95,280.0,-180.0,0.0,0.0,0.0,92.0,20.0,20.0,0.0,,,,,,,,,,,,,,11.4,51.789,11.4,False,FOLLOW,FOLLOW,,,flexible_commitment_switched,2,4.361541999969631,False,0,pending_first_line,{},"{""1"": 193.749, ""2"": 51.789, ""3"": 97.363, ""4"": 120.719, ""5"": 208.9, ""6"": 228.656}"
1.8,AUTO,92.95,280.0,-180.0,0.0,0.0,0.0,92.0,20.0,20.0,0.0,,,,,,,,,,,,,,11.4,52.621,11.4,False,FOLLOW,FOLLOW,,,flexible_commitment_switched,2,4.361541999969631,False,0,pending_first_line,{},"{""1"": 194.539, ""2"": 52.621, ""3"": 98.318, ""4"": 120.55, ""5"": 208.9, ""6"": 229.064}"
1.85,AUTO,91.95,280.0,-180.0,0.0,0.0,0.0,92.0,20.0,20.0,0.0,,,,,,,,,,,,,,11.4,53.46,11.4,False,FOLLOW,FOLLOW,,,flexible_commitment_switched,2,4.361541999969631,False,0,pending_first_line,{},"{""1"": 195.332, ""2"": 53.46, ""3"": 99.275, ""4"": 120.389, ""5"": 208.9, ""6"": 229.476}"
1.9,AUTO,90.95,280.0,-180.0,0.0,0.0,0.0,92.0,20.0,20.0,0.0,,,,,,,,,,,,,,11.4,54.304,11.4,False,FOLLOW,FOLLOW,,,flexible_commitment_switched,2,4.361541999969631,False,0,pending_first_line,{},"{""1"": 196.126, ""2"": 54.304, ""3"": 100.232, ""4"": 120.236, ""5"": 208.9, ""6"": 229.892}"
1.95,AUTO,89.95,280.0,-180.0,0.0,0.0,0.0,92.0,20.0,20.0,0.0,,,,,,,,,,,,,,11.4,55.153,11.4,False,FOLLOW,FOLLOW,,,flexible_commitment_switched,2,4.361541999969631,False,0,pending_first_line,{},"{""1"": 196.922, ""2"": 55.153, ""3"": 101.19, ""4"": 120.092, ""5"": 208.9, ""6"": 230.311}"
2.0,AUTO,88.95,280.0,-180.0,0.0,0.0,0.0,92.0,20.0,20.0,0.0,,,,,,,,,,,,,,11.4,56.007,11.4,False,FOLLOW,FOLLOW,,,flexible_commitment_switched,2,8.247708996350411,False,0,pending_first_line,{},"{""1"": 197.72, ""2"": 56.007, ""3"": 102.148, ""4"": 119.955, ""5"": 208.9, ""6"": 230.734}"
2.05,AUTO,87.95,280.0,-180.0,0.0,0.0,0.0,92.0,20.0,20.0,0.0,,,,,,,,,,,,,,11.4,56.866,11.4,False,FOLLOW,FOLLOW,,,flexible_commitment_switched,2,8.247708996350411,False,0,pending_first_line,{},"{""1"": 198.52, ""2"": 56.866, ""3"": 103.108, ""4"": 119.827, ""5"": 208.9, ""6"": 231.161}"
2.1,AUTO,86.95,280.0,-180.0,0.0,0.0,0.0,92.0,20.0,20.0,0.0,,,,,,,,,,,,,,11.4,57.73,11.4,False,FOLLOW,FOLLOW,,,flexible_commitment_switched,2,8.247708996350411,False,0,pending_first_line,{},"{""1"": 199.322, ""2"": 57.73, ""3"": 104.068, ""4"": 119.707, ""5"": 208.9, ""6"": 231.591}"
2.15,AUTO,85.95,280.0,-180.0,0.0,0.0,0.0,92.0,20.0,20.0,0.0,,,,,,,,,,,,,,11.4,58.597,11.4,False,FOLLOW,FOLLOW,,,flexible_commitment_switched,2,8.247708996350411,False,0,pending_first_line,{},"{""1"": 200.125, ""2"": 58.597, ""3"": 105.029, ""4"": 119.595, ""5"": 208.902, ""6"": 232.024}"
2.2,AUTO,84.95,280.0,-180.0,0.0,0.0,0.0,92.0,20.0,20.0,0.0,,,,,,,,,,,,,,11.4,59.469,11.4,False,FOLLOW,FOLLOW,,,flexible_commitment_switched,2,8.247708996350411,False,0,pending_first_line,{},"{""1"": 200.931, ""2"": 59.469, ""3"": 105.991, ""4"": 119.492, ""5"": 208.909, ""6"": 232.461}"
2.25,AUTO,83.95,280.0,-180.0,0.0,0.0,0.0,92.0,20.0,20.0,0.0,,,,,,,,,,,,,,11.4,60.345,11.4,False,FOLLOW,FOLLOW,,,flexible_commitment_switched,2,8.247708996350411,False,0,pending_first_line,{},"{""1"": 201.738, ""2"": 60.345, ""3"": 106.954, ""4"": 119.396, ""5"": 208.921, ""6"": 232.901}"
2.3,AUTO,82.95,280.0,-180.0,0.0,0.0,0.0,92.0,20.0,20.0,0.0,,,,,,,,,,,,,,11.4,61.225,11.4,False,FOLLOW,FOLLOW,,,flexible_commitment_switched,2,8.247708996350411,False,0,pending_first_line,{},"{""1"": 202.546, ""2"": 61.225, ""3"": 107.917, ""4"": 119.309, ""5"": 208.938, ""6"": 233.345}"
2.35,AUTO,81.95,280.0,-180.0,0.0,0.0,0.0,92.0,20.0,20.0,0.0,,,,,,,,,,,,,,11.4,62.108,11.4,False,FOLLOW,FOLLOW,,,flexible_commitment_switched,2,8.247708996350411,False,0,pending_first_line,{},"{""1"": 203.357, ""2"": 62.108, ""3"": 108.88, ""4"": 119.231, ""5"": 208.959, ""6"": 233.793}"
2.4,AUTO,80.95,280.0,-180.0,0.0,0.0,0.0,92.0,20.0,20.0,0.0,,,,,,,,,,,,,,11.4,62.995,11.4,False,FOLLOW,FOLLOW,,,flexible_commitment_switched,2,8.247708996350411,False,0,pending_first_line,{},"{""1"": 204.169, ""2"": 62.995, ""3"": 109.845, ""4"": 119.161, ""5"": 208.985, ""6"": 234.243}"
2.45,AUTO,79.95,280.0,-180.0,0.0,0.0,0.0,92.0,20.0,20.0,0.0,,,,,,,,,,,,,,11.4,63.886,11.4,False,FOLLOW,FOLLOW,,,flexible_commitment_switched,2,8.247708996350411,False,0,pending_first_line,{},"{""1"": 204.983, ""2"": 63.886, ""3"": 110.81, ""4"": 119.099, ""5"": 209.016, ""6"": 234.697}"
2.5,AUTO,78.95,280.0,-180.0,0.0,0.0,0.0,92.0,20.0,20.0,0.0,,,,,,,,,,,,,,11.4,64.779,11.4,False,FOLLOW,FOLLOW,,,flexible_commitment_switched,2,8.247708996350411,False,0,pending_first_line,{},"{""1"": 205.798, ""2"": 64.779, ""3"": 111.776, ""4"": 119.045, ""5"": 209.052, ""6"": 235.155}"
2.55,AUTO,77.95,280.0,-180.0,0.0,0.0,0.0,92.0,20.0,20.0,0.0,,,,,,,,,,,,,,11.4,65.675,11.4,False,FOLLOW,FOLLOW,,,flexible_commitment_switched,2,8.247708996350411,False,0,pending_first_line,{},"{""1"": 206.615, ""2"": 65.675, ""3"": 112.742, ""4"": 119.0, ""5"": 209.093, ""6"": 235.616}"
2.6,AUTO,76.95,280.0,-180.0,0.0,0.0,0.0,92.0,20.0,20.0,0.0,,,,,,,,,,,,,,11.4,66.575,11.4,False,FOLLOW,FOLLOW,,,keyboard_control,0,0.0,False,0,CLOCKWISE,{},"{""1"": 207.434, ""2"": 66.575, ""3"": 113.709, ""4"": 118.963, ""5"": 209.138, ""6"": 236.08}"
2.65,AUTO,75.838,279.993,-179.643,4.5,12.489,12.489,92.0,22.25,24.0,45.0,64.4,,,,,,,,,,,,,11.341,67.556,11.341,False,MANEUVERING,MANEUVERING,,,flexible_commitment_switched,4,180.942667000636,False,0,CLOCKWISE,{},"{""1"": 208.336, ""2"": 67.556, ""3"": 114.748, ""4"": 118.861, ""5"": 209.25, ""6"": 236.627}"
2.7,AUTO,74.638,279.969,-178.874,9.0,12.489,12.489,92.0,24.0,24.0,35.0,64.4,,,,,,,,,,,,,11.224,68.589,11.224,False,MANEUVERING,MANEUVERING,,,flexible_commitment_switched,4,180.942667000636,False,0,CLOCKWISE,{},"{""1"": 209.297, ""2"": 68.589, ""3"": 115.83, ""4"": 118.676, ""5"": 209.43, ""6"": 237.245}"
2.75,AUTO,73.439,279.924,-177.806,12.489,12.489,12.489,92.0,24.0,24.0,0.0,64.4,,,,,,,,,,,,,11.078,69.602,11.078,False,MANEUVERING,MANEUVERING,,,flexible_commitment_switched,4,180.942667000636,False,0,CLOCKWISE,{},"{""1"": 210.245, ""2"": 69.602, ""3"": 116.88, ""4"": 118.427, ""5"": 209.648, ""6"": 237.877}"
2.8,AUTO,72.241,279.855,-176.739,12.489,12.489,12.489,92.0,24.0,24.0,0.0,64.4,,,,,,,,,,,,,10.957,70.611,10.957,False,MANEUVERING,MANEUVERING,,,flexible_commitment_switched,4,180.942667000636,False,0,CLOCKWISE,{},"{""1"": 211.186, ""2"": 70.611, ""3"": 117.928, ""4"": 118.168, ""5"": 209.853, ""6"": 238.497}"
2.85,AUTO,71.044,279.765,-175.671,12.489,12.489,12.489,92.0,24.0,24.0,0.0,64.4,,,,,,,,,,,,,10.862,71.615,10.862,False,MANEUVERING,MANEUVERING,,,flexible_commitment_switched,4,180.942667000636,False,0,CLOCKWISE,{},"{""1"": 212.118, ""2"": 71.615, ""3"": 118.974, ""4"": 117.891, ""5"": 210.042, ""6"": 239.103}"
2.9,AUTO,69.849,279.652,-174.604,12.489,12.489,12.489,92.0,24.0,24.0,0.0,64.4,,,,,,,,,,,,,10.792,72.614,10.792,False,MANEUVERING,MANEUVERING,,,flexible_commitment_switched,4,180.942667000636,False,0,CLOCKWISE,{},"{""1"": 213.042, ""2"": 72.614, ""3"": 120.017, ""4"": 117.595, ""5"": 210.19, ""6"": 239.697}"
2.95,AUTO,68.657,279.517,-173.536,12.489,12.489,12.489,92.0,24.0,24.0,0.0,64.4,,,,,,,,,,,,,10.747,73.608,10.747,False,MANEUVERING,MANEUVERING,,,flexible_commitment_switched,4,180.942667000636,False,0,CLOCKWISE,{},"{""1"": 213.958, ""2"": 73.608, ""3"": 121.057, ""4"": 117.281, ""5"": 210.284, ""6"": 240.277}"
3.0,AUTO,67.467,279.359,-172.468,12.489,12.489,12.489,92.0,24.0,24.0,0.0,64.4,,,,,,,,,,,,,10.729,74.598,10.729,False,MANEUVERING,MANEUVERING,,,flexible_commitment_switched,4,180.942667000636,False,0,CLOCKWISE,{},"{""1"": 214.865, ""2"": 74.598, ""3"": 122.094, ""4"": 116.948, ""5"": 210.325, ""6"": 240.845}"
3.05,AUTO,66.281,279.18,-171.401,12.489,12.489,12.489,92.0,24.0,24.0,0.0,64.4,,,,,,,,,,,,,10.735,75.582,10.735,False,MANEUVERING,MANEUVERING,,,flexible_commitment_switched,4,180.942667000636,False,0,CLOCKWISE,{},"{""1"": 215.764, ""2"": 75.582, ""3"": 123.127, ""4"": 116.596, ""5"": 210.312, ""6"": 241.398}"
3.1,AUTO,65.098,278.979,-170.333,12.489,12.489,12.489,92.0,24.0,24.0,0.0,64.4,,,,,,,,,,,,,10.768,76.561,10.768,False,MANEUVERING,MANEUVERING,,,flexible_commitment_switched,4,180.942667000636,False,0,CLOCKWISE,{},"{""1"": 216.653, ""2"": 76.561, ""3"": 124.157, ""4"": 116.233, ""5"": 210.246, ""6"": 241.939}"
3.15,AUTO,63.919,278.755,-169.265,12.489,12.489,12.489,92.0,24.0,24.0,0.0,64.4,,,,,,,,,,,,,10.826,77.535,10.826,False,MANEUVERING,MANEUVERING,,,flexible_commitment_switched,4,180.942667000636,False,0,CLOCKWISE,{},"{""1"": 217.533, ""2"": 77.535, ""3"": 125.182, ""4"": 115.86, ""5"": 210.125, ""6"": 242.466}"
3.2,AUTO,62.744,278.51,-168.198,12.489,12.489,12.489,92.0,24.0,24.0,0.0,64.4,,,,,,,,,,,,,10.909,78.503,10.909,False,MANEUVERING,MANEUVERING,,,flexible_commitment_switched,4,180.942667000636,False,0,CLOCKWISE,{},"{""1"": 218.404, ""2"": 78.503, ""3"": 126.203, ""4"": 115.477, ""5"": 209.952, ""6"": 242.979}"
3.25,AUTO,61.574,278.242,-167.13,12.489,12.489,12.489,92.0,24.0,24.0,0.0,64.4,,,,,,,,,,,,,11.018,79.465,11.018,False,MANEUVERING,MANEUVERING,,,flexible_commitment_switched,4,180.942667000636,False,0,CLOCKWISE,{},"{""1"": 219.266, ""2"": 79.465, ""3"": 127.219, ""4"": 115.084, ""5"": 209.739, ""6"": 243.478}"
3.3,AUTO,60.412,277.945,-165.678,16.989,24.978,24.978,92.0,24.0,24.0,0.0,32.2,,,,,,,,,,,,,11.106,80.412,11.106,False,MANEUVERING,MANEUVERING,,,flexible_commitment_switched,5,40.88729100476485,False,0,CLOCKWISE,{},"{""1"": 220.124, ""2"": 80.412, ""3"": 128.209, ""4"": 114.615, ""5"": 209.434, ""6"": 244.008}"
3.35,AUTO,59.259,277.611,-163.841,21.489,24.978,24.978,92.0,24.0,24.0,0.0,32.2,,,,,,,,,,,,,11.185,81.343,11.185,False,MANEUVERING,MANEUVERING,,,flexible_commitment_switched,5,40.88729100476485,False,0,CLOCKWISE,{},"{""1"": 220.979, ""2"": 81.343, ""3"": 129.173, ""4"": 114.066, ""5"": 209.033, ""6"": 244.564}"
3.4,AUTO,58.12,277.235,-161.706,24.978,24.978,24.978,92.0,24.0,24.0,0.0,32.2,,,,,,,,,,,,,11.28,82.262,11.28,False,MANEUVERING,MANEUVERING,,,flexible_commitment_switched,5,40.88729100476485,False,0,CLOCKWISE,{},"{""1"": 221.829, ""2"": 82.262, ""3"": 130.12, ""4"": 113.449, ""5"": 208.551, ""6"": 245.135}"
3.45,AUTO,56.995,276.816,-159.57,24.978,24.978,24.978,92.0,24.0,24.0,0.0,32.2,,,,,,,,,,,,,11.434,83.172,11.434,False,MANEUVERING,MANEUVERING,,,flexible_commitment_switched,5,40.88729100476485,False,0,CLOCKWISE,{},"{""1"": 222.663, ""2"": 83.172, ""3"": 131.061, ""4"": 112.809, ""5"": 208.04, ""6"": 245.679}"
3.5,AUTO,55.887,276.355,-157.435,24.978,24.978,24.978,92.0,24.0,24.0,0.0,32.2,,,,,,,,,,,,,11.645,84.071,11.645,False,MANEUVERING,MANEUVERING,,,flexible_commitment_switched,5,40.88729100476485,False,0,CLOCKWISE,{},"{""1"": 223.48, ""2"": 84.071, ""3"": 131.995, ""4"": 112.147, ""5"": 207.503, ""6"": 246.196}"
3.55,AUTO,54.797,275.854,-155.3,24.978,24.978,24.978,92.0,24.0,24.0,0.0,32.2,,,,,,,,,,,,,11.914,84.96,11.914,False,MANEUVERING,MANEUVERING,,,flexible_commitment_switched,5,40.88729100476485,False,0,CLOCKWISE,{},"{""1"": 224.28, ""2"": 84.96, ""3"": 132.922, ""4"": 111.463, ""5"": 206.938, ""6"": 246.686}"
3.6,AUTO,53.726,275.312,-153.165,24.978,24.978,24.978,92.0,24.0,24.0,0.0,32.2,,,,,,,,,,,,,12.24,85.836,12.24,False,MANEUVERING,MANEUVERING,,,flexible_commitment_switched,5,40.88729100476485,False,0,CLOCKWISE,{},"{""1"": 225.061, ""2"": 85.836, ""3"": 133.841, ""4"": 110.758, ""5"": 206.347, ""6"": 247.147}"
3.65,AUTO,52.676,274.731,-151.029,24.978,24.978,24.978,92.0,24.0,24.0,0.0,32.2,,,,,,,,,,,,,12.623,86.7,12.623,False,MANEUVERING,MANEUVERING,,,flexible_commitment_switched,5,40.88729100476485,False,0,CLOCKWISE,{},"{""1"": 225.822, ""2"": 86.7, ""3"": 134.75, ""4"": 110.032, ""5"": 205.731, ""6"": 247.58}"
3.7,AUTO,51.649,274.111,-148.894,24.978,24.978,24.978,92.0,24.0,24.0,0.0,32.2,,,,,,,,,,,,,13.062,87.549,13.062,False,MANEUVERING,MANEUVERING,,,flexible_commitment_switched,5,40.88729100476485,False,0,CLOCKWISE,{},"{""1"": 226.563, ""2"": 87.549, ""3"": 135.648, ""4"": 109.286, ""5"": 205.09, ""6"": 247.984}"
3.75,AUTO,50.645,273.453,-146.759,24.978,24.978,24.978,92.0,24.0,24.0,0.0,32.2,,,,,,,,,,,,,13.557,88.385,13.557,False,MANEUVERING,MANEUVERING,,,flexible_commitment_switched,5,40.88729100476485,False,0,CLOCKWISE,{},"{""1"": 227.282, ""2"": 88.385, ""3"": 136.534, ""4"": 108.521, ""5"": 204.424, ""6"": 248.336}"
3.8,AUTO,49.667,272.759,-144.624,24.978,24.978,24.978,92.0,24.0,24.0,0.0,32.2,,,,,,,,,,,,,14.107,89.205,14.107,False,MANEUVERING,MANEUVERING,,,flexible_commitment_switched,5,40.88729100476485,False,0,CLOCKWISE,{},"{""1"": 227.98, ""2"": 89.205, ""3"": 137.407, ""4"": 107.737, ""5"": 203.735, ""6"": 248.425}"
3.85,AUTO,48.715,272.028,-142.488,24.978,24.978,24.978,92.0,24.0,24.0,0.0,32.2,,,,,,,,,,,,,14.711,90.009,14.711,False,MANEUVERING,MANEUVERING,,,flexible_commitment_switched,5,40.88729100476485,False,0,CLOCKWISE,{},"{""1"": 228.655, ""2"": 90.009, ""3"": 138.267, ""4"": 106.935, ""5"": 203.022, ""6"": 248.202}"
3.9,AUTO,47.791,271.262,-140.353,24.978,24.978,24.978,92.0,24.0,24.0,0.0,32.2,,,,,,,,,,,,,15.368,90.797,15.368,False,MANEUVERING,MANEUVERING,,,flexible_commitment_switched,5,40.88729100476485,False,0,CLOCKWISE,{},"{""1"": 229.306, ""2"": 90.797, ""3"": 139.112, ""4"": 106.116, ""5"": 202.288, ""6"": 247.777}"
3.95,AUTO,46.896,270.463,-138.218,24.978,24.978,24.978,92.0,24.0,24.0,0.0,32.2,,,,,,,,,,,,,16.078,91.568,16.078,False,MANEUVERING,MANEUVERING,,,flexible_commitment_switched,5,18.105875002220273,False,0,CLOCKWISE,{},"{""1"": 229.933, ""2"": 91.568, ""3"": 139.941, ""4"": 105.28, ""5"": 201.532, ""6"": 247.32}"
4.0,AUTO,46.032,269.63,-136.083,24.978,24.978,24.978,92.0,24.0,24.0,0.0,32.2,,,,,,,,,,,,,16.84,92.321,16.84,False,MANEUVERING,MANEUVERING,,,flexible_commitment_switched,5,18.105875002220273,False,0,CLOCKWISE,{},"{""1"": 230.536, ""2"": 92.321, ""3"": 140.754, ""4"": 104.428, ""5"": 200.756, ""6"": 246.834}"
4.05,AUTO,45.199,268.766,-133.947,24.978,24.978,24.978,92.0,24.0,24.0,0.0,32.2,,,,,,,,,,,,,17.652,93.055,17.652,False,MANEUVERING,MANEUVERING,,,flexible_commitment_switched,5,18.105875002220273,False,0,CLOCKWISE,{},"{""1"": 231.112, ""2"": 93.055, ""3"": 141.55, ""4"": 103.561, ""5"": 199.96, ""6"": 246.32}"
4.1,AUTO,44.399,267.872,-131.812,24.978,24.978,24.978,92.0,24.0,24.0,0.0,32.2,,,,,,,,,,,,,18.513,93.77,18.513,False,MANEUVERING,MANEUVERING,,,flexible_commitment_switched,5,18.105875002220273,False,0,CLOCKWISE,{},"{""1"": 231.663, ""2"": 93.77, ""3"": 142.327, ""4"": 102.68, ""5"": 199.145, ""6"": 245.778}"
4.15,AUTO,43.633,266.948,-129.677,24.978,24.978,24.978,92.0,24.0,24.0,0.0,32.2,,,,,,,,,,,,,19.422,94.466,19.422,False,MANEUVERING,MANEUVERING,,,flexible_commitment_switched,5,18.105875002220273,False,0,CLOCKWISE,{},"{""1"": 232.186, ""2"": 94.466, ""3"": 143.086, ""4"": 101.786, ""5"": 198.312, ""6"": 245.21}"
4.2,AUTO,42.901,265.997,-127.542,24.978,24.978,24.978,92.0,24.0,24.0,0.0,32.2,,,,,,,,,,,,,20.378,95.142,20.378,False,MANEUVERING,MANEUVERING,,,flexible_commitment_switched,5,18.105875002220273,False,0,CLOCKWISE,{},"{""1"": 232.683, ""2"": 95.142, ""3"": 143.825, ""4"": 100.879, ""5"": 197.462, ""6"": 244.614}"
4.25,AUTO,42.206,265.019,-125.406,24.978,24.978,24.978,92.0,24.0,24.0,0.0,32.2,,,,,,,,,,,,,21.379,95.797,21.379,False,MANEUVERING,MANEUVERING,,,flexible_commitment_switched,5,18.105875002220273,False,0,CLOCKWISE,{},"{""1"": 233.152, ""2"": 95.797, ""3"": 144.544, ""4"": 99.961, ""5"": 196.596, ""6"": 243.993}"
4.3,AUTO,41.548,264.015,-123.271,24.978,24.978,24.978,92.0,24.0,24.0,0.0,32.2,,,,,,,,,,,,,22.425,96.431,22.425,False,MANEUVERING,MANEUVERING,,,flexible_commitment_switched,5,18.105875002220273,False,0,CLOCKWISE,{},"{""1"": 233.592, ""2"": 96.431, ""3"": 145.241, ""4"": 99.033, ""5"": 195.716, ""6"": 243.346}"
4.35,AUTO,40.927,262.988,-121.136,24.978,24.978,24.978,92.0,24.0,24.0,0.0,32.2,,,,,,,,,,,,,23.513,97.044,23.513,False,MANEUVERING,MANEUVERING,,,flexible_commitment_switched,5,18.105875002220273,False,0,CLOCKWISE,{},"{""1"": 234.004, ""2"": 97.044, ""3"": 145.917, ""4"": 98.095, ""5"": 194.821, ""6"": 242.675}"
4.4,AUTO,40.346,261.939,-119.001,24.978,24.978,24.978,92.0,24.0,24.0,0.0,32.2,,,,,,,,,,,,,24.643,97.148,24.643,False,MANEUVERING,MANEUVERING,,,flexible_commitment_switched,5,18.105875002220273,False,0,CLOCKWISE,{},"{""1"": 234.384, ""2"": 97.634, ""3"": 146.571, ""4"": 97.148, ""5"": 193.913, ""6"": 241.98}"
4.45,AUTO,39.803,260.868,-116.865,24.978,24.978,24.978,92.0,24.0,24.0,0.0,32.2,,,,,,,,,,,,,25.812,96.194,25.812,False,MANEUVERING,MANEUVERING,,,flexible_commitment_switched,5,18.105875002220273,False,0,CLOCKWISE,{},"{""1"": 234.572, ""2"": 98.203, ""3"": 147.202, ""4"": 96.194, ""5"": 192.993, ""6"": 241.261}"
4.5,AUTO,39.301,259.778,-114.73,24.978,24.978,24.978,92.0,24.0,24.0,0.0,32.2,,,,,,,,,,,,,27.019,95.234,27.019,False,MANEUVERING,MANEUVERING,,,flexible_commitment_switched,5,18.105875002220273,False,0,CLOCKWISE,{},"{""1"": 234.467, ""2"": 98.748, ""3"": 147.809, ""4"": 95.234, ""5"": 192.063, ""6"": 240.521}"
4.55,AUTO,38.84,258.67,-112.595,24.978,24.978,24.978,92.0,24.0,24.0,0.0,32.2,,,,,,,,,,,,,26.837,94.269,26.837,False,MANEUVERING,MANEUVERING,,,flexible_commitment_switched,5,18.105875002220273,False,0,CLOCKWISE,{},"{""1"": 234.094, ""2"": 99.271, ""3"": 148.392, ""4"": 94.269, ""5"": 191.123, ""6"": 239.759}"
4.6,AUTO,38.421,257.546,-110.46,24.978,24.978,24.978,92.0,24.0,24.0,0.0,32.2,,,,,,,,,,,,,26.667,93.3,26.667,False,MANEUVERING,MANEUVERING,,,flexible_commitment_switched,5,53.298166996682994,False,0,CLOCKWISE,{},"{""1"": 233.65, ""2"": 99.769, ""3"": 148.951, ""4"": 93.3, ""5"": 190.174, ""6"": 238.977}"
4.65,AUTO,38.043,256.407,-108.324,24.978,24.978,24.978,92.0,24.0,24.0,0.0,32.2,,,,,,,,,,,,,26.555,92.329,26.555,False,MANEUVERING,MANEUVERING,,,flexible_commitment_switched,5,53.298166996682994,False,0,CLOCKWISE,{},"{""1"": 233.177, ""2"": 100.244, ""3"": 149.485, ""4"": 92.329, ""5"": 189.218, ""6"": 238.174}"
4.7,AUTO,37.709,255.255,-106.189,24.978,24.978,24.978,92.0,24.0,24.0,0.0,32.2,,,,,,,,,,,,,26.502,91.356,26.502,False,MANEUVERING,MANEUVERING,,,flexible_commitment_switched,5,53.298166996682994,False,0,CLOCKWISE,{},"{""1"": 232.676, ""2"": 100.695, ""3"": 149.993, ""4"": 91.356, ""5"": 188.257, ""6"": 237.354}"
4.75,AUTO,37.418,254.091,-104.054,24.978,24.978,24.978,92.0,24.0,24.0,0.0,32.2,,,,,,,,,,,,,26.507,90.383,26.507,False,MANEUVERING,MANEUVERING,,,flexible_commitment_switched,5,53.298166996682994,False,0,CLOCKWISE,{},"{""1"": 232.147, ""2"": 101.121, ""3"": 150.475, ""4"": 90.383, ""5"": 187.29, ""6"": 236.515}"
4.8,AUTO,37.17,252.916,-101.919,24.978,24.978,24.978,92.0,24.0,24.0,0.0,32.2,,,,,,,,,,,,,26.571,89.412,26.571,False,MANEUVERING,MANEUVERING,,,flexible_commitment_switched,5,53.298166996682994,False,0,CLOCKWISE,{},"{""1"": 231.591, ""2"": 101.523, ""3"": 150.931, ""4"": 89.412, ""5"": 186.32, ""6"": 235.659}"
4.85,AUTO,36.966,251.734,-99.783,24.978,24.978,24.978,92.0,24.0,24.0,0.0,32.2,,,,,,,,,,,,,26.694,88.443,26.694,False,MANEUVERING,MANEUVERING,,,flexible_commitment_switched,5,53.298166996682994,False,0,CLOCKWISE,{},"{""1"": 231.008, ""2"": 101.896, ""3"": 151.36, ""4"": 88.443, ""5"": 185.348, ""6"": 234.788}"
4.9,AUTO,36.806,250.545,-97.648,24.978,24.978,24.978,92.0,24.0,24.0,0.0,32.2,,,,,,,,,,,,,26.875,87.479,26.875,False,MANEUVERING,MANEUVERING,,,flexible_commitment_switched,5,53.298166996682994,False,0,CLOCKWISE,{},"{""1"": 230.399, ""2"": 102.18, ""3"": 151.762, ""4"": 87.479, ""5"": 184.375, ""6"": 233.901}"
4.95,AUTO,36.691,249.35,-95.513,24.978,24.978,24.978,92.0,24.0,24.0,0.0,32.2,,,,,,,,,,,,,27.115,86.521,27.115,False,MANEUVERING,MANEUVERING,,,flexible_commitment_switched,5,53.298166996682994,False,0,CLOCKWISE,{},"{""1"": 229.765, ""2"": 102.355, ""3"": 152.123, ""4"": 86.521, ""5"": 183.403, ""6"": 233.001}"
5.0,AUTO,36.62,248.152,-93.378,24.978,24.978,24.978,92.0,24.0,24.0,0.0,32.2,,,,,,,,,,,,,27.412,85.57,27.412,False,MANEUVERING,MANEUVERING,,,flexible_commitment_switched,5,53.298166996682994,False,0,CLOCKWISE,{},"{""1"": 229.105, ""2"": 102.42, ""3"": 152.333, ""4"": 85.57, ""5"": 182.432, ""6"": 232.089}"
5.05,AUTO,36.594,246.952,-91.242,24.978,24.978,24.978,92.0,24.0,24.0,0.0,32.2,,,,,,,,,,,,,27.767,84.627,27.767,False,MANEUVERING,MANEUVERING,,,flexible_commitment_switched,5,53.298166996682994,False,0,CLOCKWISE,{},"{""1"": 228.422, ""2"": 102.376, ""3"": 152.365, ""4"": 84.627, ""5"": 181.465, ""6"": 231.165}"
5.1,AUTO,36.613,245.753,-89.107,24.978,24.978,24.978,92.0,24.0,24.0,0.0,32.2,,,,,,,,,,,,,27.849,83.696,27.849,False,MANEUVERING,MANEUVERING,,,flexible_commitment_switched,5,53.298166996682994,False,0,CLOCKWISE,{},"{""1"": 227.716, ""2"": 102.145, ""3"": 152.139, ""4"": 83.696, ""5"": 180.503, ""6"": 230.23}"
5.15,AUTO,36.676,244.554,-86.972,24.978,24.978,24.978,92.0,24.0,24.0,0.0,32.2,,,,,,,,,,,,,27.53,82.776,27.53,False,MANEUVERING,MANEUVERING,,,flexible_commitment_switched,5,53.298166996682994,False,0,CLOCKWISE,{},"{""1"": 226.986, ""2"": 101.723, ""3"": 151.708, ""4"": 82.776, ""5"": 179.546, ""6"": 229.286}"
5.2,AUTO,36.784,243.359,-84.837,24.978,24.978,24.978,92.0,24.0,24.0,0.0,32.2,,,,,,,,,,,,,27.267,81.871,27.267,False,MANEUVERING,MANEUVERING,,,flexible_commitment_switched,5,53.298166996682994,False,0,CLOCKWISE,{},"{""1"": 226.235, ""2"": 101.274, ""3"": 151.249, ""4"": 81.871, ""5"": 178.597, ""6"": 228.335}"
5.25,AUTO,36.929,242.168,-83.086,20.478,0.0,0.0,92.0,24.0,24.0,0.0,,,,,,,,,,,,,,27.118,80.924,27.118,False,FOLLOW,FOLLOW,,,flexible_commitment_switched,5,62.51508300192654,False,0,CLOCKWISE,{},"{""1"": 225.506, ""2"": 100.875, ""3"": 150.837, ""4"": 80.924, ""5"": 177.613, ""6"": 227.373}"
5.3,AUTO,37.101,240.98,-81.72,15.978,0.0,0.0,92.0,24.0,24.0,0.0,,,,,,,,,,,,,,27.068,79.921,27.068,False,FOLLOW,FOLLOW,,,flexible_commitment_switched,5,62.51508300192654,False,0,CLOCKWISE,{},"{""1"": 224.799, ""2"": 100.53, ""3"": 150.475, ""4"": 79.921, ""5"": 176.589, ""6"": 226.399}"
5.35,AUTO,37.295,239.796,-80.739,11.478,0.0,0.0,92.0,24.0,24.0,0.0,,,,,,,,,,,,,,27.105,78.835,27.105,False,FOLLOW,FOLLOW,,,flexible_commitment_switched,5,62.51508300192654,False,0,CLOCKWISE,{},"{""1"": 224.117, ""2"": 100.244, ""3"": 150.168, ""4"": 78.835, ""5"": 175.52, ""6"": 225.412}"
5.4,AUTO,37.5,238.614,-80.143,6.978,0.0,0.0,92.0,24.0,24.0,0.0,,,,,,,,,,,,,,27.217,77.691,27.217,False,FOLLOW,FOLLOW,,,flexible_commitment_switched,5,62.51508300192654,False,0,CLOCKWISE,{},"{""1"": 223.463, ""2"": 100.024, ""3"": 149.921, ""4"": 77.691, ""5"": 174.404, ""6"": 224.41}"
5.45,AUTO,37.71,237.432,-79.931,2.478,0.0,0.0,92.0,24.0,24.0,0.0,,,,,,,,,,,,,,27.393,76.509,27.393,False,FOLLOW,FOLLOW,,,flexible_commitment_switched,5,62.51508300192654,False,0,CLOCKWISE,{},"{""1"": 222.843, ""2"": 99.878, ""3"": 149.743, ""4"": 76.509, ""5"": 173.238, ""6"": 223.397}"
5.5,AUTO,37.92,236.251,-79.931,0.0,0.0,0.0,92.0,24.0,24.0,0.0,,,,,,,,,,,,,,27.603,75.309,27.603,False,FOLLOW,FOLLOW,,,flexible_commitment_switched,5,62.51508300192654,False,0,CLOCKWISE,{},"{""1"": 222.245, ""2"": 99.782, ""3"": 149.609, ""4"": 75.309, ""5"": 172.046, ""6"": 222.38}"
5.55,AUTO,38.129,235.069,-79.931,0.0,0.0,0.0,92.0,24.0,24.0,0.0,,,,,,,,,,,,,,27.813,74.109,27.813,False,FOLLOW,FOLLOW,,,flexible_commitment_switched,5,62.51508300192654,False,0,CLOCKWISE,{},"{""1"": 221.652, ""2"": 99.701, ""3"": 149.485, ""4"": 74.109, ""5"": 170.854, ""6"": 221.364}"
5.6,AUTO,38.339,233.888,-79.931,0.0,0.0,0.0,92.0,24.0,24.0,0.0,,,,,,,,,,,,,,28.023,72.909,28.023,False,FOLLOW,FOLLOW,,,flexible_commitment_switched,5,62.51508300192654,False,0,CLOCKWISE,{},"{""1"": 221.064, ""2"": 99.634, ""3"": 149.37, ""4"": 72.909, ""5"": 169.662, ""6"": 220.35}"
5.65,AUTO,38.549,232.706,-79.931,0.0,0.0,0.0,92.0,24.0,24.0,0.0,,,,,,,,,,,,,,28.233,71.709,28.233,False,FOLLOW,FOLLOW,,,flexible_commitment_switched,5,62.51508300192654,False,0,CLOCKWISE,{},"{""1"": 220.481, ""2"": 99.582, ""3"": 149.265, ""4"": 71.709, ""5"": 168.47, ""6"": 219.338}"
5.7,AUTO,38.759,231.525,-79.931,0.0,0.0,0.0,92.0,24.0,24.0,0.0,,,,,,,,,,,,,,28.442,70.509,28.442,False,FOLLOW,FOLLOW,,,flexible_commitment_switched,5,62.51508300192654,False,0,CLOCKWISE,{},"{""1"": 219.903, ""2"": 99.544, ""3"": 149.169, ""4"": 70.509, ""5"": 167.279, ""6"": 218.328}"
5.75,AUTO,38.969,230.343,-79.931,0.0,0.0,0.0,92.0,24.0,24.0,0.0,,,,,,,,,,,,,,28.652,69.309,28.652,False,FOLLOW,FOLLOW,,,flexible_commitment_switched,5,62.51508300192654,False,0,CLOCKWISE,{},"{""1"": 219.33, ""2"": 99.52, ""3"": 149.083, ""4"": 69.309, ""5"": 166.087, ""6"": 217.32}"
5.8,AUTO,39.178,229.162,-79.931,0.0,0.0,0.0,92.0,24.0,24.0,0.0,,,,,,,,,,,,,,28.862,68.109,28.862,False,FOLLOW,FOLLOW,,,flexible_commitment_switched,5,62.51508300192654,False,0,CLOCKWISE,{},"{""1"": 218.762, ""2"": 99.511, ""3"": 149.007, ""4"": 68.109, ""5"": 164.896, ""6"": 216.314}"
5.85,AUTO,39.388,227.98,-79.931,0.0,0.0,0.0,92.0,24.0,24.0,0.0,,,,,,,,,,,,,,29.072,66.909,29.072,False,FOLLOW,FOLLOW,,,flexible_commitment_switched,5,62.51508300192654,False,0,CLOCKWISE,{},"{""1"": 218.199, ""2"": 99.511, ""3"": 148.94, ""4"": 66.909, ""5"": 163.704, ""6"": 215.309}"
5.9,AUTO,39.598,226.799,-79.931,0.0,0.0,0.0,92.0,24.0,24.0,0.0,,,,,,,,,,,,,,29.282,65.709,29.282,False,FOLLOW,FOLLOW,,,flexible_commitment_switched,5,53.024957996967714,False,0,CLOCKWISE,{},"{""1"": 217.641, ""2"": 99.511, ""3"": 148.883, ""4"": 65.709, ""5"": 162.513, ""6"": 214.307}"
5.95,AUTO,39.808,225.617,-79.931,0.0,0.0,0.0,92.0,24.0,24.0,0.0,,,,,,,,,,,,,,29.491,64.509,29.491,False,FOLLOW,FOLLOW,,,flexible_commitment_switched,5,53.024957996967714,False,0,CLOCKWISE,{},"{""1"": 217.089, ""2"": 99.511, ""3"": 148.835, ""4"": 64.509, ""5"": 161.322, ""6"": 213.307}"
6.0,AUTO,40.018,224.436,-79.931,0.0,0.0,0.0,92.0,24.0,24.0,0.0,,,,,,,,,,,,,,29.701,63.309,29.701,False,FOLLOW,FOLLOW,,,flexible_commitment_switched,5,53.024957996967714,False,0,CLOCKWISE,{},"{""1"": 216.541, ""2"": 99.511, ""3"": 148.797, ""4"": 63.309, ""5"": 160.131, ""6"": 212.309}"
6.05,AUTO,40.227,223.254,-79.931,0.0,0.0,0.0,92.0,24.0,24.0,0.0,,,,,,,,,,,,,,29.911,62.109,29.911,False,FOLLOW,FOLLOW,,,flexible_commitment_switched,5,53.024957996967714,False,0,CLOCKWISE,{},"{""1"": 215.999, ""2"": 99.511, ""3"": 148.769, ""4"": 62.109, ""5"": 158.94, ""6"": 211.313}"
6.1,AUTO,40.437,222.073,-79.931,0.0,0.0,0.0,92.0,24.0,24.0,0.0,,,,,,,,,,,,,,30.121,60.909,30.121,False,FOLLOW,FOLLOW,,,flexible_commitment_switched,5,53.024957996967714,False,0,CLOCKWISE,{},"{""1"": 215.463, ""2"": 99.511, ""3"": 148.751, ""4"": 60.909, ""5"": 157.749, ""6"": 210.319}"
6.15,AUTO,40.647,220.891,-79.931,0.0,0.0,0.0,92.0,24.0,24.0,0.0,,,,,,,,,,,,,,30.331,59.709,30.331,False,FOLLOW,FOLLOW,,,flexible_commitment_switched,5,53.024957996967714,False,0,CLOCKWISE,{},"{""1"": 214.931, ""2"": 99.511, ""3"": 148.742, ""4"": 59.709, ""5"": 156.559, ""6"": 209.327}"
6.2,AUTO,40.857,219.709,-79.931,0.0,0.0,0.0,92.0,24.0,24.0,0.0,,,,,,,,,,,,,,30.54,58.509,30.54,False,FOLLOW,FOLLOW,,,flexible_commitment_switched,5,53.024957996967714,False,0,CLOCKWISE,{},"{""1"": 214.405, ""2"": 99.511, ""3"": 148.741, ""4"": 58.509, ""5"": 155.368, ""6"": 208.338}"
6.25,AUTO,41.067,218.528,-79.931,0.0,0.0,0.0,92.0,24.0,24.0,0.0,,,,,,,,,,,,,,30.75,57.309,30.75,False,FOLLOW,FOLLOW,,,flexible_commitment_switched,5,53.024957996967714,False,0,CLOCKWISE,{},"{""1"": 213.885, ""2"": 99.511, ""3"": 148.741, ""4"": 57.309, ""5"": 154.178, ""6"": 207.351}"
6.3,AUTO,41.276,217.346,-79.931,0.0,0.0,0.0,92.0,24.0,24.0,0.0,,,,,,,,,,,,,,30.96,56.109,30.96,False,FOLLOW,FOLLOW,,,flexible_commitment_switched,5,53.024957996967714,False,0,CLOCKWISE,{},"{""1"": 213.37, ""2"": 99.511, ""3"": 148.741, ""4"": 56.109, ""5"": 152.988, ""6"": 206.366}"
6.35,AUTO,41.486,216.165,-79.931,0.0,0.0,0.0,92.0,24.0,24.0,0.0,,,,,,,,,,,,,,31.17,54.909,31.17,False,FOLLOW,FOLLOW,,,flexible_commitment_switched,5,53.024957996967714,False,0,CLOCKWISE,{},"{""1"": 212.861, ""2"": 99.511, ""3"": 148.741, ""4"": 54.909, ""5"": 151.798, ""6"": 205.383}"
6.4,AUTO,41.696,214.983,-79.931,0.0,0.0,0.0,92.0,24.0,24.0,0.0,,,,,,,,,,,,,,31.38,53.709,31.38,False,FOLLOW,FOLLOW,,,flexible_commitment_switched,5,53.024957996967714,False,0,CLOCKWISE,{},"{""1"": 212.357, ""2"": 99.511, ""3"": 148.741, ""4"": 53.709, ""5"": 150.608, ""6"": 204.402}"
6.45,AUTO,41.906,213.802,-79.931,0.0,0.0,0.0,92.0,24.0,24.0,0.0,,,,,,,,,,,,,,31.589,52.509,31.589,False,FOLLOW,FOLLOW,,,flexible_commitment_switched,5,53.024957996967714,False,0,CLOCKWISE,{},"{""1"": 211.858, ""2"": 99.511, ""3"": 148.741, ""4"": 52.509, ""5"": 149.419, ""6"": 203.424}"
6.5,AUTO,42.116,212.62,-79.931,0.0,0.0,0.0,92.0,24.0,24.0,0.0,,,,,,,,,,,,,,31.799,51.309,31.799,False,FOLLOW,FOLLOW,,,flexible_commitment_switched,5,53.024957996967714,False,0,CLOCKWISE,{},"{""1"": 211.366, ""2"": 99.511, ""3"": 148.741, ""4"": 51.309, ""5"": 148.229, ""6"": 202.449}"
6.55,AUTO,42.325,211.439,-79.931,0.0,0.0,0.0,92.0,24.0,24.0,0.0,,,,,,,,,,,,,,32.009,50.109,32.009,False,FOLLOW,FOLLOW,,,flexible_commitment_kept,5,54.05837499711197,False,0,CLOCKWISE,{},"{""1"": 210.879, ""2"": 99.511, ""3"": 148.741, ""4"": 50.109, ""5"": 147.04, ""6"": 201.475}"
6.6,AUTO,42.535,210.257,-79.931,0.0,0.0,0.0,92.0,24.0,24.0,0.0,,,,,,,,,,,,,,32.219,48.909,32.219,False,FOLLOW,FOLLOW,,,flexible_commitment_kept,5,54.05837499711197,False,0,CLOCKWISE,{},"{""1"": 210.398, ""2"": 99.511, ""3"": 148.741, ""4"": 48.909, ""5"": 145.851, ""6"": 200.505}"
6.65,AUTO,42.745,209.076,-79.931,0.0,0.0,0.0,92.0,24.0,24.0,0.0,,,,,,,,,,,,,,32.429,47.709,32.429,False,FOLLOW,FOLLOW,,,flexible_commitment_kept,5,54.05837499711197,False,0,CLOCKWISE,{},"{""1"": 209.922, ""2"": 99.511, ""3"": 148.741, ""4"": 47.709, ""5"": 144.662, ""6"": 199.536}"
6.7,AUTO,42.955,207.894,-79.931,0.0,0.0,0.0,92.0,24.0,24.0,0.0,,,,,,,,,,,,,,32.638,46.509,32.638,False,FOLLOW,FOLLOW,,,flexible_commitment_kept,5,54.05837499711197,False,0,CLOCKWISE,{},"{""1"": 209.452, ""2"": 99.511, ""3"": 148.741, ""4"": 46.509, ""5"": 143.473, ""6"": 198.571}"
6.75,AUTO,43.165,206.713,-79.931,0.0,0.0,0.0,92.0,24.0,24.0,0.0,,,,,,,,,,,,,,32.848,45.309,32.848,False,FOLLOW,FOLLOW,,,flexible_commitment_kept,5,54.05837499711197,False,0,CLOCKWISE,{},"{""1"": 208.988, ""2"": 99.522, ""3"": 148.741, ""4"": 45.309, ""5"": 142.285, ""6"": 197.607}"
6.8,AUTO,43.375,205.531,-79.931,0.0,0.0,0.0,92.0,24.0,24.0,0.0,,,,,,,,,,,,,,33.058,44.109,33.058,False,FOLLOW,FOLLOW,,,flexible_commitment_kept,5,54.05837499711197,False,0,CLOCKWISE,{},"{""1"": 208.53, ""2"": 99.548, ""3"": 148.741, ""4"": 44.109, ""5"": 141.096, ""6"": 196.647}"
6.85,AUTO,43.584,204.35,-79.931,0.0,0.0,0.0,92.0,24.0,24.0,0.0,,,,,,,,,,,,,,33.268,42.909,33.268,False,FOLLOW,FOLLOW,,,flexible_commitment_kept,5,54.05837499711197,False,0,CLOCKWISE,{},"{""1"": 208.078, ""2"": 99.587, ""3"": 148.741, ""4"": 42.909, ""5"": 139.908, ""6"": 195.689}"
6.9,AUTO,43.794,203.168,-79.931,0.0,0.0,0.0,92.0,24.0,24.0,0.0,,,,,,,,,,,,,,33.478,41.709,33.478,False,FOLLOW,FOLLOW,,,flexible_commitment_kept,5,54.05837499711197,False,0,CLOCKWISE,{},"{""1"": 207.632, ""2"": 99.641, ""3"": 148.741, ""4"": 41.709, ""5"": 138.72, ""6"": 194.734}"
6.95,AUTO,44.004,201.987,-79.931,0.0,0.0,0.0,92.0,24.0,24.0,0.0,,,,,,,,,,,,,,33.687,40.509,33.687,False,FOLLOW,FOLLOW,,,flexible_commitment_kept,5,54.05837499711197,False,0,CLOCKWISE,{},"{""1"": 207.192, ""2"": 99.71, ""3"": 148.741, ""4"": 40.509, ""5"": 137.532, ""6"": 193.781}"
7.0,AUTO,44.214,200.805,-79.931,0.0,0.0,0.0,92.0,24.0,24.0,0.0,,,,,,,,,,,,,,33.897,39.309,33.897,False,FOLLOW,FOLLOW,,,flexible_commitment_kept,5,54.05837499711197,False,0,CLOCKWISE,{},"{""1"": 206.758, ""2"": 99.793, ""3"": 148.741, ""4"": 39.309, ""5"": 136.345, ""6"": 192.831}"
7.05,AUTO,44.424,199.624,-79.931,0.0,0.0,0.0,92.0,24.0,24.0,0.0,,,,,,,,,,,,,,34.107,38.109,34.107,False,FOLLOW,FOLLOW,,,flexible_commitment_kept,5,54.05837499711197,False,0,CLOCKWISE,{},"{""1"": 206.33, ""2"": 99.89, ""3"": 148.741, ""4"": 38.109, ""5"": 135.158, ""6"": 191.884}"
7.1,AUTO,44.633,198.442,-79.931,0.0,0.0,0.0,92.0,24.0,24.0,0.0,,,,,,,,,,,,,,34.317,36.909,34.317,False,FOLLOW,FOLLOW,,,flexible_commitment_kept,5,54.05837499711197,False,0,CLOCKWISE,{},"{""1"": 205.908, ""2"": 100.002, ""3"": 148.745, ""4"": 36.909, ""5"": 133.97, ""6"": 190.94}"
7.15,AUTO,44.843,197.261,-79.931,0.0,0.0,0.0,92.0,24.0,24.0,0.0,,,,,,,,,,,,,,34.527,35.709,34.527,False,FOLLOW,FOLLOW,,,flexible_commitment_kept,5,54.05837499711197,False,0,CLOCKWISE,{},"{""1"": 205.492, ""2"": 100.128, ""3"": 148.759, ""4"": 35.709, ""5"": 132.784, ""6"": 189.999}"
7.2,AUTO,45.045,196.078,-80.305,-4.5,-19.231,-19.231,92.0,24.0,24.0,0.0,43.0,,,,,,,,,,,,,34.478,34.478,34.787,False,MANEUVERING,MANEUVERING,,,flexible_commitment_switched,5,64.46862500160933,False,0,CLOCKWISE,{},"{""1"": 205.136, ""2"": 100.214, ""3"": 148.724, ""4"": 34.478, ""5"": 131.553, ""6"": 189.065}"
7.25,AUTO,45.232,194.892,-81.053,-9.0,-19.231,-19.231,92.0,24.0,24.0,0.0,43.0,,,,,,,,,,,,,33.21,33.21,35.092,False,MANEUVERING,MANEUVERING,,,flexible_commitment_switched,5,64.46862500160933,False,0,CLOCKWISE,{},"{""1"": 204.85, ""2"": 100.273, ""3"": 148.648, ""4"": 33.21, ""5"": 130.283, ""6"": 188.147}"
7.3,AUTO,45.395,193.704,-82.176,-13.5,-19.231,-19.231,92.0,24.0,24.0,0.0,43.0,,,,,,,,,,,,,31.893,31.893,35.436,False,MANEUVERING,MANEUVERING,,,flexible_commitment_switched,5,64.46862500160933,False,0,CLOCKWISE,{},"{""1"": 204.646, ""2"": 100.316, ""3"": 148.545, ""4"": 31.893, ""5"": 128.978, ""6"": 187.255}"
7.35,AUTO,45.527,192.511,-83.672,-18.0,-19.231,-19.231,92.0,24.0,24.0,0.0,43.0,,,,,,,,,,,,,30.512,30.512,35.814,False,MANEUVERING,MANEUVERING,,,flexible_commitment_switched,5,64.46862500160933,False,0,CLOCKWISE,{},"{""1"": 204.538, ""2"": 100.358, ""3"": 148.427, ""4"": 30.512, ""5"": 127.646, ""6"": 186.401}"
7.4,AUTO,45.626,191.315,-85.271,-19.231,-19.231,-19.231,92.0,24.0,24.0,0.0,43.0,,,,,,,,,,,,,29.087,29.087,36.184,False,MANEUVERING,MANEUVERING,,,flexible_commitment_switched,5,64.46862500160933,False,0,CLOCKWISE,{},"{""1"": 204.496, ""2"": 100.446, ""3"": 148.347, ""4"": 29.087, ""5"": 126.324, ""6"": 185.591}"
7.45,AUTO,45.692,190.117,-86.87,-19.231,-19.231,-19.231,92.0,24.0,24.0,0.0,43.0,,,,,,,,,,,,,27.654,27.654,36.527,False,MANEUVERING,MANEUVERING,,,flexible_commitment_switched,5,64.46862500160933,False,0,CLOCKWISE,{},"{""1"": 204.505, ""2"": 100.597, ""3"": 148.323, ""4"": 27.654, ""5"": 125.024, ""6"": 184.824}"
7.5,AUTO,45.724,188.917,-88.469,-19.231,-19.231,-19.231,92.0,24.0,24.0,0.0,43.0,,,,,,,,,,,,,26.236,26.236,36.845,False,MANEUVERING,MANEUVERING,,,flexible_commitment_switched,5,64.46862500160933,False,0,CLOCKWISE,{},"{""1"": 204.565, ""2"": 100.809, ""3"": 148.353, ""4"": 26.236, ""5"": 123.748, ""6"": 184.101}"
7.55,AUTO,45.723,187.717,-90.068,-19.231,-19.231,-19.231,92.0,24.0,24.0,0.0,43.0,,,,,,,,,,,,,24.838,24.838,37.11,False,MANEUVERING,MANEUVERING,,,flexible_commitment_switched,5,64.46862500160933,False,0,CLOCKWISE,{},"{""1"": 204.678, ""2"": 101.083, ""3"": 148.439, ""4"": 24.838, ""5"": 122.498, ""6"": 183.423}"
7.6,AUTO,45.688,186.518,-91.667,-19.231,-19.231,-19.231,92.0,24.0,24.0,0.0,43.0,,,,,,,,,,,,,23.463,23.463,36.784,False,MANEUVERING,MANEUVERING,,,flexible_commitment_switched,5,64.46862500160933,False,0,CLOCKWISE,{},"{""1"": 204.841, ""2"": 101.417, ""3"": 148.581, ""4"": 23.463, ""5"": 121.276, ""6"": 182.791}"
7.65,AUTO,45.619,185.32,-93.266,-19.231,-19.231,-19.231,92.0,24.0,24.0,0.0,43.0,,,,,,,,,,,,,22.118,22.118,36.431,False,MANEUVERING,MANEUVERING,,,flexible_commitment_switched,5,64.46862500160933,False,0,CLOCKWISE,{},"{""1"": 205.056, ""2"": 101.81, ""3"": 148.777, ""4"": 22.118, ""5"": 120.083, ""6"": 182.207}"
7.7,AUTO,45.518,184.124,-94.865,-19.231,-19.231,-19.231,92.0,24.0,24.0,0.0,43.0,,,,,,,,,,,,,20.809,20.809,36.052,False,MANEUVERING,MANEUVERING,,,flexible_commitment_switched,5,64.46862500160933,False,0,CLOCKWISE,{},"{""1"": 205.322, ""2"": 102.262, ""3"": 149.028, ""4"": 20.809, ""5"": 118.921, ""6"": 181.671}"
7.75,AUTO,45.382,182.932,-96.464,-19.231,-19.231,-19.231,92.0,24.0,24.0,0.0,43.0,,,,,,,,,,,,,19.545,19.545,35.647,False,MANEUVERING,MANEUVERING,,,flexible_commitment_switched,5,64.46862500160933,False,0,CLOCKWISE,{},"{""1"": 205.595, ""2"": 102.771, ""3"": 149.332, ""4"": 19.545, ""5"": 117.792, ""6"": 181.184}"
7.8,AUTO,45.214,181.743,-98.063,-19.231,-19.231,-19.231,92.0,24.0,24.0,0.0,43.0,,,,,,,,,,,,,18.336,18.336,35.216,False,MANEUVERING,MANEUVERING,,,flexible_commitment_switched,5,64.46862500160933,False,0,CLOCKWISE,{},"{""1"": 205.689, ""2"": 103.337, ""3"": 149.691, ""4"": 18.336, ""5"": 116.699, ""6"": 180.747}"
7.85,AUTO,45.013,180.56,-99.662,-19.231,-19.231,-19.231,92.0,24.0,24.0,0.0,43.0,,,,,,,,,,,,,17.194,17.194,34.76,False,MANEUVERING,MANEUVERING,,,flexible_commitment_switched,5,45.4154170001857,False,0,CLOCKWISE,{},"{""1"": 205.583, ""2"": 103.957, ""3"": 150.102, ""4"": 17.194, ""5"": 115.641, ""6"": 180.36}"
7.9,AUTO,44.778,179.384,-101.261,-19.231,-19.231,-19.231,92.0,24.0,24.0,0.0,43.0,,,,,,,,,,,,,16.136,16.136,34.279,False,MANEUVERING,MANEUVERING,,,flexible_commitment_switched,5,45.4154170001857,False,0,CLOCKWISE,{},"{""1"": 205.328, ""2"": 104.631, ""3"": 150.565, ""4"": 16.136, ""5"": 114.623, ""6"": 180.025}"
7.95,AUTO,44.511,178.214,-102.86,-19.231,-19.231,-19.231,92.0,24.0,24.0,0.0,43.0,,,,,,,,,,,,,15.179,15.179,33.773,False,MANEUVERING,MANEUVERING,,,flexible_commitment_switched,5,45.4154170001857,False,0,CLOCKWISE,{},"{""1"": 205.107, ""2"": 105.357, ""3"": 151.08, ""4"": 15.179, ""5"": 113.645, ""6"": 179.741}"
8.0,AUTO,44.212,177.052,-104.459,-19.231,-19.231,-19.231,92.0,24.0,24.0,0.0,43.0,,,,,,,,,,,,,14.344,14.344,33.244,False,MANEUVERING,MANEUVERING,,,flexible_commitment_switched,5,45.4154170001857,False,0,CLOCKWISE,{},"{""1"": 204.937, ""2"": 106.133, ""3"": 151.645, ""4"": 14.344, ""5"": 112.709, ""6"": 179.509}"
8.05,AUTO,43.88,175.899,-106.058,-19.231,-19.231,-19.231,92.0,24.0,24.0,0.0,43.0,,,,,,,,,,,,,13.655,13.655,32.69,False,MANEUVERING,MANEUVERING,,,flexible_commitment_switched,5,45.4154170001857,False,0,CLOCKWISE,{},"{""1"": 204.818, ""2"": 106.957, ""3"": 152.259, ""4"": 13.655, ""5"": 111.818, ""6"": 179.33}"
8.1,AUTO,43.516,174.755,-107.657,-19.231,-19.231,-19.231,92.0,24.0,24.0,0.0,43.0,,,,,,,,,,,,,13.135,13.135,32.113,False,MANEUVERING,MANEUVERING,,,flexible_commitment_switched,5,45.4154170001857,False,0,CLOCKWISE,{},"{""1"": 204.751, ""2"": 107.828, ""3"": 152.922, ""4"": 13.135, ""5"": 110.972, ""6"": 179.204}"
8.15,AUTO,43.12,173.622,-109.256,-19.231,-19.231,-19.231,92.0,24.0,24.0,0.0,43.0,,,,,,,,,,,,,12.805,12.805,31.514,False,MANEUVERING,MANEUVERING,,,flexible_commitment_switched,5,45.4154170001857,False,0,CLOCKWISE,{},"{""1"": 204.735, ""2"": 108.744, ""3"": 153.632, ""4"": 12.805, ""5"": 110.174, ""6"": 179.131}"
8.2,AUTO,42.693,172.501,-110.855,-19.231,-19.231,-19.231,92.0,24.0,24.0,0.0,43.0,,,,,,,,,,,,,12.68,12.68,30.892,False,MANEUVERING,MANEUVERING,,,flexible_commitment_switched,5,45.4154170001857,False,0,CLOCKWISE,{},"{""1"": 204.77, ""2"": 109.703, ""3"": 154.387, ""4"": 12.68, ""5"": 109.425, ""6"": 179.111}"
8.25,AUTO,42.235,171.392,-112.453,-19.231,-19.231,-19.231,92.0,24.0,24.0,0.0,43.0,,,,,,,,,,,,,12.767,12.767,30.248,False,MANEUVERING,MANEUVERING,,,flexible_commitment_switched,5,45.4154170001857,False,0,CLOCKWISE,{},"{""1"": 204.857, ""2"": 110.704, ""3"": 155.188, ""4"": 12.767, ""5"": 108.727, ""6"": 179.145}"
8.3,AUTO,41.745,170.296,-114.052,-19.231,-19.231,-19.231,92.0,24.0,24.0,0.0,43.0,,,,,,,,,,,,,13.04,13.04,29.582,False,MANEUVERING,MANEUVERING,,,flexible_commitment_switched,5,45.4154170001857,False,0,CLOCKWISE,{},"{""1"": 204.995, ""2"": 111.744, ""3"": 156.031, ""4"": 13.04, ""5"": 108.082, ""6"": 179.231}"
8.35,AUTO,41.226,169.214,-115.651,-19.231,-19.231,-19.231,92.0,24.0,24.0,0.0,43.0,,,,,,,,,,,,,13.306,13.306,28.896,False,MANEUVERING,MANEUVERING,,,flexible_commitment_switched,5,45.4154170001857,False,0,CLOCKWISE,{},"{""1"": 205.184, ""2"": 112.821, ""3"": 156.917, ""4"": 13.306, ""5"": 107.49, ""6"": 179.371}"
8.4,AUTO,40.677,168.147,-117.25,-19.231,-19.231,-19.231,92.0,24.0,24.0,0.0,43.0,,,,,,,,,,,,,13.521,13.521,28.189,False,MANEUVERING,MANEUVERING,,,flexible_commitment_switched,5,45.4154170001857,False,0,CLOCKWISE,{},"{""1"": 205.424, ""2"": 113.934, ""3"": 157.844, ""4"": 13.521, ""5"": 106.953, ""6"": 179.563}"
8.45,AUTO,40.098,167.096,-118.849,-19.231,-19.231,-19.231,92.0,24.0,24.0,0.0,43.0,,,,,,,,,,,,,13.686,13.686,27.462,False,MANEUVERING,MANEUVERING,,,flexible_commitment_switched,5,45.4154170001857,False,0,CLOCKWISE,{},"{""1"": 205.714, ""2"": 115.081, ""3"": 158.809, ""4"": 13.686, ""5"": 106.473, ""6"": 179.808}"
8.5,AUTO,39.496,166.058,-120.074,-14.731,24.978,24.978,92.0,24.0,24.0,0.0,32.2,,,,,,,,,,,,,13.774,13.774,26.755,False,MANEUVERING,MANEUVERING,,,flexible_commitment_switched,5,44.89924999506911,False,0,CLOCKWISE,{},"{""1"": 206.085, ""2"": 116.235, ""3"": 159.802, ""4"": 13.774, ""5"": 106.009, ""6"": 180.028}"
8.55,AUTO,38.879,165.028,-120.925,-10.231,24.978,24.978,92.0,24.0,24.0,0.0,32.2,,,,,,,,,,,,,13.812,13.812,26.067,False,MANEUVERING,MANEUVERING,,,flexible_commitment_switched,5,44.89924999506911,False,0,CLOCKWISE,{},"{""1"": 206.524, ""2"": 117.383, ""3"": 160.809, ""4"": 13.812, ""5"": 105.546, ""6"": 180.162}"
8.6,AUTO,38.254,164.004,-121.401,-5.731,24.978,24.978,92.0,24.0,24.0,0.0,32.2,,,,,,,,,,,,,13.821,13.821,25.404,False,MANEUVERING,MANEUVERING,,,flexible_commitment_switched,5,44.89924999506911,False,0,CLOCKWISE,{},"{""1"": 207.019, ""2"": 118.517, ""3"": 161.82, ""4"": 13.821, ""5"": 105.071, ""6"": 180.209}"
8.65,AUTO,37.627,162.981,-121.504,-1.231,24.978,24.978,92.0,24.0,24.0,0.0,32.2,,,,,,,,,,,,,13.821,13.821,24.769,False,MANEUVERING,MANEUVERING,,,flexible_commitment_switched,5,44.89924999506911,False,0,CLOCKWISE,{},"{""1"": 207.557, ""2"": 119.63, ""3"": 162.827, ""4"": 13.821, ""5"": 104.574, ""6"": 180.215}"
8.7,AUTO,37.005,161.955,-121.224,3.269,24.978,24.978,92.0,24.0,24.0,0.0,32.2,,,,,,,,,,,,,13.827,13.827,24.169,False,MANEUVERING,MANEUVERING,,,flexible_commitment_switched,5,44.89924999506911,False,0,CLOCKWISE,{},"{""1"": 208.133, ""2"": 120.717, ""3"": 163.824, ""4"": 13.827, ""5"": 104.041, ""6"": 180.203}"
8.75,AUTO,36.395,160.922,-120.56,7.769,24.978,24.978,92.0,24.0,24.0,0.0,32.2,,,,,,,,,,,,,13.855,13.855,23.613,False,MANEUVERING,MANEUVERING,,,flexible_commitment_switched,5,44.89924999506911,False,0,CLOCKWISE,{},"{""1"": 208.738, ""2"": 121.775, ""3"": 164.807, ""4"": 13.855, ""5"": 103.466, ""6"": 180.169}"
8.8,AUTO,35.804,159.877,-119.511,12.269,24.978,24.978,92.0,24.0,24.0,0.0,32.2,,,,,,,,,,,,,13.915,13.915,23.11,False,MANEUVERING,MANEUVERING,,,flexible_commitment_switched,5,44.89924999506911,False,0,CLOCKWISE,{},"{""1"": 209.367, ""2"": 122.802, ""3"": 165.773, ""4"": 13.915, ""5"": 102.842, ""6"": 180.085}"
8.85,AUTO,35.239,158.818,-118.077,16.769,24.978,24.978,92.0,24.0,24.0,0.0,32.2,,,,,,,,,,,,,14.015,14.015,22.674,False,MANEUVERING,MANEUVERING,,,flexible_commitment_switched,5,44.89924999506911,False,0,CLOCKWISE,{},"{""1"": 210.016, ""2"": 123.801, ""3"": 166.722, ""4"": 14.015, ""5"": 102.163, ""6"": 179.899}"
8.9,AUTO,34.708,157.742,-116.259,21.269,24.978,24.978,92.0,24.0,24.0,0.0,32.2,,,,,,,,,,,,,14.159,14.159,22.317,False,MANEUVERING,MANEUVERING,,,flexible_commitment_switched,5,44.89924999506911,False,0,CLOCKWISE,{},"{""1"": 210.684, ""2"": 124.772, ""3"": 167.654, ""4"": 14.159, ""5"": 101.427, ""6"": 179.552}"
8.95,AUTO,34.218,156.647,-114.124,24.978,24.978,24.978,92.0,24.0,24.0,0.0,32.2,,,,,,,,,,,,,14.344,14.344,22.047,False,MANEUVERING,MANEUVERING,,,flexible_commitment_switched,5,44.89924999506911,False,0,CLOCKWISE,{},"{""1"": 211.362, ""2"": 125.722, ""3"": 168.574, ""4"": 14.344, ""5"": 100.641, ""6"": 179.108}"
9.0,AUTO,33.768,155.534,-111.989,24.978,24.978,24.978,92.0,24.0,24.0,0.0,32.2,,,,,,,,,,,,,14.541,14.541,21.834,False,MANEUVERING,MANEUVERING,,,flexible_commitment_switched,5,44.89924999506911,False,0,CLOCKWISE,{},"{""1"": 212.016, ""2"": 126.668, ""3"": 169.483, ""4"": 14.541, ""5"": 99.837, ""6"": 178.636}"
9.05,AUTO,33.361,154.406,-109.854,24.978,24.978,24.978,92.0,24.0,24.0,0.0,32.2,,,,,,,,,,,,,14.752,14.752,21.681,False,MANEUVERING,MANEUVERING,,,flexible_commitment_switched,5,44.89924999506911,False,0,CLOCKWISE,{},"{""1"": 212.646, ""2"": 127.61, ""3"": 170.382, ""4"": 14.752, ""5"": 99.016, ""6"": 178.136}"
9.1,AUTO,32.996,153.263,-107.718,24.978,24.978,24.978,92.0,24.0,24.0,0.0,32.2,,,,,,,,,,,,,14.974,14.974,21.585,False,MANEUVERING,MANEUVERING,,,flexible_commitment_switched,5,44.89924999506911,False,0,CLOCKWISE,{},"{""1"": 213.252, ""2"": 128.545, ""3"": 171.269, ""4"": 14.974, ""5"": 98.179, ""6"": 177.61}"
9.15,AUTO,32.673,152.107,-105.583,24.978,24.978,24.978,92.0,24.0,24.0,0.0,32.2,,,,,,,,,,,,,15.209,15.209,21.549,False,MANEUVERING,MANEUVERING,,,flexible_commitment_switched,5,45.41320900170831,False,0,CLOCKWISE,{},"{""1"": 213.833, ""2"": 129.472, ""3"": 172.143, ""4"": 15.209, ""5"": 97.326, ""6"": 177.057}"
9.2,AUTO,32.394,150.94,-103.448,24.978,24.978,24.978,92.0,24.0,24.0,0.0,32.2,,,,,,,,,,,,,15.455,15.455,21.571,False,MANEUVERING,MANEUVERING,,,flexible_commitment_switched,5,45.41320900170831,False,0,CLOCKWISE,{},"{""1"": 214.388, ""2"": 130.391, ""3"": 173.003, ""4"": 15.455, ""5"": 96.459, ""6"": 176.478}"
9.25,AUTO,32.159,149.763,-101.313,24.978,24.978,24.978,92.0,24.0,24.0,0.0,32.2,,,,,,,,,,,,,15.712,15.712,21.652,False,MANEUVERING,MANEUVERING,,,flexible_commitment_switched,5,45.41320900170831,False,0,CLOCKWISE,{},"{""1"": 214.916, ""2"": 131.3, ""3"": 173.848, ""4"": 15.712, ""5"": 95.577, ""6"": 175.874}"
9.3,AUTO,31.967,148.578,-99.177,24.978,24.978,24.978,92.0,24.0,24.0,0.0,32.2,,,,,,,,,,,,,15.98,15.98,21.791,False,MANEUVERING,MANEUVERING,,,flexible_commitment_switched,5,45.41320900170831,False,0,CLOCKWISE,{},"{""1"": 215.418, ""2"": 132.199, ""3"": 174.677, ""4"": 15.98, ""5"": 94.682, ""6"": 175.244}"
9.35,AUTO,31.82,147.387,-97.042,24.978,24.978,24.978,92.0,24.0,24.0,0.0,32.2,,,,,,,,,,,,,16.259,16.259,21.989,False,MANEUVERING,MANEUVERING,,,flexible_commitment_switched,5,45.41320900170831,False,0,CLOCKWISE,{},"{""1"": 215.891, ""2"": 133.085, ""3"": 175.489, ""4"": 16.259, ""5"": 93.775, ""6"": 174.591}"
9.4,AUTO,31.718,146.192,-94.907,24.978,24.978,24.978,92.0,24.0,24.0,0.0,32.2,,,,,,,,,,,,,16.548,16.548,22.245,False,MANEUVERING,MANEUVERING,,,flexible_commitment_switched,5,45.41320900170831,False,0,CLOCKWISE,{},"{""1"": 216.337, ""2"": 133.96, ""3"": 176.284, ""4"": 16.548, ""5"": 92.857, ""6"": 173.914}"
9.45,AUTO,31.66,144.993,-92.772,24.978,24.978,24.978,92.0,24.0,24.0,0.0,32.2,,,,,,,,,,,,,16.847,16.847,22.558,False,MANEUVERING,MANEUVERING,,,flexible_commitment_switched,5,45.41320900170831,False,0,CLOCKWISE,{},"{""1"": 216.755, ""2"": 134.82, ""3"": 177.06, ""4"": 16.847, ""5"": 91.928, ""6"": 173.214}"
9.5,AUTO,31.646,143.793,-90.636,24.978,24.978,24.978,92.0,24.0,24.0,0.0,32.2,,,,,,,,,,,,,17.155,17.155,22.929,False,MANEUVERING,MANEUVERING,,,flexible_commitment_switched,5,45.41320900170831,False,0,CLOCKWISE,{},"{""1"": 217.144, ""2"": 135.666, ""3"": 177.817, ""4"": 17.155, ""5"": 90.99, ""6"": 172.492}"
9.55,AUTO,31.678,142.594,-88.501,24.978,24.978,24.978,92.0,24.0,24.0,0.0,32.2,,,,,,,,,,,,,17.342,17.342,22.804,False,MANEUVERING,MANEUVERING,,,flexible_commitment_switched,5,45.41320900170831,False,0,CLOCKWISE,{},"{""1"": 217.273, ""2"": 136.496, ""3"": 178.553, ""4"": 17.342, ""5"": 90.043, ""6"": 171.748}"
9.6,AUTO,31.754,141.396,-86.366,24.978,24.978,24.978,92.0,24.0,24.0,0.0,32.2,,,,,,,,,,,,,17.481,17.481,22.501,False,MANEUVERING,MANEUVERING,,,flexible_commitment_switched,5,45.41320900170831,False,0,CLOCKWISE,{},"{""1"": 217.079, ""2"": 137.31, ""3"": 179.269, ""4"": 17.481, ""5"": 89.09, ""6"": 170.984}"
9.65,AUTO,31.874,140.202,-84.231,24.978,24.978,24.978,92.0,24.0,24.0,0.0,32.2,,,,,,,,,,,,,17.629,17.629,22.255,False,MANEUVERING,MANEUVERING,,,flexible_commitment_switched,5,45.41320900170831,False,0,CLOCKWISE,{},"{""1"": 216.67, ""2"": 138.107, ""3"": 179.963, ""4"": 17.629, ""5"": 88.13, ""6"": 170.2}"
9.7,AUTO,32.039,139.014,-82.095,24.978,24.978,24.978,92.0,24.0,24.0,0.0,32.2,,,,,,,,,,,,,17.786,17.786,22.067,False,MANEUVERING,MANEUVERING,,,flexible_commitment_switched,5,45.41320900170831,False,0,CLOCKWISE,{},"{""1"": 216.22, ""2"": 138.885, ""3"": 180.634, ""4"": 17.786, ""5"": 87.165, ""6"": 169.397}"
9.75,AUTO,32.249,137.832,-79.96,24.978,24.978,24.978,92.0,24.0,24.0,0.0,32.2,,,,,,,,,,,,,17.95,17.95,21.937,False,MANEUVERING,MANEUVERING,,,flexible_commitment_switched,5,45.41320900170831,False,0,CLOCKWISE,{},"{""1"": 215.741, ""2"": 139.645, ""3"": 181.283, ""4"": 17.95, ""5"": 86.196, ""6"": 168.575}"
9.8,AUTO,32.494,136.657,-78.21,20.478,-9.615,-9.615,92.0,24.0,24.0,0.0,86.0,,,,,,,,,,,,,18.094,18.094,21.914,False,MANEUVERING,MANEUVERING,,,flexible_commitment_switched,5,61.12079099693801,False,0,CLOCKWISE,{},"{""1"": 215.306, ""2"": 140.356, ""3"": 181.865, ""4"": 18.094, ""5"": 85.21, ""6"": 167.768}"
9.85,AUTO,32.767,135.489,-76.844,15.978,-9.615,-9.615,92.0,24.0,24.0,0.0,86.0,,,,,,,,,,,,,18.218,18.218,21.986,False,MANEUVERING,MANEUVERING,,,flexible_commitment_switched,5,61.12079099693801,False,0,CLOCKWISE,{},"{""1"": 214.918, ""2"": 141.018, ""3"": 182.381, ""4"": 18.218, ""5"": 84.204, ""6"": 166.975}"
9.9,AUTO,33.06,134.325,-75.862,11.478,-9.615,-9.615,92.0,24.0,24.0,0.0,86.0,,,,,,,,,,,,,22.138,83.175,22.138,False,MANEUVERING,MANEUVERING,,,flexible_commitment_switched,5,61.12079099693801,False,0,CLOCKWISE,{},"{""1"": 214.58, ""2"": 141.634, ""3"": 182.835, ""5"": 83.175, ""6"": 166.197}"
9.95,AUTO,33.365,133.165,-75.266,6.978,-9.615,-9.615,92.0,24.0,24.0,0.0,86.0,,,,,,,,,,,,,22.359,82.124,22.359,False,MANEUVERING,MANEUVERING,,,flexible_commitment_switched,5,61.12079099693801,False,0,CLOCKWISE,{},"{""1"": 214.299, ""2"": 142.208, ""3"": 183.232, ""5"": 82.124, ""6"": 165.439}"
10.0,AUTO,33.675,132.005,-75.054,2.478,-9.615,-9.615,92.0,24.0,24.0,0.0,86.0,,,,,,,,,,,,,22.638,81.053,22.638,False,MANEUVERING,MANEUVERING,,,flexible_commitment_switched,5,61.12079099693801,False,0,CLOCKWISE,{},"{""1"": 214.082, ""2"": 142.747, ""3"": 183.579, ""5"": 81.053, ""6"": 164.704}"
10.05,AUTO,33.981,130.845,-75.222,-2.022,-9.615,-9.615,92.0,24.0,24.0,0.0,86.0,,,,,,,,,,,,,22.968,79.966,22.968,False,MANEUVERING,MANEUVERING,,,flexible_commitment_switched,5,61.12079099693801,False,0,CLOCKWISE,{},"{""1"": 213.935, ""2"": 143.259, ""3"": 183.884, ""5"": 79.966, ""6"": 164.0}"
10.1,AUTO,34.276,129.682,-75.765,-6.522,-9.615,-9.615,92.0,24.0,24.0,0.0,86.0,,,,,,,,,,,,,23.34,78.87,23.34,False,MANEUVERING,MANEUVERING,,,flexible_commitment_switched,5,61.12079099693801,False,0,CLOCKWISE,{},"{""1"": 213.868, ""2"": 143.754, ""3"": 184.157, ""5"": 78.87, ""6"": 163.334}"
10.15,AUTO,34.555,128.515,-76.564,-9.615,-9.615,-9.615,92.0,24.0,24.0,0.0,86.0,,,,,,,,,,,,,23.733,77.777,23.733,False,MANEUVERING,MANEUVERING,,,flexible_commitment_switched,5,61.12079099693801,False,0,CLOCKWISE,{},"{""1"": 213.869, ""2"": 144.251, ""3"": 184.424, ""5"": 77.777, ""6"": 162.708}"
10.2,AUTO,34.817,127.344,-77.363,-9.615,-9.615,-9.615,92.0,24.0,24.0,0.0,86.0,,,,,,,,,,,,,24.112,76.703,24.112,False,MANEUVERING,MANEUVERING,,,flexible_commitment_switched,5,61.12079099693801,False,0,CLOCKWISE,{},"{""1"": 213.897, ""2"": 144.775, ""3"": 184.717, ""5"": 76.703, ""6"": 162.108}"
10.25,AUTO,35.063,126.169,-78.163,-9.615,-9.615,-9.615,92.0,24.0,24.0,0.0,86.0,,,,,,,,,,,,,24.477,75.648,24.477,False,MANEUVERING,MANEUVERING,,,flexible_commitment_switched,5,61.12079099693801,False,0,CLOCKWISE,{},"{""1"": 213.952, ""2"": 145.327, ""3"": 185.037, ""5"": 75.648, ""6"": 161.532}"
10.3,AUTO,35.293,124.991,-78.962,-9.615,-9.615,-9.615,92.0,24.0,24.0,0.0,86.0,,,,,,,,,,,,,24.828,74.613,24.828,False,MANEUVERING,MANEUVERING,,,flexible_commitment_switched,5,61.12079099693801,False,0,CLOCKWISE,{},"{""1"": 214.034, ""2"": 145.906, ""3"": 185.385, ""5"": 74.613, ""6"": 160.983}"
10.35,AUTO,35.506,123.81,-79.762,-9.615,-9.615,-9.615,92.0,24.0,24.0,0.0,86.0,,,,,,,,,,,,,25.164,73.6,25.164,False,MANEUVERING,MANEUVERING,,,flexible_commitment_switched,5,61.12079099693801,False,0,CLOCKWISE,{},"{""1"": 214.142, ""2"": 146.51, ""3"": 185.759, ""5"": 73.6, ""6"": 160.459}"
10.4,AUTO,35.703,122.627,-80.561,-9.615,-9.615,-9.615,92.0,24.0,24.0,0.0,86.0,,,,,,,,,,,,,25.485,72.609,25.485,False,MANEUVERING,MANEUVERING,,,flexible_commitment_switched,5,61.12079099693801,False,0,CLOCKWISE,{},"{""1"": 214.277, ""2"": 147.141, ""3"": 186.159, ""5"": 72.609, ""6"": 159.962}"
10.45,AUTO,35.891,121.442,-80.987,-5.115,0.0,0.0,92.0,24.0,24.0,0.0,,,,,,,,,,,,,,25.741,71.641,25.741,False,MANEUVERING,MANEUVERING,,,flexible_commitment_switched,4,61.28691699996125,False,0,CLOCKWISE,{},"{""1"": 214.355, ""2"": 147.813, ""3"": 186.617, ""5"": 71.641, ""6"": 159.449}"
10.5,AUTO,36.078,120.256,-81.038,-0.615,0.0,0.0,92.0,24.0,24.0,0.0,,,,,,,,,,,,,,25.936,70.685,25.936,False,MANEUVERING,MANEUVERING,,,flexible_commitment_switched,4,61.28691699996125,False,0,CLOCKWISE,{},"{""1"": 214.363, ""2"": 148.517, ""3"": 187.122, ""5"": 70.685, ""6"": 158.91}"
10.55,AUTO,36.265,119.071,-81.038,0.0,0.0,0.0,92.0,24.0,24.0,0.0,,,,,,,,,,,,,,26.123,69.738,26.123,False,MANEUVERING,MANEUVERING,,,flexible_commitment_switched,4,61.28691699996125,False,0,CLOCKWISE,{},"{""1"": 214.363, ""2"": 149.23, ""3"": 187.639, ""5"": 69.738, ""6"": 158.372}"
10.6,AUTO,36.452,117.885,-81.038,0.0,0.0,0.0,92.0,24.0,24.0,0.0,,,,,,,,,,,,,,26.31,68.798,26.31,False,MANEUVERING,MANEUVERING,,,flexible_commitment_switched,4,61.28691699996125,False,0,CLOCKWISE,{},"{""1"": 214.363, ""2"": 149.949, ""3"": 188.162, ""5"": 68.798, ""6"": 157.842}"
10.65,AUTO,36.639,116.7,-81.038,0.0,0.0,0.0,92.0,24.0,24.0,0.0,,,,,,,,,,,,,,26.497,67.866,26.497,False,MANEUVERING,MANEUVERING,,,flexible_commitment_switched,4,61.28691699996125,False,0,CLOCKWISE,{},"{""1"": 214.363, ""2"": 150.675, ""3"": 188.691, ""5"": 67.866, ""6"": 157.32}"
10.7,AUTO,36.826,115.515,-81.038,0.0,0.0,0.0,92.0,24.0,24.0,0.0,,,,,,,,,,,,,,26.684,66.943,26.684,False,MANEUVERING,MANEUVERING,,,flexible_commitment_switched,4,61.28691699996125,False,0,CLOCKWISE,{},"{""1"": 214.363, ""2"": 151.406, ""3"": 189.226, ""5"": 66.943, ""6"": 156.805}"
10.75,AUTO,37.013,114.329,-81.038,0.0,0.0,0.0,92.0,24.0,24.0,0.0,,,,,,,,,,,,,,26.87,66.029,26.87,False,MANEUVERING,MANEUVERING,,,flexible_commitment_switched,4,61.28691699996125,False,0,CLOCKWISE,{},"{""1"": 214.363, ""2"": 152.144, ""3"": 189.767, ""5"": 66.029, ""6"": 156.297}"
10.8,AUTO,37.2,113.144,-81.038,0.0,0.0,0.0,92.0,24.0,24.0,0.0,,,,,,,,,,,,,,27.057,65.124,27.057,False,MANEUVERING,MANEUVERING,,,flexible_commitment_switched,4,61.28691699996125,False,0,CLOCKWISE,{},"{""1"": 214.363, ""2"": 152.887, ""3"": 190.315, ""5"": 65.124, ""6"": 155.797}"
10.85,AUTO,37.387,111.959,-81.038,0.0,0.0,0.0,92.0,24.0,24.0,0.0,,,,,,,,,,,,,,27.244,64.229,27.244,False,MANEUVERING,MANEUVERING,,,flexible_commitment_switched,4,61.28691699996125,False,0,CLOCKWISE,{},"{""1"": 214.363, ""2"": 153.636, ""3"": 190.868, ""5"": 64.229, ""6"": 155.305}"
10.9,AUTO,37.574,110.773,-81.038,0.0,0.0,0.0,92.0,24.0,24.0,0.0,,,,,,,,,,,,,,27.431,63.344,27.431,False,MANEUVERING,MANEUVERING,,,flexible_commitment_switched,4,61.28691699996125,False,0,CLOCKWISE,{},"{""1"": 214.363, ""2"": 154.391, ""3"": 191.428, ""5"": 63.344, ""6"": 154.82}"
10.95,AUTO,37.761,109.588,-81.038,0.0,0.0,0.0,92.0,24.0,24.0,0.0,,,,,,,,,,,,,,27.618,62.47,27.618,False,MANEUVERING,MANEUVERING,,,flexible_commitment_switched,4,61.28691699996125,False,0,CLOCKWISE,{},"{""1"": 214.363, ""2"": 155.152, ""3"": 191.993, ""5"": 62.47, ""6"": 154.343}"
11.0,AUTO,37.948,108.403,-81.038,0.0,0.0,0.0,92.0,24.0,24.0,0.0,,,,,,,,,,,,,,27.805,61.606,27.805,False,MANEUVERING,MANEUVERING,,,flexible_commitment_switched,4,61.28691699996125,False,0,CLOCKWISE,{},"{""1"": 214.363, ""2"": 155.918, ""3"": 192.564, ""5"": 61.606, ""6"": 153.874}"
11.05,AUTO,38.135,107.217,-81.038,0.0,0.0,0.0,92.0,24.0,24.0,0.0,,,,,,,,,,,,,,27.992,60.754,27.992,False,MANEUVERING,MANEUVERING,,,flexible_commitment_switched,4,61.28691699996125,False,0,CLOCKWISE,{},"{""1"": 214.363, ""2"": 156.689, ""3"": 193.14, ""5"": 60.754, ""6"": 153.413}"
11.1,AUTO,38.321,106.032,-81.038,0.0,0.0,0.0,92.0,24.0,24.0,0.0,,,,,,,,,,,,,,28.179,59.914,28.179,False,MANEUVERING,MANEUVERING,,,flexible_commitment_switched,5,82.0165420009289,False,0,CLOCKWISE,{},"{""1"": 214.363, ""2"": 157.466, ""3"": 193.723, ""5"": 59.914, ""6"": 152.96}"
11.15,AUTO,38.508,104.847,-81.038,0.0,0.0,0.0,92.0,24.0,24.0,0.0,,,,,,,,,,,,,,28.366,59.086,28.366,False,MANEUVERING,MANEUVERING,,,flexible_commitment_switched,5,82.0165420009289,False,0,CLOCKWISE,{},"{""1"": 214.363, ""2"": 158.248, ""3"": 194.311, ""5"": 59.086, ""6"": 152.516}"
11.2,AUTO,38.695,103.661,-81.038,0.0,0.0,0.0,92.0,24.0,24.0,0.0,,,,,,,,,,,,,,28.553,58.271,28.553,False,MANEUVERING,MANEUVERING,,,flexible_commitment_switched,5,82.0165420009289,False,0,CLOCKWISE,{},"{""1"": 214.363, ""2"": 159.035, ""3"": 194.905, ""5"": 58.271, ""6"": 152.079}"
11.25,AUTO,38.882,102.476,-81.038,0.0,0.0,0.0,92.0,24.0,24.0,0.0,,,,,,,,,,,,,,28.74,57.47,28.74,False,MANEUVERING,MANEUVERING,,,flexible_commitment_switched,5,82.0165420009289,False,0,CLOCKWISE,{},"{""1"": 214.363, ""2"": 159.828, ""3"": 195.504, ""5"": 57.47, ""6"": 151.65}"
11.3,AUTO,39.069,101.291,-81.038,0.0,0.0,0.0,92.0,24.0,24.0,0.0,,,,,,,,,,,,,,28.927,56.683,28.927,False,MANEUVERING,MANEUVERING,,,flexible_commitment_switched,5,82.0165420009289,False,0,CLOCKWISE,{},"{""1"": 214.365, ""2"": 160.625, ""3"": 196.109, ""5"": 56.683, ""6"": 151.23}"
11.35,AUTO,39.256,100.105,-81.038,0.0,0.0,0.0,92.0,24.0,24.0,0.0,,,,,,,,,,,,,,29.114,55.91,29.114,False,MANEUVERING,MANEUVERING,,,flexible_commitment_switched,5,82.0165420009289,False,0,CLOCKWISE,{},"{""1"": 214.374, ""2"": 161.428, ""3"": 196.719, ""5"": 55.91, ""6"": 150.819}"
11.4,AUTO,39.443,98.92,-81.038,0.0,0.0,0.0,92.0,24.0,24.0,0.0,,,,,,,,,,,,,,29.301,55.153,29.301,False,MANEUVERING,MANEUVERING,,,flexible_commitment_switched,5,82.0165420009289,False,0,CLOCKWISE,{},"{""1"": 214.39, ""2"": 162.235, ""3"": 197.335, ""5"": 55.153, ""6"": 150.415}"
11.45,AUTO,39.63,97.735,-81.038,0.0,0.0,0.0,92.0,24.0,24.0,0.0,,,,,,,,,,,,,,29.488,54.412,29.488,False,MANEUVERING,MANEUVERING,,,flexible_commitment_switched,5,82.0165420009289,False,0,CLOCKWISE,{},"{""1"": 214.413, ""2"": 163.047, ""3"": 197.956, ""5"": 54.412, ""6"": 150.02}"
11.5,AUTO,39.817,96.549,-81.038,0.0,0.0,0.0,92.0,24.0,24.0,0.0,,,,,,,,,,,,,,29.675,53.687,29.675,False,MANEUVERING,MANEUVERING,,,flexible_commitment_switched,5,82.0165420009289,False,0,CLOCKWISE,{},"{""1"": 214.442, ""2"": 163.864, ""3"": 198.582, ""5"": 53.687, ""6"": 149.634}"
11.55,AUTO,40.004,95.364,-81.038,0.0,0.0,0.0,92.0,24.0,24.0,0.0,,,,,,,,,,,,,,29.861,52.979,29.861,False,MANEUVERING,MANEUVERING,,,flexible_commitment_switched,5,82.0165420009289,False,0,CLOCKWISE,{},"{""1"": 214.478, ""2"": 164.686, ""3"": 199.214, ""5"": 52.979, ""6"": 149.257}"
11.6,AUTO,40.191,94.178,-81.038,0.0,0.0,0.0,92.0,24.0,24.0,0.0,,,,,,,,,,,,,,30.048,52.29,30.048,False,MANEUVERING,MANEUVERING,,,flexible_commitment_switched,5,82.0165420009289,False,0,CLOCKWISE,{},"{""1"": 214.521, ""2"": 165.512, ""3"": 199.851, ""5"": 52.29, ""6"": 148.888}"
11.65,AUTO,40.378,92.993,-81.038,0.0,0.0,0.0,92.0,24.0,24.0,0.0,,,,,,,,,,,,,,30.235,51.619,30.235,False,MANEUVERING,MANEUVERING,,,flexible_commitment_switched,5,82.0165420009289,False,0,CLOCKWISE,{},"{""1"": 214.571, ""2"": 166.343, ""3"": 200.493, ""5"": 51.619, ""6"": 148.528}"
11.7,AUTO,40.565,91.808,-81.038,0.0,0.0,0.0,92.0,24.0,24.0,0.0,,,,,,,,,,,,,,30.422,50.967,30.422,False,MANEUVERING,MANEUVERING,,,flexible_commitment_switched,5,82.0165420009289,False,0,CLOCKWISE,{},"{""1"": 214.627, ""2"": 167.178, ""3"": 201.14, ""5"": 50.967, ""6"": 148.176}"
11.75,AUTO,40.752,90.622,-81.038,0.0,0.0,0.0,92.0,24.0,24.0,0.0,,,,,,,,,,,,,,30.609,50.336,30.609,False,MANEUVERING,MANEUVERING,,,flexible_commitment_switched,5,82.38829200126929,False,0,CLOCKWISE,{},"{""1"": 214.69, ""2"": 168.018, ""3"": 201.792, ""5"": 50.336, ""6"": 147.834}"
11.8,AUTO,40.939,89.437,-81.038,0.0,0.0,0.0,92.0,24.0,24.0,0.0,,,,,,,,,,,,,,30.796,49.726,30.796,False,MANEUVERING,MANEUVERING,,,flexible_commitment_switched,5,82.38829200126929,False,0,CLOCKWISE,{},"{""1"": 214.759, ""2"": 168.862, ""3"": 202.449, ""5"": 49.726, ""6"": 147.501}"
11.85,AUTO,41.126,88.252,-81.038,0.0,0.0,0.0,92.0,24.0,24.0,0.0,,,,,,,,,,,,,,30.983,49.137,30.983,False,MANEUVERING,MANEUVERING,,,flexible_commitment_switched,5,82.38829200126929,False,0,CLOCKWISE,{},"{""1"": 214.835, ""2"": 169.71, ""3"": 203.111, ""5"": 49.137, ""6"": 147.176}"
11.9,AUTO,41.312,87.066,-81.038,0.0,0.0,0.0,92.0,24.0,24.0,0.0,,,,,,,,,,,,,,31.17,48.571,31.17,False,MANEUVERING,MANEUVERING,,,flexible_commitment_switched,5,82.38829200126929,False,0,CLOCKWISE,{},"{""1"": 214.918, ""2"": 170.563, ""3"": 203.779, ""5"": 48.571, ""6"": 146.861}"
11.95,AUTO,41.499,85.881,-81.038,0.0,0.0,0.0,92.0,24.0,24.0,0.0,,,,,,,,,,,,,,31.357,48.029,31.357,False,MANEUVERING,MANEUVERING,,,flexible_commitment_switched,5,82.38829200126929,False,0,CLOCKWISE,{},"{""1"": 215.008, ""2"": 171.42, ""3"": 204.45, ""5"": 48.029, ""6"": 146.555}"
12.0,AUTO,41.686,84.696,-81.038,0.0,0.0,0.0,92.0,24.0,24.0,0.0,,,,,,,,,,,,,,31.544,47.51,31.544,False,MANEUVERING,MANEUVERING,,,flexible_commitment_switched,5,82.38829200126929,False,0,CLOCKWISE,{},"{""1"": 215.104, ""2"": 172.28, ""3"": 205.127, ""5"": 47.51, ""6"": 146.258}"
12.05,AUTO,41.873,83.51,-81.038,0.0,0.0,0.0,92.0,24.0,24.0,0.0,,,,,,,,,,,,,,31.731,47.016,31.731,False,MANEUVERING,MANEUVERING,,,flexible_commitment_switched,5,82.38829200126929,False,0,CLOCKWISE,{},"{""1"": 215.207, ""2"": 173.145, ""3"": 205.809, ""5"": 47.016, ""6"": 145.971}"
12.1,AUTO,42.06,82.325,-81.038,0.0,0.0,0.0,92.0,24.0,24.0,0.0,,,,,,,,,,,,,,31.918,46.548,31.918,False,MANEUVERING,MANEUVERING,,,flexible_commitment_switched,5,82.38829200126929,False,0,CLOCKWISE,{},"{""1"": 215.316, ""2"": 174.014, ""3"": 206.495, ""5"": 46.548, ""6"": 145.692}"
12.15,AUTO,42.247,81.14,-81.038,0.0,0.0,0.0,92.0,24.0,24.0,0.0,,,,,,,,,,,,,,32.105,46.107,32.105,False,MANEUVERING,MANEUVERING,,,flexible_commitment_switched,5,82.38829200126929,False,0,CLOCKWISE,{},"{""1"": 215.432, ""2"": 174.887, ""3"": 207.186, ""5"": 46.107, ""6"": 145.423}"
12.2,AUTO,42.434,79.954,-81.038,0.0,0.0,0.0,92.0,24.0,24.0,0.0,,,,,,,,,,,,,,32.292,45.693,32.292,False,MANEUVERING,MANEUVERING,,,flexible_commitment_switched,5,82.38829200126929,False,0,CLOCKWISE,{},"{""1"": 215.555, ""2"": 175.764, ""3"": 207.881, ""5"": 45.693, ""6"": 145.164}"
12.25,AUTO,42.621,78.769,-81.038,0.0,0.0,0.0,92.0,24.0,24.0,0.0,,,,,,,,,,,,,,32.479,45.306,32.479,False,MANEUVERING,MANEUVERING,,,flexible_commitment_switched,5,82.38829200126929,False,0,CLOCKWISE,{},"{""1"": 215.685, ""2"": 176.644, ""3"": 208.582, ""5"": 45.306, ""6"": 144.914}"
12.3,AUTO,42.808,77.584,-81.038,0.0,0.0,0.0,92.0,24.0,24.0,0.0,,,,,,,,,,,,,,32.666,44.949,32.666,False,MANEUVERING,MANEUVERING,,,flexible_commitment_switched,5,82.38829200126929,False,0,CLOCKWISE,{},"{""1"": 215.821, ""2"": 177.528, ""3"": 209.286, ""5"": 44.949, ""6"": 144.673}"
12.35,AUTO,42.995,76.398,-81.038,0.0,0.0,0.0,92.0,24.0,24.0,0.0,,,,,,,,,,,,,,32.853,44.621,32.853,False,MANEUVERING,MANEUVERING,,,flexible_commitment_switched,5,82.38829200126929,False,0,CLOCKWISE,{},"{""1"": 215.963, ""2"": 178.416, ""3"": 209.995, ""5"": 44.621, ""6"": 144.442}"
12.4,AUTO,43.19,75.214,-80.653,4.5,12.489,12.489,92.0,24.0,24.0,0.0,64.4,,,,,,,,,,,,,32.986,44.26,32.986,False,MANEUVERING,MANEUVERING,,,flexible_commitment_switched,5,58.50937499781139,False,0,CLOCKWISE,{},"{""1"": 216.167, ""2"": 179.307, ""3"": 210.725, ""5"": 44.26, ""6"": 144.154}"
12.45,AUTO,43.401,74.033,-79.884,9.0,12.489,12.489,92.0,24.0,24.0,0.0,64.4,,,,,,,,,,,,,33.077,43.855,33.077,False,MANEUVERING,MANEUVERING,,,flexible_commitment_switched,5,58.50937499781139,False,0,CLOCKWISE,{},"{""1"": 216.426, ""2"": 180.196, ""3"": 211.47, ""5"": 43.855, ""6"": 143.8}"
12.5,AUTO,43.633,72.856,-78.816,12.489,12.489,12.489,92.0,24.0,24.0,0.0,64.4,,,,,,,,,,,,,33.146,43.41,33.146,False,MANEUVERING,MANEUVERING,,,flexible_commitment_switched,5,58.50937499781139,False,0,CLOCKWISE,{},"{""1"": 216.72, ""2"": 181.08, ""3"": 212.222, ""5"": 43.41, ""6"": 143.388}"
12.55,AUTO,43.888,71.683,-77.749,12.489,12.489,12.489,92.0,24.0,24.0,0.0,64.4,,,,,,,,,,,,,33.24,42.969,33.24,False,MANEUVERING,MANEUVERING,,,flexible_commitment_switched,5,58.50937499781139,False,0,CLOCKWISE,{},"{""1"": 216.999, ""2"": 181.955, ""3"": 212.962, ""5"": 42.969, ""6"": 142.965}"
12.6,AUTO,44.164,70.515,-76.681,12.489,12.489,12.489,92.0,24.0,24.0,0.0,64.4,,,,,,,,,,,,,33.36,42.531,33.36,False,MANEUVERING,MANEUVERING,,,flexible_commitment_switched,5,58.50937499781139,False,0,CLOCKWISE,{},"{""1"": 217.264, ""2"": 182.821, ""3"": 213.691, ""5"": 42.531, ""6"": 142.531}"
12.65,AUTO,44.463,69.353,-75.613,12.489,12.489,12.489,92.0,24.0,24.0,0.0,64.4,,,,,,,,,,,,,33.505,42.08,33.505,False,MANEUVERING,MANEUVERING,,,flexible_commitment_switched,5,58.50937499781139,False,0,CLOCKWISE,{},"{""1"": 217.515, ""2"": 183.677, ""3"": 214.408, ""5"": 42.08, ""6"": 142.08}"
12.7,AUTO,44.782,68.196,-74.546,12.489,12.489,12.489,92.0,24.0,24.0,0.0,64.4,,,,,,,,,,,,,33.675,41.611,33.675,False,MANEUVERING,MANEUVERING,,,flexible_commitment_switched,5,58.50937499781139,False,0,CLOCKWISE,{},"{""1"": 217.752, ""2"": 184.524, ""3"": 215.114, ""5"": 41.611, ""6"": 141.611}"
12.75,AUTO,45.124,67.046,-73.478,12.489,12.489,12.489,92.0,24.0,24.0,0.0,64.4,,,,,,,,,,,,,33.871,41.124,33.871,False,MANEUVERING,MANEUVERING,,,flexible_commitment_switched,5,58.50937499781139,False,0,CLOCKWISE,{},"{""1"": 217.974, ""2"": 185.362, ""3"": 215.807, ""5"": 41.124, ""6"": 141.124}"
12.8,AUTO,45.486,65.902,-72.41,12.489,12.489,12.489,92.0,24.0,24.0,0.0,64.4,,,,,,,,,,,,,34.093,40.62,34.093,False,MANEUVERING,MANEUVERING,,,flexible_commitment_switched,5,58.50937499781139,False,0,CLOCKWISE,{},"{""1"": 218.182, ""2"": 186.189, ""3"": 216.489, ""5"": 40.62, ""6"": 140.62}"
12.85,AUTO,45.87,64.765,-71.343,12.489,12.489,12.489,92.0,24.0,24.0,0.0,64.4,,,,,,,,,,,,,34.339,40.099,34.339,False,MANEUVERING,MANEUVERING,,,flexible_commitment_switched,5,58.50937499781139,False,0,CLOCKWISE,{},"{""1"": 218.376, ""2"": 187.007, ""3"": 217.159, ""5"": 40.099, ""6"": 140.099}"
12.9,AUTO,46.275,63.635,-70.275,12.489,12.489,12.489,92.0,24.0,24.0,0.0,64.4,,,,,,,,,,,,,34.611,39.571,34.611,False,MANEUVERING,MANEUVERING,,,flexible_commitment_switched,5,58.50937499781139,False,0,CLOCKWISE,{},"{""1"": 218.536, ""2"": 187.814, ""3"": 217.816, ""5"": 39.571, ""6"": 139.563}"
12.95,AUTO,46.701,62.514,-69.208,12.489,12.489,12.489,92.0,24.0,24.0,0.0,64.4,,,,,,,,,,,,,34.907,39.047,34.907,False,MANEUVERING,MANEUVERING,,,flexible_commitment_switched,5,58.50937499781139,False,0,CLOCKWISE,{},"{""1"": 218.639, ""2"": 188.611, ""3"": 218.461, ""5"": 39.047, ""6"": 139.017}"
13.0,AUTO,47.148,61.4,-68.14,12.489,12.489,12.489,92.0,24.0,24.0,0.0,64.4,,,,,,,,,,,,,35.229,38.529,35.229,False,MANEUVERING,MANEUVERING,,,flexible_commitment_switched,5,58.50937499781139,False,0,CLOCKWISE,{},"{""1"": 218.686, ""2"": 189.398, ""3"": 219.094, ""5"": 38.529, ""6"": 138.46}"
13.05,AUTO,47.615,60.295,-67.072,12.489,12.489,12.489,92.0,24.0,24.0,0.0,64.4,,,,,,,,,,,,,35.575,38.015,35.575,False,MANEUVERING,MANEUVERING,,,flexible_commitment_switched,5,58.99495800258592,False,0,CLOCKWISE,{},"{""1"": 218.676, ""2"": 190.174, ""3"": 219.714, ""5"": 38.015, ""6"": 137.891}"
13.1,AUTO,48.103,59.198,-66.005,12.489,12.489,12.489,92.0,24.0,24.0,0.0,64.4,,,,,,,,,,,,,35.946,37.506,35.946,False,MANEUVERING,MANEUVERING,,,flexible_commitment_switched,5,58.99495800258592,False,0,CLOCKWISE,{},"{""1"": 218.609, ""2"": 190.939, ""3"": 220.322, ""5"": 37.506, ""6"": 137.312}"
13.15,AUTO,48.612,58.111,-64.937,12.489,12.489,12.489,92.0,24.0,24.0,0.0,64.4,,,,,,,,,,,,,36.342,37.003,36.342,False,MANEUVERING,MANEUVERING,,,flexible_commitment_switched,5,58.99495800258592,False,0,CLOCKWISE,{},"{""1"": 218.486, ""2"": 191.693, ""3"": 220.917, ""5"": 37.003, ""6"": 136.722}"
13.2,AUTO,49.14,57.034,-63.869,12.489,12.489,12.489,92.0,24.0,24.0,0.0,64.4,,,,,,,,,,,,,36.507,36.507,36.762,False,MANEUVERING,MANEUVERING,,,flexible_commitment_switched,5,58.99495800258592,False,0,CLOCKWISE,{},"{""1"": 218.307, ""2"": 192.437, ""3"": 221.498, ""5"": 36.507, ""6"": 136.121}"
13.25,AUTO,49.689,55.967,-62.802,12.489,12.489,12.489,92.0,24.0,24.0,0.0,64.4,,,,,,,,,,,,,36.017,36.017,37.206,False,MANEUVERING,MANEUVERING,,,flexible_commitment_switched,5,58.99495800258592,False,0,CLOCKWISE,{},"{""1"": 218.092, ""2"": 193.169, ""3"": 222.067, ""5"": 36.017, ""6"": 135.51}"
13.3,AUTO,50.257,54.91,-61.734,12.489,12.489,12.489,92.0,24.0,24.0,0.0,64.4,,,,,,,,,,,,,35.534,35.534,37.675,False,MANEUVERING,MANEUVERING,,,flexible_commitment_switched,5,58.99495800258592,False,0,CLOCKWISE,{},"{""1"": 217.862, ""2"": 193.89, ""3"": 222.623, ""5"": 35.534, ""6"": 134.888}"
13.35,AUTO,50.845,53.864,-60.667,12.489,12.489,12.489,92.0,24.0,24.0,0.0,64.4,,,,,,,,,,,,,35.059,35.059,38.167,False,MANEUVERING,MANEUVERING,,,flexible_commitment_switched,5,58.99495800258592,False,0,CLOCKWISE,{},"{""1"": 217.618, ""2"": 194.6, ""3"": 223.166, ""5"": 35.059, ""6"": 134.256}"
13.4,AUTO,51.452,52.829,-59.599,12.489,12.489,12.489,92.0,24.0,24.0,0.0,64.4,,,,,,,,,,,,,34.592,34.592,38.683,False,MANEUVERING,MANEUVERING,,,flexible_commitment_switched,5,58.99495800258592,False,0,CLOCKWISE,{},"{""1"": 217.359, ""2"": 195.298, ""3"": 223.695, ""5"": 34.592, ""6"": 133.613}"
13.45,AUTO,52.079,51.805,-58.531,12.489,12.489,12.489,92.0,24.0,24.0,0.0,64.4,,,,,,,,,,,,,34.133,34.133,38.296,False,MANEUVERING,MANEUVERING,,,flexible_commitment_switched,5,58.99495800258592,False,0,CLOCKWISE,{},"{""1"": 217.087, ""2"": 195.985, ""3"": 224.212, ""5"": 34.133, ""6"": 132.96}"
13.5,AUTO,52.724,50.793,-57.464,12.489,12.489,12.489,92.0,24.0,24.0,0.0,64.4,,,,,,,,,,,,,33.684,33.684,37.253,False,MANEUVERING,MANEUVERING,,,flexible_commitment_switched,5,58.99495800258592,False,0,CLOCKWISE,{},"{""1"": 216.8, ""2"": 196.66, ""3"": 224.714, ""5"": 33.684, ""6"": 132.296}"
13.55,AUTO,53.388,49.794,-56.396,12.489,12.489,12.489,92.0,24.0,24.0,0.0,64.4,,,,,,,,,,,,,33.244,33.244,36.227,False,MANEUVERING,MANEUVERING,,,flexible_commitment_switched,5,58.99495800258592,False,0,CLOCKWISE,{},"{""1"": 216.499, ""2"": 197.323, ""3"": 225.204, ""5"": 33.244, ""6"": 131.622}"
13.6,AUTO,54.071,48.807,-55.328,12.489,12.489,12.489,92.0,24.0,24.0,0.0,64.4,,,,,,,,,,,,,32.814,32.814,35.218,False,MANEUVERING,MANEUVERING,,,flexible_commitment_switched,5,58.99495800258592,False,0,CLOCKWISE,{},"{""1"": 216.184, ""2"": 197.974, ""3"": 225.679, ""5"": 32.814, ""6"": 130.938}"
13.65,AUTO,54.772,47.833,-54.261,12.489,12.489,12.489,92.0,24.0,24.0,0.0,64.4,,,,,,,,,,,,,32.395,32.395,34.226,False,MANEUVERING,MANEUVERING,,,flexible_commitment_switched,5,58.99495800258592,False,0,CLOCKWISE,{},"{""1"": 215.854, ""2"": 198.614, ""3"": 226.141, ""5"": 32.395, ""6"": 130.244}"
13.7,AUTO,55.491,46.872,-53.193,12.489,12.489,12.489,92.0,24.0,24.0,0.0,64.4,,,,,,,,,,,,,31.987,31.987,33.253,False,MANEUVERING,MANEUVERING,,,flexible_commitment_switched,5,71.07574999827193,False,0,CLOCKWISE,{},"{""1"": 215.511, ""2"": 199.241, ""3"": 226.589, ""5"": 31.987, ""6"": 129.541}"
13.75,AUTO,56.227,45.925,-52.126,12.489,12.489,12.489,92.0,24.0,24.0,0.0,64.4,,,,,,,,,,,,,31.59,31.59,32.298,False,MANEUVERING,MANEUVERING,,,flexible_commitment_switched,5,71.07574999827193,False,0,CLOCKWISE,{},"{""1"": 215.154, ""2"": 199.855, ""3"": 227.024, ""5"": 31.59, ""6"": 128.827}"
13.8,AUTO,56.982,44.992,-51.058,12.489,12.489,12.489,92.0,24.0,24.0,0.0,64.4,,,,,,,,,,,,,31.207,31.207,31.361,False,MANEUVERING,MANEUVERING,,,flexible_commitment_switched,5,71.07574999827193,False,0,CLOCKWISE,{},"{""1"": 214.782, ""2"": 200.458, ""3"": 227.444, ""5"": 31.207, ""6"": 128.103}"
13.85,AUTO,57.753,44.073,-49.99,12.489,12.489,12.489,92.0,24.0,24.0,0.0,64.4,,,,,,,,,,,,,30.444,30.836,30.444,False,MANEUVERING,MANEUVERING,,,flexible_commitment_switched,5,71.07574999827193,False,0,CLOCKWISE,{},"{""1"": 214.397, ""2"": 201.048, ""3"": 227.851, ""5"": 30.836, ""6"": 127.37}"
13.9,AUTO,58.542,43.168,-48.923,12.489,12.489,12.489,92.0,24.0,24.0,0.0,64.4,,,,,,,,,,,,,29.545,30.479,29.545,False,MANEUVERING,MANEUVERING,,,flexible_commitment_switched,5,71.07574999827193,False,0,CLOCKWISE,{},"{""1"": 213.998, ""2"": 201.625, ""3"": 228.243, ""5"": 30.479, ""6"": 126.627}"
13.95,AUTO,59.347,42.278,-47.855,12.489,12.489,12.489,92.0,24.0,24.0,0.0,64.4,,,,,,,,,,,,,28.667,30.136,28.667,False,MANEUVERING,MANEUVERING,,,flexible_commitment_switched,5,71.07574999827193,False,0,CLOCKWISE,{},"{""1"": 213.585, ""2"": 202.19, ""3"": 228.622, ""5"": 30.136, ""6"": 125.874}"
14.0,AUTO,60.168,41.404,-46.787,12.489,12.489,12.489,92.0,24.0,24.0,0.0,64.4,,,,,,,,,,,,,27.808,29.808,27.808,False,MANEUVERING,MANEUVERING,,,flexible_commitment_switched,5,71.07574999827193,False,0,CLOCKWISE,{},"{""1"": 213.159, ""2"": 202.742, ""3"": 228.986, ""5"": 29.808, ""6"": 125.112}"
14.05,AUTO,61.006,40.544,-45.72,12.489,12.489,12.489,92.0,24.0,24.0,0.0,64.4,,,,,,,,,,,,,26.969,29.495,26.969,False,MANEUVERING,MANEUVERING,,,flexible_commitment_switched,5,71.07574999827193,False,0,CLOCKWISE,{},"{""1"": 212.718, ""2"": 203.281, ""3"": 229.336, ""5"": 29.495, ""6"": 124.341}"
14.1,AUTO,61.86,39.701,-44.652,12.489,12.489,12.489,92.0,24.0,24.0,0.0,64.4,,,,,,,,,,,,,26.151,29.198,26.151,False,MANEUVERING,MANEUVERING,,,flexible_commitment_switched,5,71.07574999827193,False,0,CLOCKWISE,{},"{""1"": 212.265, ""2"": 203.807, ""3"": 229.672, ""5"": 29.198, ""6"": 123.56}"
14.15,AUTO,62.729,38.874,-43.585,12.489,12.489,12.489,92.0,24.0,24.0,0.0,64.4,,,,,,,,,,,,,25.354,28.918,25.354,False,MANEUVERING,MANEUVERING,,,flexible_commitment_switched,5,71.07574999827193,False,0,CLOCKWISE,{},"{""1"": 211.797, ""2"": 204.32, ""3"": 229.994, ""5"": 28.918, ""6"": 122.771}"
14.2,AUTO,63.614,38.063,-42.517,12.489,12.489,12.489,92.0,24.0,24.0,0.0,64.4,,,,,,,,,,,,,24.577,28.655,24.577,False,MANEUVERING,MANEUVERING,,,flexible_commitment_switched,5,71.07574999827193,False,0,CLOCKWISE,{},"{""1"": 211.317, ""2"": 204.821, ""3"": 230.301, ""5"": 28.655, ""6"": 121.972}"
14.25,AUTO,64.513,37.268,-41.449,12.489,12.489,12.489,92.0,24.0,24.0,0.0,64.4,,,,,,,,,,,,,23.822,28.41,23.822,False,MANEUVERING,MANEUVERING,,,flexible_commitment_switched,5,71.07574999827193,False,0,CLOCKWISE,{},"{""1"": 210.823, ""2"": 205.308, ""3"": 230.593, ""5"": 28.41, ""6"": 121.164}"
14.3,AUTO,65.427,36.491,-40.382,12.489,12.489,12.489,92.0,24.0,24.0,0.0,64.4,,,,,,,,,,,,,23.089,28.184,23.089,False,MANEUVERING,MANEUVERING,,,flexible_commitment_switched,5,71.07574999827193,False,0,CLOCKWISE,{},"{""1"": 210.316, ""2"": 205.782, ""3"": 230.872, ""5"": 28.184, ""6"": 120.347}"
14.35,AUTO,66.361,35.737,-38.929,16.989,24.978,24.978,92.0,24.0,24.0,0.0,32.2,,,,,,,,,,,,,22.402,27.897,22.402,False,MANEUVERING,MANEUVERING,,,flexible_commitment_switched,5,71.48020900058327,False,0,CLOCKWISE,{},"{""1"": 209.739, ""2"": 206.288, ""3"": 231.195, ""5"": 27.897, ""6"": 119.499}"
14.4,AUTO,67.318,35.013,-37.092,21.489,24.978,24.978,92.0,24.0,24.0,0.0,32.2,,,,,,,,,,,,,21.776,27.54,21.776,False,MANEUVERING,MANEUVERING,,,flexible_commitment_switched,5,71.48020900058327,False,0,CLOCKWISE,{},"{""1"": 209.09, ""2"": 206.823, ""3"": 231.558, ""5"": 27.54, ""6"": 118.619}"
14.45,AUTO,68.301,34.326,-34.957,24.978,24.978,24.978,92.0,24.0,24.0,0.0,32.2,,,,,,,,,,,,,21.218,27.123,21.218,False,MANEUVERING,MANEUVERING,,,flexible_commitment_switched,5,71.48020900058327,False,0,CLOCKWISE,{},"{""1"": 208.38, ""2"": 207.374, ""3"": 231.944, ""5"": 27.123, ""6"": 117.714}"
14.5,AUTO,69.31,33.675,-32.822,24.978,24.978,24.978,92.0,24.0,24.0,0.0,32.2,,,,,,,,,,,,,20.716,26.702,20.716,False,MANEUVERING,MANEUVERING,,,flexible_commitment_switched,5,71.48020900058327,False,0,CLOCKWISE,{},"{""1"": 207.648, ""2"": 207.899, ""3"": 232.169, ""5"": 26.702, ""6"": 116.796}"
14.55,AUTO,70.342,33.063,-30.687,24.978,24.978,24.978,92.0,24.0,24.0,0.0,32.2,,,,,,,,,,,,,20.27,26.277,20.27,False,MANEUVERING,MANEUVERING,,,flexible_commitment_switched,5,71.48020900058327,False,0,CLOCKWISE,{},"{""1"": 206.895, ""2"": 208.397, ""3"": 232.104, ""5"": 26.277, ""6"": 115.869}"
14.6,AUTO,71.396,32.489,-28.551,24.978,24.978,24.978,92.0,24.0,24.0,0.0,32.2,,,,,,,,,,,,,19.881,25.849,19.881,False,MANEUVERING,MANEUVERING,,,flexible_commitment_switched,5,71.48020900058327,False,0,CLOCKWISE,{},"{""1"": 206.121, ""2"": 208.867, ""3"": 231.761, ""5"": 25.849, ""6"": 114.931}"
14.65,AUTO,72.47,31.955,-26.416,24.978,24.978,24.978,92.0,24.0,24.0,0.0,32.2,,,,,,,,,,,,,19.549,25.417,19.549,False,MANEUVERING,MANEUVERING,,,flexible_commitment_switched,5,71.48020900058327,False,0,CLOCKWISE,{},"{""1"": 205.327, ""2"": 209.31, ""3"": 231.321, ""5"": 25.417, ""6"": 113.985}"
14.7,AUTO,73.564,31.462,-24.281,24.978,24.978,24.978,92.0,24.0,24.0,0.0,32.2,,,,,,,,,,,,,19.274,24.983,19.274,False,MANEUVERING,MANEUVERING,,,flexible_commitment_switched,5,71.48020900058327,False,0,CLOCKWISE,{},"{""1"": 204.514, ""2"": 209.724, ""3"": 230.853, ""5"": 24.983, ""6"": 113.031}"
14.75,AUTO,74.676,31.01,-22.146,24.978,24.978,24.978,92.0,24.0,24.0,0.0,32.2,,,,,,,,,,,,,19.058,24.547,19.058,False,MANEUVERING,MANEUVERING,,,flexible_commitment_switched,5,71.48020900058327,False,0,CLOCKWISE,{},"{""1"": 203.682, ""2"": 210.109, ""3"": 230.356, ""5"": 24.547, ""6"": 112.072}"
14.8,AUTO,75.803,30.599,-20.01,24.978,24.978,24.978,92.0,24.0,24.0,0.0,32.2,,,,,,,,,,,,,18.9,24.109,18.9,False,MANEUVERING,MANEUVERING,,,flexible_commitment_switched,5,71.48020900058327,False,0,CLOCKWISE,{},"{""1"": 202.834, ""2"": 210.344, ""3"": 229.832, ""5"": 24.109, ""6"": 111.107}"
14.85,AUTO,76.945,30.231,-17.875,24.978,24.978,24.978,92.0,24.0,24.0,0.0,32.2,,,,,,,,,,,,,18.8,23.67,18.8,False,MANEUVERING,MANEUVERING,,,flexible_commitment_switched,5,71.48020900058327,False,0,CLOCKWISE,{},"{""1"": 201.97, ""2"": 210.32, ""3"": 229.28, ""5"": 23.67, ""6"": 110.138}"
14.9,AUTO,78.1,29.905,-15.74,24.978,24.978,24.978,92.0,24.0,24.0,0.0,32.2,,,,,,,,,,,,,18.759,23.231,18.759,False,MANEUVERING,MANEUVERING,,,flexible_commitment_switched,5,71.48020900058327,False,0,CLOCKWISE,{},"{""1"": 201.09, ""2"": 210.037, ""3"": 228.701, ""5"": 23.231, ""6"": 109.166}"
14.95,AUTO,79.267,29.623,-13.605,24.978,24.978,24.978,92.0,24.0,24.0,0.0,32.2,,,,,,,,,,,,,18.777,22.791,18.777,False,MANEUVERING,MANEUVERING,,,flexible_commitment_switched,5,71.48020900058327,False,0,CLOCKWISE,{},"{""1"": 200.197, ""2"": 209.606, ""3"": 228.096, ""5"": 22.791, ""6"": 108.194}"
15.0,AUTO,80.441,29.376,-11.854,20.478,12.489,12.489,92.0,24.0,24.0,0.0,64.4,,,,,,,,,,,,,18.787,22.431,18.787,False,MANEUVERING,MANEUVERING,,,flexible_commitment_switched,5,73.4207499990589,False,0,CLOCKWISE,{},"{""1"": 199.307, ""2"": 209.222, ""3"": 227.526, ""5"": 22.431, ""6"": 107.199}"
15.05,AUTO,81.621,29.158,-10.488,15.978,12.489,12.489,92.0,24.0,24.0,0.0,64.4,,,,,,,,,,,,,18.777,22.159,18.777,False,MANEUVERING,MANEUVERING,,,flexible_commitment_switched,5,73.4207499990589,False,0,CLOCKWISE,{},"{""1"": 198.418, ""2"": 208.889, ""3"": 226.993, ""5"": 22.159, ""6"": 106.179}"
15.1,AUTO,82.805,28.962,-9.421,12.489,12.489,12.489,92.0,24.0,24.0,0.0,64.4,,,,,,,,,,,,,18.747,21.959,18.747,False,MANEUVERING,MANEUVERING,,,flexible_commitment_switched,5,73.4207499990589,False,0,CLOCKWISE,{},"{""1"": 197.529, ""2"": 208.593, ""3"": 226.487, ""5"": 21.959, ""6"": 105.137}"
15.15,AUTO,83.992,28.787,-8.353,12.489,12.489,12.489,92.0,24.0,24.0,0.0,64.4,,,,,,,,,,,,,18.742,21.771,18.742,False,MANEUVERING,MANEUVERING,,,flexible_commitment_switched,5,73.4207499990589,False,0,CLOCKWISE,{},"{""1"": 196.631, ""2"": 208.283, ""3"": 225.968, ""5"": 21.771, ""6"": 104.091}"
15.2,AUTO,85.183,28.635,-7.285,12.489,12.489,12.489,92.0,24.0,24.0,0.0,64.4,,,,,,,,,,,,,18.763,21.594,18.763,False,MANEUVERING,MANEUVERING,,,flexible_commitment_switched,5,73.4207499990589,False,0,CLOCKWISE,{},"{""1"": 195.724, ""2"": 207.96, ""3"": 225.435, ""5"": 21.594, ""6"": 103.043}"
15.25,AUTO,86.375,28.505,-6.218,12.489,12.489,12.489,92.0,24.0,24.0,0.0,64.4,,,,,,,,,,,,,18.81,21.429,18.81,False,MANEUVERING,MANEUVERING,,,flexible_commitment_switched,5,73.4207499990589,False,0,CLOCKWISE,{},"{""1"": 194.808, ""2"": 207.622, ""3"": 224.889, ""5"": 21.429, ""6"": 101.992}"
15.3,AUTO,87.571,28.397,-5.15,12.489,12.489,12.489,92.0,24.0,24.0,0.0,64.4,,,,,,,,,,,,,18.883,21.276,18.883,False,MANEUVERING,MANEUVERING,,,flexible_commitment_switched,5,73.4207499990589,False,0,CLOCKWISE,{},"{""1"": 193.884, ""2"": 207.271, ""3"": 224.33, ""5"": 21.276, ""6"": 100.939}"
15.35,AUTO,88.768,28.312,-4.083,12.489,12.489,12.489,92.0,24.0,24.0,0.0,64.4,,,,,,,,,,,,,18.981,21.136,18.981,False,MANEUVERING,MANEUVERING,,,flexible_commitment_switched,5,73.4207499990589,False,0,CLOCKWISE,{},"{""1"": 192.952, ""2"": 206.906, ""3"": 223.757, ""5"": 21.136, ""6"": 99.883}"
15.4,AUTO,89.966,28.249,-3.015,12.489,12.489,12.489,92.0,24.0,24.0,0.0,64.4,,,,,,,,,,,,,19.104,21.007,19.104,False,MANEUVERING,MANEUVERING,,,flexible_commitment_switched,5,73.4207499990589,False,0,CLOCKWISE,{},"{""1"": 192.012, ""2"": 206.527, ""3"": 223.172, ""5"": 21.007, ""6"": 98.826}"
15.45,AUTO,91.165,28.208,-1.947,12.489,12.489,12.489,92.0,24.0,24.0,0.0,64.4,,,,,,,,,,,,,19.254,20.89,19.254,False,MANEUVERING,MANEUVERING,,,flexible_commitment_switched,5,73.4207499990589,False,0,CLOCKWISE,{},"{""1"": 191.064, ""2"": 206.135, ""3"": 222.573, ""5"": 20.89, ""6"": 97.768}"
15.5,AUTO,92.365,28.19,-0.88,12.489,12.489,12.489,92.0,24.0,24.0,0.0,64.4,,,,,,,,,,,,,19.428,20.786,19.428,False,MANEUVERING,MANEUVERING,,,flexible_commitment_switched,5,73.4207499990589,False,0,CLOCKWISE,{},"{""1"": 190.109, ""2"": 205.729, ""3"": 221.962, ""5"": 20.786, ""6"": 96.709}"
15.55,AUTO,93.565,28.194,0.188,12.489,12.489,12.489,92.0,24.0,24.0,0.0,64.4,,,,,,,,,,,,,19.559,20.677,19.559,False,MANEUVERING,MANEUVERING,,,flexible_commitment_switched,5,73.4207499990589,False,0,CLOCKWISE,{},"{""1"": 189.146, ""2"": 205.309, ""3"": 221.338, ""5"": 20.677, ""6"": 95.649}"
15.6,AUTO,94.765,28.22,1.256,12.489,12.489,12.489,92.0,24.0,24.0,0.0,64.4,,,,,,,,,,,,,19.39,20.504,19.39,False,MANEUVERING,MANEUVERING,,,flexible_commitment_switched,5,73.4207499990589,False,0,CLOCKWISE,{},"{""1"": 188.176, ""2"": 204.876, ""3"": 220.702, ""5"": 20.504, ""6"": 94.588}"
15.65,AUTO,95.964,28.268,2.323,12.489,12.489,12.489,92.0,24.0,24.0,0.0,64.4,,,,,,,,,,,,,19.247,20.343,19.247,False,MANEUVERING,MANEUVERING,,,flexible_commitment_switched,5,89.65254200302297,False,0,CLOCKWISE,{},"{""1"": 187.199, ""2"": 204.429, ""3"": 220.052, ""5"": 20.343, ""6"": 93.528}"
15.7,AUTO,97.162,28.339,3.391,12.489,12.489,12.489,92.0,24.0,24.0,0.0,64.4,,,,,,,,,,,,,19.129,20.194,19.129,False,MANEUVERING,MANEUVERING,,,flexible_commitment_switched,5,89.65254200302297,False,0,CLOCKWISE,{},"{""1"": 186.216, ""2"": 203.969, ""3"": 219.391, ""5"": 20.194, ""6"": 92.468}"
15.75,AUTO,98.358,28.433,4.458,12.489,12.489,12.489,92.0,24.0,24.0,0.0,64.4,,,,,,,,,,,,,19.037,20.057,19.037,False,MANEUVERING,MANEUVERING,,,flexible_commitment_switched,5,89.65254200302297,False,0,CLOCKWISE,{},"{""1"": 185.226, ""2"": 203.496, ""3"": 218.717, ""5"": 20.057, ""6"": 91.409}"
15.8,AUTO,99.552,28.548,5.526,12.489,12.489,12.489,92.0,24.0,24.0,0.0,64.4,,,,,,,,,,,,,18.97,19.933,18.97,False,MANEUVERING,MANEUVERING,,,flexible_commitment_switched,5,89.65254200302297,False,0,CLOCKWISE,{},"{""1"": 184.23, ""2"": 203.009, ""3"": 218.032, ""5"": 19.933, ""6"": 90.351}"
15.85,AUTO,100.745,28.686,6.594,12.489,12.489,12.489,92.0,24.0,24.0,0.0,64.4,,,,,,,,,,,,,18.929,19.822,18.929,False,MANEUVERING,MANEUVERING,,,flexible_commitment_switched,5,89.65254200302297,False,0,CLOCKWISE,{},"{""1"": 183.228, ""2"": 202.51, ""3"": 217.334, ""5"": 19.822, ""6"": 89.295}"
15.9,AUTO,101.934,28.846,7.661,12.489,12.489,12.489,92.0,24.0,24.0,0.0,64.4,,,,,,,,,,,,,18.913,19.723,18.913,False,MANEUVERING,MANEUVERING,,,flexible_commitment_switched,5,89.65254200302297,False,0,CLOCKWISE,{},"{""1"": 182.22, ""2"": 201.997, ""3"": 216.624, ""5"": 19.723, ""6"": 88.241}"
15.95,AUTO,103.12,29.028,8.729,12.489,12.489,12.489,92.0,24.0,24.0,0.0,64.4,,,,,,,,,,,,,18.923,19.636,18.923,False,MANEUVERING,MANEUVERING,,,flexible_commitment_switched,5,89.65254200302297,False,0,CLOCKWISE,{},"{""1"": 181.207, ""2"": 201.471, ""3"": 215.903, ""5"": 19.636, ""6"": 87.189}"
16.0,AUTO,104.302,29.232,9.797,12.489,12.489,12.489,92.0,24.0,24.0,0.0,64.4,,,,,,,,,,,,,18.958,19.562,18.958,False,MANEUVERING,MANEUVERING,,,flexible_commitment_switched,5,89.65254200302297,False,0,CLOCKWISE,{},"{""1"": 180.188, ""2"": 200.933, ""3"": 215.169, ""5"": 19.562, ""6"": 86.14}"
16.05,AUTO,105.481,29.459,10.864,12.489,12.489,12.489,92.0,24.0,24.0,0.0,64.4,,,,,,,,,,,,,19.019,19.501,19.019,False,MANEUVERING,MANEUVERING,,,flexible_commitment_switched,5,89.65254200302297,False,0,CLOCKWISE,{},"{""1"": 179.165, ""2"": 200.381, ""3"": 214.425, ""5"": 19.501, ""6"": 85.095}"
16.1,AUTO,106.655,29.707,11.932,12.489,12.489,12.489,92.0,24.0,24.0,0.0,64.4,,,,,,,,,,,,,19.106,19.452,19.106,False,MANEUVERING,MANEUVERING,,,flexible_commitment_switched,5,89.65254200302297,False,0,CLOCKWISE,{},"{""1"": 178.137, ""2"": 199.817, ""3"": 213.669, ""5"": 19.452, ""6"": 84.053}"
16.15,AUTO,107.824,29.977,12.999,12.489,12.489,12.489,92.0,24.0,24.0,0.0,64.4,,,,,,,,,,,,,19.218,19.416,19.218,False,MANEUVERING,MANEUVERING,,,flexible_commitment_switched,5,89.65254200302297,False,0,CLOCKWISE,{},"{""1"": 177.105, ""2"": 199.24, ""3"": 212.902, ""5"": 19.416, ""6"": 82.994}"
16.2,AUTO,108.988,30.268,14.067,12.489,12.489,12.489,92.0,24.0,24.0,0.0,64.4,,,,,,,,,,,,,19.356,19.392,19.356,False,MANEUVERING,MANEUVERING,,,flexible_commitment_switched,5,89.65254200302297,False,0,CLOCKWISE,{},"{""1"": 176.069, ""2"": 198.651, ""3"": 212.124, ""5"": 19.392, ""6"": 81.901}"
16.25,AUTO,110.147,30.582,15.135,12.489,12.489,12.489,92.0,24.0,24.0,0.0,64.4,,,,,,,,,,,,,19.381,19.381,19.519,False,MANEUVERING,MANEUVERING,,,flexible_commitment_switched,5,89.65254200302297,False,0,CLOCKWISE,{},"{""1"": 175.029, ""2"": 198.049, ""3"": 211.335, ""5"": 19.381, ""6"": 80.777}"
16.3,AUTO,111.299,30.916,16.202,12.489,12.489,12.489,92.0,24.0,24.0,0.0,64.4,,,,,,,,,,,,,19.383,19.383,19.707,False,MANEUVERING,MANEUVERING,,,flexible_commitment_switched,5,99.84750000148779,False,0,CLOCKWISE,{},"{""1"": 173.986, ""2"": 197.434, ""3"": 210.535, ""5"": 19.383, ""6"": 79.62}"
16.35,AUTO,112.445,31.273,17.27,12.489,12.489,12.489,92.0,24.0,24.0,0.0,64.4,,,,,,,,,,,,,19.397,19.397,19.921,False,MANEUVERING,MANEUVERING,,,flexible_commitment_switched,5,99.84750000148779,False,0,CLOCKWISE,{},"{""1"": 172.939, ""2"": 196.808, ""3"": 209.724, ""5"": 19.397, ""6"": 78.432}"
16.4,AUTO,113.584,31.65,18.338,12.489,12.489,12.489,92.0,24.0,24.0,0.0,64.4,,,,,,,,,,,,,19.424,19.424,20.16,False,MANEUVERING,MANEUVERING,,,flexible_commitment_switched,5,99.84750000148779,False,0,CLOCKWISE,{},"{""1"": 171.89, ""2"": 196.169, ""3"": 208.904, ""5"": 19.424, ""6"": 77.212}"
16.45,AUTO,114.716,32.049,19.405,12.489,12.489,12.489,92.0,24.0,24.0,0.0,64.4,,,,,,,,,,,,,19.464,19.464,20.424,False,MANEUVERING,MANEUVERING,,,flexible_commitment_switched,5,99.84750000148779,False,0,CLOCKWISE,{},"{""1"": 170.838, ""2"": 195.518, ""3"": 208.072, ""5"": 19.464, ""6"": 75.963}"
16.5,AUTO,115.84,32.469,20.473,12.489,12.489,12.489,92.0,24.0,24.0,0.0,64.4,,,,,,,,,,,,,20.713,74.682,20.713,False,MANEUVERING,MANEUVERING,,,flexible_commitment_switched,5,99.84750000148779,False,0,CLOCKWISE,{},"{""1"": 169.783, ""2"": 194.856, ""3"": 207.231, ""6"": 74.682}"
16.55,AUTO,116.956,32.909,21.54,12.489,12.489,12.489,92.0,24.0,24.0,0.0,64.4,,,,,,,,,,,,,21.027,73.372,21.027,False,MANEUVERING,MANEUVERING,,,flexible_commitment_switched,5,99.84750000148779,False,0,CLOCKWISE,{},"{""1"": 168.727, ""2"": 194.181, ""3"": 206.38, ""6"": 73.372}"
16.6,AUTO,118.064,33.37,22.608,12.489,12.489,12.489,92.0,24.0,24.0,0.0,64.4,,,,,,,,,,,,,21.366,72.033,21.366,False,MANEUVERING,MANEUVERING,,,flexible_commitment_switched,5,99.84750000148779,False,0,CLOCKWISE,{},"{""1"": 167.67, ""2"": 193.495, ""3"": 205.519, ""6"": 72.033}"
16.65,AUTO,119.163,33.852,23.676,12.489,12.489,12.489,92.0,24.0,24.0,0.0,64.4,,,,,,,,,,,,,21.73,70.675,21.73,False,MANEUVERING,MANEUVERING,,,flexible_commitment_switched,5,99.84750000148779,False,0,CLOCKWISE,{},"{""1"": 166.611, ""2"": 192.796, ""3"": 204.649, ""6"": 70.675}"
16.7,AUTO,120.253,34.355,24.743,12.489,12.489,12.489,92.0,24.0,24.0,0.0,64.4,,,,,,,,,,,,,22.118,69.321,22.118,False,MANEUVERING,MANEUVERING,,,flexible_commitment_switched,5,99.84750000148779,False,0,CLOCKWISE,{},"{""1"": 165.551, ""2"": 192.087, ""3"": 203.769, ""6"": 69.321}"
16.75,AUTO,121.333,34.877,25.811,12.489,12.489,12.489,92.0,24.0,24.0,0.0,64.4,,,,,,,,,,,,,22.531,67.973,22.531,False,MANEUVERING,MANEUVERING,,,flexible_commitment_switched,5,99.84750000148779,False,0,CLOCKWISE,{},"{""1"": 164.491, ""2"": 191.366, ""3"": 202.88, ""6"": 67.973}"
16.8,AUTO,122.403,35.42,26.879,12.489,12.489,12.489,92.0,24.0,24.0,0.0,64.4,,,,,,,,,,,,,22.968,66.632,22.968,False,MANEUVERING,MANEUVERING,,,flexible_commitment_switched,5,99.84750000148779,False,0,CLOCKWISE,{},"{""1"": 163.431, ""2"": 190.634, ""3"": 201.981, ""6"": 66.632}"
16.85,AUTO,123.464,35.982,27.946,12.489,12.489,12.489,92.0,24.0,24.0,0.0,64.4,,,,,,,,,,,,,23.429,65.298,23.429,False,MANEUVERING,MANEUVERING,,,flexible_commitment_switched,5,99.84750000148779,False,0,CLOCKWISE,{},"{""1"": 162.371, ""2"": 189.89, ""3"": 201.074, ""6"": 65.298}"
16.9,AUTO,124.513,36.564,29.014,12.489,12.489,12.489,92.0,24.0,24.0,0.0,64.4,,,,,,,,,,,,,23.914,63.973,23.914,False,MANEUVERING,MANEUVERING,,,flexible_commitment_switched,5,99.84750000148779,False,0,CLOCKWISE,{},"{""1"": 161.311, ""2"": 189.136, ""3"": 200.159, ""6"": 63.973}"
16.95,AUTO,125.555,37.158,29.697,7.989,0.0,0.0,92.0,24.0,24.0,0.0,,,,,,,,,,,,,,24.449,62.702,24.449,False,MANEUVERING,MANEUVERING,,,flexible_commitment_switched,4,236.26591700303834,False,0,CLOCKWISE,{},"{""1"": 160.206, ""2"": 188.402, ""3"": 199.242, ""6"": 62.702}"
17.0,AUTO,126.595,37.758,29.995,3.489,0.0,0.0,92.0,24.0,24.0,0.0,,,,,,,,,,,,,,25.023,61.481,25.023,False,MANEUVERING,MANEUVERING,,,flexible_commitment_switched,4,236.26591700303834,False,0,CLOCKWISE,{},"{""1"": 159.053, ""2"": 187.694, ""3"": 198.327, ""6"": 61.481}"
17.05,AUTO,127.634,38.358,29.995,0.0,0.0,0.0,92.0,24.0,24.0,0.0,,,,,,,,,,,,,,25.623,60.297,25.623,False,MANEUVERING,MANEUVERING,,,flexible_commitment_switched,4,236.26591700303834,False,0,CLOCKWISE,{},"{""1"": 157.864, ""2"": 187.01, ""3"": 197.417, ""6"": 60.297}"
17.1,AUTO,128.673,38.958,29.995,0.0,0.0,0.0,92.0,24.0,24.0,0.0,,,,,,,,,,,,,,26.223,59.113,26.223,False,MANEUVERING,MANEUVERING,,,flexible_commitment_switched,4,236.26591700303834,False,0,CLOCKWISE,{},"{""1"": 156.675, ""2"": 186.331, ""3"": 196.51, ""6"": 59.113}"
17.15,AUTO,129.712,39.558,29.995,0.0,0.0,0.0,92.0,24.0,24.0,0.0,,,,,,,,,,,,,,26.823,57.93,26.823,False,MANEUVERING,MANEUVERING,,,flexible_commitment_switched,4,236.26591700303834,False,0,CLOCKWISE,{},"{""1"": 155.485, ""2"": 185.658, ""3"": 195.606, ""6"": 57.93}"
17.2,AUTO,130.752,40.158,29.995,0.0,0.0,0.0,92.0,24.0,24.0,0.0,,,,,,,,,,,,,,27.423,56.747,27.423,False,MANEUVERING,MANEUVERING,,,flexible_commitment_switched,4,236.26591700303834,False,0,CLOCKWISE,{},"{""1"": 154.297, ""2"": 184.99, ""3"": 194.705, ""6"": 56.747}"
17.25,AUTO,131.791,40.758,29.995,0.0,0.0,0.0,92.0,24.0,24.0,0.0,,,,,,,,,,,,,,28.023,55.565,28.023,False,MANEUVERING,MANEUVERING,,,flexible_commitment_switched,4,236.26591700303834,False,0,CLOCKWISE,{},"{""1"": 153.108, ""2"": 184.327, ""3"": 193.807, ""6"": 55.565}"
17.3,AUTO,132.83,41.358,29.995,0.0,0.0,0.0,92.0,24.0,24.0,0.0,,,,,,,,,,,,,,28.623,54.384,28.623,False,MANEUVERING,MANEUVERING,,,flexible_commitment_switched,4,236.26591700303834,False,0,CLOCKWISE,{},"{""1"": 151.919, ""2"": 183.669, ""3"": 192.913, ""6"": 54.384}"
17.35,AUTO,133.87,41.958,29.995,0.0,0.0,0.0,92.0,24.0,24.0,0.0,,,,,,,,,,,,,,29.223,53.204,29.223,False,MANEUVERING,MANEUVERING,,,flexible_commitment_switched,4,236.26591700303834,False,0,CLOCKWISE,{},"{""1"": 150.731, ""2"": 183.018, ""3"": 192.022, ""6"": 53.204}"
17.4,AUTO,134.909,42.558,29.995,0.0,0.0,0.0,92.0,24.0,24.0,0.0,,,,,,,,,,,,,,29.823,52.025,29.823,False,MANEUVERING,MANEUVERING,,,flexible_commitment_switched,4,236.26591700303834,False,0,CLOCKWISE,{},"{""1"": 149.543, ""2"": 182.371, ""3"": 191.135, ""6"": 52.025}"
17.45,AUTO,135.948,43.158,29.995,0.0,0.0,0.0,92.0,24.0,24.0,0.0,,,,,,,,,,,,,,30.423,50.847,30.423,False,MANEUVERING,MANEUVERING,,,flexible_commitment_switched,4,236.26591700303834,False,0,CLOCKWISE,{},"{""1"": 148.355, ""2"": 181.731, ""3"": 190.251, ""6"": 50.847}"
17.5,AUTO,136.987,43.757,29.995,0.0,0.0,0.0,92.0,24.0,24.0,0.0,,,,,,,,,,,,,,31.023,49.67,31.023,False,MANEUVERING,MANEUVERING,,,flexible_commitment_switched,4,236.26591700303834,False,0,CLOCKWISE,{},"{""1"": 147.167, ""2"": 181.096, ""3"": 189.37, ""6"": 49.67}"
17.55,AUTO,138.027,44.357,29.995,0.0,0.0,0.0,92.0,24.0,24.0,0.0,,,,,,,,,,,,,,31.622,48.494,31.622,False,MANEUVERING,MANEUVERING,,,flexible_commitment_switched,4,236.26591700303834,False,0,CLOCKWISE,{},"{""1"": 145.979, ""2"": 180.467, ""3"": 188.493, ""6"": 48.494}"
17.6,AUTO,139.066,44.957,29.995,0.0,0.0,0.0,92.0,24.0,24.0,0.0,,,,,,,,,,,,,,32.222,47.319,32.222,False,FOLLOW,FOLLOW,,,flexible_commitment_kept,5,97.63537500111852,False,0,CLOCKWISE,{},"{""1"": 144.792, ""2"": 179.843, ""3"": 187.62, ""6"": 47.319}"
17.65,AUTO,140.105,45.557,29.995,0.0,0.0,0.0,92.0,24.0,24.0,0.0,,,,,,,,,,,,,,32.822,46.145,32.822,False,FOLLOW,FOLLOW,,,flexible_commitment_kept,5,97.63537500111852,False,0,CLOCKWISE,{},"{""1"": 143.605, ""2"": 179.226, ""3"": 186.75, ""6"": 46.145}"
17.7,AUTO,141.145,46.157,29.995,0.0,0.0,0.0,92.0,24.0,24.0,0.0,,,,,,,,,,,,,,33.422,44.973,33.422,False,FOLLOW,FOLLOW,,,flexible_commitment_kept,5,97.63537500111852,False,0,CLOCKWISE,{},"{""1"": 142.418, ""2"": 178.614, ""3"": 185.883, ""6"": 44.973}"
17.75,AUTO,142.184,46.757,29.995,0.0,0.0,0.0,92.0,24.0,24.0,0.0,,,,,,,,,,,,,,34.022,43.802,34.022,False,FOLLOW,FOLLOW,,,flexible_commitment_kept,5,97.63537500111852,False,0,CLOCKWISE,{},"{""1"": 141.231, ""2"": 178.009, ""3"": 185.021, ""6"": 43.802}"
17.8,AUTO,143.223,47.357,29.995,0.0,0.0,0.0,92.0,24.0,24.0,0.0,,,,,,,,,,,,,,34.622,42.633,34.622,False,FOLLOW,FOLLOW,,,flexible_commitment_kept,5,97.63537500111852,False,0,CLOCKWISE,{},"{""1"": 140.044, ""2"": 177.408, ""3"": 184.162, ""6"": 42.633}"
17.85,AUTO,144.262,47.957,29.995,0.0,0.0,0.0,92.0,24.0,24.0,0.0,,,,,,,,,,,,,,35.222,41.466,35.222,False,FOLLOW,FOLLOW,,,flexible_commitment_kept,5,97.63537500111852,False,0,CLOCKWISE,{},"{""1"": 138.858, ""2"": 176.808, ""3"": 183.307, ""6"": 41.466}"
17.9,AUTO,145.302,48.557,29.995,0.0,0.0,0.0,92.0,24.0,24.0,0.0,,,,,,,,,,,,,,35.822,40.3,35.822,False,FOLLOW,FOLLOW,,,flexible_commitment_kept,5,97.63537500111852,False,0,CLOCKWISE,{},"{""1"": 137.672, ""2"": 176.208, ""3"": 182.456, ""6"": 40.3}"
17.95,AUTO,146.341,49.157,29.995,0.0,0.0,0.0,92.0,24.0,24.0,0.0,,,,,,,,,,,,,,36.422,39.137,36.422,False,FOLLOW,FOLLOW,,,flexible_commitment_kept,5,97.63537500111852,False,0,CLOCKWISE,{},"{""1"": 136.486, ""2"": 175.608, ""3"": 181.609, ""6"": 39.137}"
18.0,AUTO,147.38,49.757,29.995,0.0,0.0,0.0,92.0,24.0,24.0,0.0,,,,,,,,,,,,,,37.022,37.976,37.022,False,FOLLOW,FOLLOW,,,flexible_commitment_kept,5,97.63537500111852,False,0,CLOCKWISE,{},"{""1"": 135.3, ""2"": 175.009, ""3"": 180.766, ""6"": 37.976}"
18.05,AUTO,148.42,50.356,29.995,0.0,0.0,0.0,92.0,24.0,24.0,0.0,,,,,,,,,,,,,,36.818,36.818,36.909,False,FOLLOW,FOLLOW,,,flexible_commitment_kept,5,97.63537500111852,False,0,CLOCKWISE,{},"{""1"": 134.115, ""2"": 174.41, ""3"": 179.927, ""6"": 36.818}"
18.1,AUTO,149.459,50.956,29.995,0.0,0.0,0.0,92.0,24.0,24.0,0.0,,,,,,,,,,,,,,35.662,35.662,36.309,False,FOLLOW,FOLLOW,,,flexible_commitment_kept,5,97.63537500111852,False,0,CLOCKWISE,{},"{""1"": 132.93, ""2"": 173.818, ""3"": 179.093, ""6"": 35.662}"
18.15,AUTO,150.498,51.556,29.995,0.0,0.0,0.0,92.0,24.0,24.0,0.0,,,,,,,,,,,,,,34.509,34.509,35.709,False,FOLLOW,FOLLOW,,,flexible_commitment_kept,5,97.63537500111852,False,0,CLOCKWISE,{},"{""1"": 131.745, ""2"": 173.232, ""3"": 178.262, ""6"": 34.509}"
18.2,AUTO,151.537,52.156,29.995,0.0,0.0,0.0,92.0,24.0,24.0,0.0,,,,,,,,,,,,,,33.36,33.36,35.109,False,FOLLOW,FOLLOW,,,flexible_commitment_kept,5,97.63537500111852,False,0,CLOCKWISE,{},"{""1"": 130.561, ""2"": 172.653, ""3"": 177.435, ""6"": 33.36}"
18.25,AUTO,152.573,52.763,30.38,4.5,12.489,12.489,92.0,24.0,24.0,0.0,64.4,,,,,,,,,,,,,32.183,32.183,34.47,False,MANEUVERING,MANEUVERING,,,flexible_commitment_switched,5,95.135791998473,False,0,CLOCKWISE,{},"{""1"": 129.421, ""2"": 172.038, ""3"": 176.595, ""6"": 32.183}"
18.3,AUTO,153.6,53.384,31.149,9.0,12.489,12.489,92.0,24.0,24.0,0.0,64.4,,,,,,,,,,,,,30.989,30.989,33.786,False,MANEUVERING,MANEUVERING,,,flexible_commitment_switched,5,95.135791998473,False,0,CLOCKWISE,{},"{""1"": 128.326, ""2"": 171.381, ""3"": 175.736, ""6"": 30.989}"
18.35,AUTO,154.615,54.024,32.217,12.489,12.489,12.489,92.0,24.0,24.0,0.0,64.4,,,,,,,,,,,,,29.796,29.796,33.063,False,MANEUVERING,MANEUVERING,,,flexible_commitment_switched,5,95.135791998473,False,0,CLOCKWISE,{},"{""1"": 127.268, ""2"": 170.686, ""3"": 174.859, ""6"": 29.796}"
18.4,AUTO,155.618,54.682,33.284,12.489,12.489,12.489,92.0,24.0,24.0,0.0,64.4,,,,,,,,,,,,,28.632,28.632,32.325,False,MANEUVERING,MANEUVERING,,,flexible_commitment_switched,5,95.135791998473,False,0,CLOCKWISE,{},"{""1"": 126.212, ""2"": 169.979, ""3"": 173.973, ""6"": 28.632}"
18.45,AUTO,156.609,55.359,34.352,12.489,12.489,12.489,92.0,24.0,24.0,0.0,64.4,,,,,,,,,,,,,27.503,27.503,31.574,False,MANEUVERING,MANEUVERING,,,flexible_commitment_switched,5,95.135791998473,False,0,CLOCKWISE,{},"{""1"": 125.157, ""2"": 169.262, ""3"": 173.078, ""6"": 27.503}"
18.5,AUTO,157.587,56.055,35.42,12.489,12.489,12.489,92.0,24.0,24.0,0.0,64.4,,,,,,,,,,,,,26.414,26.414,30.808,False,MANEUVERING,MANEUVERING,,,flexible_commitment_switched,5,95.135791998473,False,0,CLOCKWISE,{},"{""1"": 124.105, ""2"": 168.534, ""3"": 172.174, ""6"": 26.414}"
18.55,AUTO,158.551,56.768,36.487,12.489,12.489,12.489,92.0,24.0,24.0,0.0,64.4,,,,,,,,,,,,,25.369,25.369,30.029,False,MANEUVERING,MANEUVERING,,,flexible_commitment_switched,5,95.135791998473,False,0,CLOCKWISE,{},"{""1"": 123.055, ""2"": 167.795, ""3"": 171.262, ""6"": 25.369}"
18.6,AUTO,159.503,57.5,37.555,12.489,12.489,12.489,92.0,24.0,24.0,0.0,64.4,,,,,,,,,,,,,24.375,24.375,29.237,False,MANEUVERING,MANEUVERING,,,flexible_commitment_switched,5,95.135791998473,False,0,CLOCKWISE,{},"{""1"": 122.009, ""2"": 167.045, ""3"": 170.341, ""6"": 24.375}"
18.65,AUTO,160.44,58.249,38.622,12.489,12.489,12.489,92.0,24.0,24.0,0.0,64.4,,,,,,,,,,,,,23.43,23.43,28.432,False,MANEUVERING,MANEUVERING,,,flexible_commitment_switched,5,95.135791998473,False,0,CLOCKWISE,{},"{""1"": 120.966, ""2"": 166.285, ""3"": 169.412, ""6"": 23.43}"
18.7,AUTO,161.364,59.015,39.69,12.489,12.489,12.489,92.0,24.0,24.0,0.0,64.4,,,,,,,,,,,,,22.506,22.506,27.614,False,MANEUVERING,MANEUVERING,,,flexible_commitment_switched,5,95.135791998473,False,0,CLOCKWISE,{},"{""1"": 119.912, ""2"": 165.514, ""3"": 168.476, ""6"": 22.506}"
18.75,AUTO,162.273,59.798,40.758,12.489,12.489,12.489,92.0,24.0,24.0,0.0,64.4,,,,,,,,,,,,,21.602,21.602,26.783,False,MANEUVERING,MANEUVERING,,,flexible_commitment_switched,5,95.135791998473,False,0,CLOCKWISE,{},"{""1"": 118.814, ""2"": 164.733, ""3"": 167.532, ""6"": 21.602}"
18.8,AUTO,163.167,60.599,41.825,12.489,12.489,12.489,92.0,24.0,24.0,0.0,64.4,,,,,,,,,,,,,20.718,20.718,25.941,False,MANEUVERING,MANEUVERING,,,flexible_commitment_switched,5,95.135791998473,False,0,CLOCKWISE,{},"{""1"": 117.671, ""2"": 163.942, ""3"": 166.58, ""6"": 20.718}"
18.85,AUTO,164.046,61.415,42.893,12.489,12.489,12.489,92.0,24.0,24.0,0.0,64.4,,,,,,,,,,,,,19.853,19.853,25.086,False,MANEUVERING,MANEUVERING,,,flexible_commitment_switched,5,95.135791998473,False,0,CLOCKWISE,{},"{""1"": 116.484, ""2"": 163.141, ""3"": 165.621, ""6"": 19.853}"
18.9,AUTO,164.915,62.243,43.576,7.989,-9.615,-9.615,92.0,24.0,24.0,0.0,86.0,,,,,,,,,,,,,19.012,19.012,24.237,False,MANEUVERING,MANEUVERING,,,flexible_commitment_switched,5,96.6727080012788,False,0,CLOCKWISE,{},"{""1"": 115.268, ""2"": 162.355, ""3"": 164.654, ""6"": 19.012}"
18.95,AUTO,165.78,63.074,43.874,3.489,-9.615,-9.615,92.0,24.0,24.0,0.0,86.0,,,,,,,,,,,,,18.216,18.216,23.397,False,MANEUVERING,MANEUVERING,,,flexible_commitment_switched,5,96.6727080012788,False,0,CLOCKWISE,{},"{""1"": 114.056, ""2"": 161.589, ""3"": 163.68, ""6"": 18.216}"
19.0,AUTO,166.647,63.905,43.79,-1.011,-9.615,-9.615,92.0,24.0,24.0,0.0,86.0,,,,,,,,,,,,,17.45,17.45,22.569,False,MANEUVERING,MANEUVERING,,,flexible_commitment_switched,5,96.6727080012788,False,0,CLOCKWISE,{},"{""1"": 112.86, ""2"": 160.85, ""3"": 162.705, ""6"": 17.45}"
19.05,AUTO,167.52,64.728,43.332,-5.511,-9.615,-9.615,92.0,24.0,24.0,0.0,86.0,,,,,,,,,,,,,16.702,16.702,21.759,False,MANEUVERING,MANEUVERING,,,flexible_commitment_switched,5,96.6727080012788,False,0,CLOCKWISE,{},"{""1"": 111.676, ""2"": 160.144, ""3"": 161.735, ""6"": 16.702}"
19.1,AUTO,168.404,65.539,42.532,-9.615,-9.615,-9.615,92.0,24.0,24.0,0.0,86.0,,,,,,,,,,,,,15.961,15.961,20.974,False,MANEUVERING,MANEUVERING,,,flexible_commitment_switched,5,96.6727080012788,False,0,CLOCKWISE,{},"{""1"": 110.485, ""2"": 159.48, ""3"": 160.778, ""6"": 15.961}"
19.15,AUTO,169.299,66.338,41.733,-9.615,-9.615,-9.615,92.0,24.0,24.0,0.0,86.0,,,,,,,,,,,,,15.251,15.251,20.205,False,MANEUVERING,MANEUVERING,,,flexible_commitment_switched,5,96.6727080012788,False,0,CLOCKWISE,{},"{""1"": 109.271, ""2"": 158.841, ""3"": 159.839, ""6"": 15.251}"
19.2,AUTO,170.206,67.124,40.933,-9.615,-9.615,-9.615,92.0,24.0,24.0,0.0,86.0,,,,,,,,,,,,,14.575,14.575,19.45,False,MANEUVERING,MANEUVERING,,,flexible_commitment_switched,5,96.6727080012788,False,0,CLOCKWISE,{},"{""1"": 108.034, ""2"": 158.227, ""3"": 158.919, ""6"": 14.575}"
19.25,AUTO,171.123,67.898,40.134,-9.615,-9.615,-9.615,92.0,24.0,24.0,0.0,86.0,,,,,,,,,,,,,13.94,13.94,18.711,False,MANEUVERING,MANEUVERING,,,flexible_commitment_switched,5,96.6727080012788,False,0,CLOCKWISE,{},"{""1"": 106.773, ""2"": 157.638, ""3"": 158.019, ""6"": 13.94}"
19.3,AUTO,172.052,68.659,39.334,-9.615,-9.615,-9.615,92.0,24.0,24.0,0.0,86.0,,,,,,,,,,,,,13.35,13.35,17.987,False,MANEUVERING,MANEUVERING,,,flexible_commitment_switched,5,96.6727080012788,False,0,CLOCKWISE,{},"{""1"": 105.489, ""2"": 157.075, ""3"": 157.138, ""6"": 13.35}"
19.35,AUTO,172.99,69.406,38.535,-9.615,-9.615,-9.615,92.0,24.0,24.0,0.0,86.0,,,,,,,,,,,,,12.813,12.813,17.279,False,MANEUVERING,MANEUVERING,,,flexible_commitment_switched,5,96.6727080012788,False,0,CLOCKWISE,{},"{""1"": 104.183, ""2"": 156.538, ""3"": 156.278, ""6"": 12.813}"
19.4,AUTO,173.939,70.141,37.735,-9.615,-9.615,-9.615,92.0,24.0,24.0,0.0,86.0,,,,,,,,,,,,,12.335,12.335,16.586,False,MANEUVERING,MANEUVERING,,,flexible_commitment_switched,5,96.6727080012788,False,0,CLOCKWISE,{},"{""1"": 102.864, ""2"": 156.028, ""3"": 155.439, ""6"": 12.335}"
19.45,AUTO,174.898,70.862,36.936,-9.615,-9.615,-9.615,92.0,24.0,24.0,0.0,86.0,,,,,,,,,,,,,11.923,11.923,15.91,False,MANEUVERING,MANEUVERING,,,flexible_commitment_switched,5,96.6727080012788,False,0,CLOCKWISE,{},"{""1"": 101.548, ""2"": 155.545, ""3"": 154.621, ""6"": 11.923}"
19.5,AUTO,175.867,71.569,36.136,-9.615,-9.615,-9.615,92.0,24.0,24.0,0.0,86.0,,,,,,,,,,,,,11.585,11.585,15.249,False,MANEUVERING,MANEUVERING,,,flexible_commitment_switched,5,96.6727080012788,False,0,CLOCKWISE,{},"{""1"": 100.235, ""2"": 155.089, ""3"": 153.825, ""6"": 11.585}"
19.55,AUTO,176.846,72.263,35.337,-9.615,-9.615,-9.615,92.0,24.0,24.0,0.0,86.0,,,,,,,,,,,,,11.328,11.328,14.605,False,MANEUVERING,MANEUVERING,,,flexible_commitment_kept,20,406.61237499443814,False,0,CLOCKWISE,{},"{""1"": 98.925, ""2"": 154.66, ""3"": 153.052, ""6"": 11.328}"
19.6,AUTO,177.835,72.944,34.538,-9.615,-9.615,-9.615,92.0,24.0,24.0,0.0,86.0,,,,,,,,,,,,,11.152,11.152,13.977,False,MANEUVERING,MANEUVERING,,,flexible_commitment_kept,20,406.61237499443814,False,0,CLOCKWISE,{},"{""1"": 97.619, ""2"": 154.26, ""3"": 152.301, ""6"": 11.152}"
19.65,AUTO,178.833,73.61,33.738,-9.615,-9.615,-9.615,92.0,24.0,24.0,0.0,86.0,,,,,,,,,,,,,11.007,11.007,13.365,False,MANEUVERING,MANEUVERING,,,flexible_commitment_kept,20,406.61237499443814,False,0,CLOCKWISE,{},"{""1"": 96.318, ""2"": 153.887, ""3"": 151.574, ""6"": 11.007}"
19.7,AUTO,179.84,74.263,32.939,-9.615,-9.615,-9.615,92.0,24.0,24.0,0.0,86.0,,,,,,,,,,,,,10.874,10.874,12.77,False,MANEUVERING,MANEUVERING,,,flexible_commitment_kept,20,406.61237499443814,False,0,CLOCKWISE,{},"{""1"": 95.021, ""2"": 153.544, ""3"": 150.871, ""6"": 10.874}"
19.75,AUTO,180.856,74.901,32.139,-9.615,-9.615,-9.615,92.0,24.0,24.0,0.0,86.0,,,,,,,,,,,,,10.755,10.755,12.191,False,MANEUVERING,MANEUVERING,,,flexible_commitment_kept,20,406.61237499443814,False,0,CLOCKWISE,{},"{""1"": 93.729, ""2"": 153.229, ""3"": 150.193, ""6"": 10.755}"
19.8,AUTO,181.881,75.525,31.34,-9.615,-9.615,-9.615,92.0,24.0,24.0,0.0,86.0,,,,,,,,,,,,,10.648,10.648,11.629,False,MANEUVERING,MANEUVERING,,,flexible_commitment_kept,20,406.61237499443814,False,0,CLOCKWISE,{},"{""1"": 92.443, ""2"": 152.943, ""3"": 149.539, ""6"": 10.648}"
19.85,AUTO,182.914,76.135,30.54,-9.615,-9.615,-9.615,92.0,24.0,24.0,0.0,86.0,,,,,,,,,,,,,10.555,10.555,11.084,False,MANEUVERING,MANEUVERING,,,flexible_commitment_kept,20,406.61237499443814,False,0,CLOCKWISE,{},"{""1"": 91.164, ""2"": 152.686, ""3"": 148.91, ""6"": 10.555}"
19.9,AUTO,183.956,76.73,29.741,-9.615,-9.615,-9.615,92.0,24.0,24.0,0.0,86.0,,,,,,,,,,,,,10.474,10.474,10.557,False,MANEUVERING,MANEUVERING,,,flexible_commitment_kept,20,406.61237499443814,False,0,CLOCKWISE,{},"{""1"": 89.891, ""2"": 152.459, ""3"": 148.308, ""6"": 10.474}"
19.95,AUTO,185.007,77.311,28.941,-9.615,-9.615,-9.615,92.0,24.0,24.0,0.0,86.0,,,,,,,,,,,,,10.046,10.407,10.046,False,MANEUVERING,MANEUVERING,,,flexible_commitment_kept,20,406.61237499443814,False,0,CLOCKWISE,{},"{""1"": 88.625, ""2"": 152.261, ""3"": 147.731, ""6"": 10.407}"
20.0,AUTO,186.065,77.877,28.142,-9.615,-9.615,-9.615,92.0,24.0,24.0,0.0,86.0,,,,,,,,,,,,,9.552,10.353,9.552,False,MANEUVERING,MANEUVERING,,,flexible_commitment_kept,20,406.61237499443814,False,0,CLOCKWISE,{},"{""1"": 87.367, ""2"": 152.093, ""3"": 147.181, ""6"": 10.353}"
20.05,AUTO,187.131,78.428,27.342,-9.615,-9.615,-9.615,92.0,24.0,24.0,0.0,86.0,,,,,,,,,,,,,9.076,10.311,9.076,False,MANEUVERING,MANEUVERING,,,flexible_commitment_kept,20,406.61237499443814,False,0,CLOCKWISE,{},"{""1"": 86.117, ""2"": 151.955, ""3"": 146.658, ""6"": 10.311}"
20.1,AUTO,188.204,78.964,26.543,-9.615,-9.615,-9.615,92.0,24.0,24.0,0.0,86.0,,,,,,,,,,,,,8.617,10.283,8.617,False,MANEUVERING,MANEUVERING,,,flexible_commitment_kept,20,406.61237499443814,False,0,CLOCKWISE,{},"{""1"": 84.876, ""2"": 151.847, ""3"": 146.163, ""6"": 10.283}"
20.15,AUTO,189.285,79.486,25.743,-9.615,-9.615,-9.615,92.0,24.0,24.0,0.0,86.0,,,,,,,,,,,,,8.175,10.268,8.175,False,MANEUVERING,MANEUVERING,,,flexible_commitment_kept,20,406.61237499443814,False,0,CLOCKWISE,{},"{""1"": 83.645, ""2"": 151.769, ""3"": 145.695, ""6"": 10.268}"
20.2,AUTO,190.376,79.984,24.57,-14.115,-19.231,-19.231,92.0,24.0,24.0,0.0,43.0,,,,,,,,,,,,,7.797,10.263,7.797,False,MANEUVERING,MANEUVERING,,,flexible_commitment_kept,20,359.49654200521763,False,0,CLOCKWISE,{},"{""1"": 82.394, ""2"": 151.789, ""3"": 145.301, ""6"": 10.263}"
20.25,AUTO,191.481,80.454,23.022,-18.615,-19.231,-19.231,92.0,24.0,24.0,0.0,43.0,,,,,,,,,,,,,7.495,10.278,7.495,False,MANEUVERING,MANEUVERING,,,flexible_commitment_kept,20,359.49654200521763,False,0,CLOCKWISE,{},"{""1"": 81.133, ""2"": 151.922, ""3"": 144.995, ""6"": 10.278}"
20.3,AUTO,192.598,80.892,21.423,-19.231,-19.231,-19.231,92.0,24.0,24.0,0.0,43.0,,,,,,,,,,,,,7.24,10.312,7.24,False,MANEUVERING,MANEUVERING,,,flexible_commitment_kept,20,359.49654200521763,False,0,CLOCKWISE,{},"{""1"": 79.897, ""2"": 152.118, ""3"": 144.74, ""6"": 10.312}"
20.35,AUTO,193.727,81.299,19.824,-19.231,-19.231,-19.231,92.0,24.0,24.0,0.0,43.0,,,,,,,,,,,,,7.065,10.365,7.065,False,MANEUVERING,MANEUVERING,,,flexible_commitment_kept,20,359.49654200521763,False,0,CLOCKWISE,{},"{""1"": 78.692, ""2"": 152.368, ""3"": 144.524, ""6"": 10.365}"
20.4,AUTO,194.867,81.674,18.225,-19.231,-19.231,-19.231,92.0,24.0,24.0,0.0,43.0,,,,,,,,,,,,,7.201,10.436,7.201,False,MANEUVERING,MANEUVERING,,,flexible_commitment_kept,20,359.49654200521763,False,0,CLOCKWISE,{},"{""1"": 77.522, ""2"": 152.659, ""3"": 144.35, ""6"": 10.436}"
20.45,AUTO,196.016,82.018,16.626,-19.231,-19.231,-19.231,92.0,24.0,24.0,0.0,43.0,,,,,,,,,,,,,7.491,10.526,7.491,False,MANEUVERING,MANEUVERING,,,flexible_commitment_kept,20,359.49654200521763,False,0,CLOCKWISE,{},"{""1"": 76.387, ""2"": 152.833, ""3"": 144.221, ""6"": 10.526}"
20.5,AUTO,197.175,82.329,15.027,-19.231,-19.231,-19.231,92.0,24.0,24.0,0.0,43.0,,,,,,,,,,,,,7.735,10.635,7.735,False,MANEUVERING,MANEUVERING,,,flexible_commitment_kept,20,359.49654200521763,False,0,CLOCKWISE,{},"{""1"": 75.292, ""2"": 152.848, ""3"": 144.148, ""6"": 10.635}"
20.55,AUTO,198.343,82.608,13.428,-19.231,-19.231,-19.231,92.0,24.0,24.0,0.0,43.0,,,,,,,,,,,,,7.932,10.762,7.932,False,MANEUVERING,MANEUVERING,,,flexible_commitment_kept,20,359.49654200521763,False,0,CLOCKWISE,{},"{""1"": 74.239, ""2"": 152.704, ""3"": 144.131, ""6"": 10.762}"
20.6,AUTO,199.517,82.853,11.829,-19.231,-19.231,-19.231,92.0,24.0,24.0,0.0,43.0,,,,,,,,,,,,,8.083,10.908,8.083,False,MANEUVERING,MANEUVERING,,,flexible_commitment_kept,20,359.49654200521763,False,0,CLOCKWISE,{},"{""1"": 73.229, ""2"": 152.446, ""3"": 144.17, ""6"": 10.908}"
20.65,AUTO,200.698,83.067,10.23,-19.231,-19.231,-19.231,92.0,24.0,24.0,0.0,43.0,,,,,,,,,,,,,8.188,11.072,8.188,False,MANEUVERING,MANEUVERING,,,flexible_commitment_kept,20,359.49654200521763,False,0,CLOCKWISE,{},"{""1"": 72.267, ""2"": 152.231, ""3"": 144.266, ""6"": 11.072}"
20.7,AUTO,201.884,83.247,8.631,-19.231,-19.231,-19.231,92.0,24.0,24.0,0.0,43.0,,,,,,,,,,,,,8.246,11.254,8.246,False,MANEUVERING,MANEUVERING,,,flexible_commitment_kept,20,359.49654200521763,False,0,CLOCKWISE,{},"{""1"": 71.354, ""2"": 152.069, ""3"": 144.417, ""6"": 11.254}"
20.75,AUTO,203.075,83.394,7.032,-19.231,-19.231,-19.231,92.0,24.0,24.0,0.0,43.0,,,,,,,,,,,,,8.258,11.454,8.258,False,MANEUVERING,MANEUVERING,,,flexible_commitment_kept,20,359.49654200521763,False,0,CLOCKWISE,{},"{""1"": 70.493, ""2"": 151.963, ""3"": 144.624, ""6"": 11.454}"
20.8,AUTO,204.27,83.507,5.433,-19.231,-19.231,-19.231,92.0,24.0,24.0,0.0,43.0,,,,,,,,,,,,,8.223,11.672,8.223,False,MANEUVERING,MANEUVERING,,,flexible_commitment_kept,20,359.49654200521763,False,0,CLOCKWISE,{},"{""1"": 69.687, ""2"": 151.911, ""3"": 144.886, ""6"": 11.672}"
20.85,AUTO,205.467,83.588,3.834,-19.231,-19.231,-19.231,92.0,24.0,24.0,0.0,43.0,,,,,,,,,,,,,8.141,11.907,8.141,False,MANEUVERING,MANEUVERING,,,flexible_commitment_kept,20,395.71375000377884,False,0,CLOCKWISE,{},"{""1"": 68.939, ""2"": 151.915, ""3"": 145.166, ""6"": 11.907}"
20.9,AUTO,206.666,83.634,2.236,-19.231,-19.231,-19.231,92.0,24.0,24.0,0.0,43.0,,,,,,,,,,,,,8.013,12.161,8.013,False,MANEUVERING,MANEUVERING,,,flexible_commitment_kept,20,395.71375000377884,False,0,CLOCKWISE,{},"{""1"": 68.25, ""2"": 151.973, ""3"": 145.311, ""6"": 12.161}"
20.95,AUTO,207.866,83.648,0.637,-19.231,-19.231,-19.231,92.0,24.0,24.0,0.0,43.0,,,,,,,,,,,,,7.839,12.431,7.839,False,MANEUVERING,MANEUVERING,,,flexible_commitment_kept,20,395.71375000377884,False,0,CLOCKWISE,{},"{""1"": 67.624, ""2"": 152.087, ""3"": 145.302, ""6"": 12.431}"
21.0,AUTO,209.066,83.627,-0.962,-19.231,-19.231,-19.231,92.0,24.0,24.0,0.0,43.0,,,,,,,,,,,,,7.596,12.635,7.596,False,MANEUVERING,MANEUVERING,,,flexible_commitment_kept,20,395.71375000377884,False,0,CLOCKWISE,{},"{""1"": 67.062, ""2"": 152.255, ""3"": 145.096, ""6"": 12.635}"
21.05,AUTO,210.265,83.574,-2.561,-19.231,-19.231,-19.231,92.0,24.0,24.0,0.0,43.0,,,,,,,,,,,,,7.363,12.8,7.363,False,MANEUVERING,MANEUVERING,,,flexible_commitment_kept,20,395.71375000377884,False,0,CLOCKWISE,{},"{""1"": 66.567, ""2"": 152.477, ""3"": 144.862, ""6"": 12.8}"
21.1,AUTO,211.462,83.487,-4.16,-19.231,-19.231,-19.231,92.0,24.0,24.0,0.0,43.0,,,,,,,,,,,,,7.332,12.982,7.332,False,MANEUVERING,MANEUVERING,,,flexible_commitment_kept,20,395.71375000377884,False,0,CLOCKWISE,{},"{""1"": 66.14, ""2"": 152.754, ""3"": 144.669, ""6"": 12.982}"
21.15,AUTO,212.656,83.366,-5.759,-19.231,-19.231,-19.231,92.0,24.0,24.0,0.0,43.0,,,,,,,,,,,,,7.629,13.18,7.629,False,MANEUVERING,MANEUVERING,,,flexible_commitment_kept,20,395.71375000377884,False,0,CLOCKWISE,{},"{""1"": 65.783, ""2"": 153.084, ""3"": 144.517, ""6"": 13.18}"
21.2,AUTO,213.846,83.213,-7.358,-19.231,-19.231,-19.231,92.0,24.0,24.0,0.0,43.0,,,,,,,,,,,,,8.219,13.395,8.219,False,MANEUVERING,MANEUVERING,,,flexible_commitment_kept,20,395.71375000377884,False,0,CLOCKWISE,{},"{""1"": 65.498, ""2"": 153.467, ""3"": 144.417, ""6"": 13.395}"
21.25,AUTO,215.031,83.026,-8.957,-19.231,-19.231,-19.231,92.0,24.0,24.0,0.0,43.0,,,,,,,,,,,,,9.043,65.285,9.043,False,MANEUVERING,MANEUVERING,,,flexible_commitment_kept,20,395.71375000377884,False,0,CLOCKWISE,{},"{""1"": 65.285, ""2"": 153.903, ""3"": 144.373}"
21.3,AUTO,216.211,82.806,-10.556,-19.231,-19.231,-19.231,92.0,24.0,24.0,0.0,43.0,,,,,,,,,,,,,10.044,65.146,10.044,False,MANEUVERING,MANEUVERING,,,flexible_commitment_kept,20,395.71375000377884,False,0,CLOCKWISE,{},"{""1"": 65.146, ""2"": 154.389, ""3"": 144.385}"
21.35,AUTO,217.384,82.553,-12.155,-19.231,-19.231,-19.231,92.0,24.0,24.0,0.0,43.0,,,,,,,,,,,,,11.174,65.082,11.174,False,MANEUVERING,MANEUVERING,,,flexible_commitment_kept,20,395.71375000377884,False,0,CLOCKWISE,{},"{""1"": 65.082, ""2"": 154.927, ""3"": 144.453}"
21.4,AUTO,218.55,82.268,-13.754,-19.231,-19.231,-19.231,92.0,24.0,24.0,0.0,43.0,,,,,,,,,,,,,12.397,65.091,12.397,False,MANEUVERING,MANEUVERING,,,flexible_commitment_kept,20,395.71375000377884,False,0,CLOCKWISE,{},"{""1"": 65.091, ""2"": 155.514, ""3"": 144.576}"
21.45,AUTO,219.707,81.95,-15.353,-19.231,-19.231,-19.231,92.0,24.0,24.0,0.0,43.0,,,,,,,,,,,,,13.686,65.175,13.686,False,MANEUVERING,MANEUVERING,,,flexible_commitment_kept,20,395.71375000377884,False,0,CLOCKWISE,{},"{""1"": 65.175, ""2"": 156.149, ""3"": 144.755}"
21.5,AUTO,220.69,81.661,-16.399,-14.731,0.0,0.0,92.0,20.5,0.0,-70.0,,,,,,,,,,,,,,14.791,65.243,14.791,False,NO_SAFE_TRAJECTORY,NO_SAFE_TRAJECTORY,,,NO_SAFE_TRAJECTORY,19,446.56762500380864,False,0,CLOCKWISE,{},"{""1"": 65.243, ""2"": 156.739, ""3"": 144.982}"
21.55,AUTO,221.503,81.412,-17.002,-10.231,0.0,0.0,92.0,17.0,0.0,-70.0,,,,,,,,,,,,,,15.691,65.282,15.691,False,NO_SAFE_TRAJECTORY,NO_SAFE_TRAJECTORY,,,NO_SAFE_TRAJECTORY,19,446.56762500380864,False,0,CLOCKWISE,{},"{""1"": 65.282, ""2"": 157.255, ""3"": 145.22}"
21.6,AUTO,222.148,81.212,-17.27,-5.731,0.0,0.0,92.0,13.5,0.0,-70.0,,,,,,,,,,,,,,16.387,65.289,16.387,False,NO_SAFE_TRAJECTORY,NO_SAFE_TRAJECTORY,,,NO_SAFE_TRAJECTORY,19,446.56762500380864,False,0,CLOCKWISE,{},"{""1"": 65.289, ""2"": 157.681, ""3"": 145.441}"
21.65,AUTO,222.625,81.063,-17.312,-1.231,0.0,0.0,92.0,10.0,0.0,-70.0,,,,,,,,,,,,,,16.885,65.272,16.885,False,NO_SAFE_TRAJECTORY,NO_SAFE_TRAJECTORY,,,NO_SAFE_TRAJECTORY,19,446.56762500380864,False,0,CLOCKWISE,{},"{""1"": 65.272, ""2"": 158.004, ""3"": 145.625}"
21.7,AUTO,222.935,80.967,-17.312,0.0,0.0,0.0,92.0,6.5,0.0,-70.0,,,,,,,,,,,,,,17.206,65.258,17.206,False,NO_SAFE_TRAJECTORY,NO_SAFE_TRAJECTORY,,,NO_SAFE_TRAJECTORY,19,446.56762500380864,False,0,CLOCKWISE,{},"{""1"": 65.258, ""2"": 158.216, ""3"": 145.748}"
21.75,AUTO,223.078,80.922,-17.312,0.0,0.0,0.0,92.0,3.0,0.0,-70.0,,,,,,,,,,,,,,17.354,65.252,17.354,False,NO_SAFE_TRAJECTORY,NO_SAFE_TRAJECTORY,,,NO_SAFE_TRAJECTORY,19,446.56762500380864,False,0,CLOCKWISE,{},"{""1"": 65.252, ""2"": 158.314, ""3"": 145.805}"
21.8,AUTO,223.078,80.922,-17.312,0.0,0.0,0.0,92.0,0.0,0.0,-60.0,,,,,,,,,,,,,,17.354,65.252,17.354,False,NO_SAFE_TRAJECTORY,NO_SAFE_TRAJECTORY,,,NO_SAFE_TRAJECTORY,19,446.56762500380864,False,0,CLOCKWISE,{},"{""1"": 65.252, ""2"": 158.314, ""3"": 145.805}"
21.85,AUTO,223.078,80.922,-17.312,0.0,0.0,0.0,92.0,0.0,0.0,0.0,,,,,,,,,,,,,,17.354,65.252,17.354,False,NO_SAFE_TRAJECTORY,NO_SAFE_TRAJECTORY,,,NO_SAFE_TRAJECTORY,19,446.56762500380864,False,0,CLOCKWISE,{},"{""1"": 65.252, ""2"": 158.314, ""3"": 145.805}"
21.9,AUTO,223.078,80.922,-17.312,0.0,0.0,0.0,92.0,0.0,0.0,0.0,,,,,,,,,,,,,,17.354,65.252,17.354,False,NO_SAFE_TRAJECTORY,NO_SAFE_TRAJECTORY,,,NO_SAFE_TRAJECTORY,19,446.56762500380864,False,0,CLOCKWISE,{},"{""1"": 65.252, ""2"": 158.314, ""3"": 145.805}"
21.95,AUTO,223.078,80.922,-17.312,0.0,0.0,0.0,92.0,0.0,0.0,0.0,,,,,,,,,,,,,,17.354,65.252,17.354,False,NO_SAFE_TRAJECTORY,NO_SAFE_TRAJECTORY,,,NO_SAFE_TRAJECTORY,19,446.56762500380864,False,0,CLOCKWISE,{},"{""1"": 65.252, ""2"": 158.314, ""3"": 145.805}"
22.0,AUTO,223.078,80.922,-17.312,0.0,0.0,0.0,92.0,0.0,0.0,0.0,,,,,,,,,,,,,,17.354,65.252,17.354,False,NO_SAFE_TRAJECTORY,NO_SAFE_TRAJECTORY,,,NO_SAFE_TRAJECTORY,19,446.56762500380864,False,0,CLOCKWISE,{},"{""1"": 65.252, ""2"": 158.314, ""3"": 145.805}"
22.05,AUTO,223.078,80.922,-17.312,0.0,0.0,0.0,92.0,0.0,0.0,0.0,,,,,,,,,,,,,,17.354,65.252,17.354,False,NO_SAFE_TRAJECTORY,NO_SAFE_TRAJECTORY,,,NO_SAFE_TRAJECTORY,19,446.56762500380864,False,0,CLOCKWISE,{},"{""1"": 65.252, ""2"": 158.314, ""3"": 145.805}"
22.1,AUTO,223.078,80.922,-17.312,0.0,0.0,0.0,92.0,0.0,0.0,0.0,,,,,,,,,,,,,,17.354,65.252,17.354,False,NO_SAFE_TRAJECTORY,NO_SAFE_TRAJECTORY,,,NO_SAFE_TRAJECTORY,19,446.56762500380864,False,0,CLOCKWISE,{},"{""1"": 65.252, ""2"": 158.314, ""3"": 145.805}"
22.15,AUTO,223.078,80.922,-17.312,0.0,0.0,0.0,92.0,0.0,0.0,0.0,,,,,,,,,,,,,,17.354,65.252,17.354,False,NO_SAFE_TRAJECTORY,NO_SAFE_TRAJECTORY,,,NO_SAFE_TRAJECTORY,19,456.87079199706204,False,0,CLOCKWISE,{},"{""1"": 65.252, ""2"": 158.314, ""3"": 145.805}"
22.2,AUTO,223.078,80.922,-17.312,0.0,0.0,0.0,92.0,0.0,0.0,0.0,,,,,,,,,,,,,,17.354,65.252,17.354,False,NO_SAFE_TRAJECTORY,NO_SAFE_TRAJECTORY,,,NO_SAFE_TRAJECTORY,19,456.87079199706204,False,0,CLOCKWISE,{},"{""1"": 65.252, ""2"": 158.314, ""3"": 145.805}"
22.25,AUTO,223.078,80.922,-17.312,0.0,0.0,0.0,92.0,0.0,0.0,0.0,,,,,,,,,,,,,,17.354,65.252,17.354,False,NO_SAFE_TRAJECTORY,NO_SAFE_TRAJECTORY,,,NO_SAFE_TRAJECTORY,19,456.87079199706204,False,0,CLOCKWISE,{},"{""1"": 65.252, ""2"": 158.314, ""3"": 145.805}"
22.3,AUTO,223.078,80.922,-17.312,0.0,0.0,0.0,92.0,0.0,0.0,0.0,,,,,,,,,,,,,,17.354,65.252,17.354,False,NO_SAFE_TRAJECTORY,NO_SAFE_TRAJECTORY,,,NO_SAFE_TRAJECTORY,19,456.87079199706204,False,0,CLOCKWISE,{},"{""1"": 65.252, ""2"": 158.314, ""3"": 145.805}"
22.35,AUTO,223.078,80.922,-17.312,0.0,0.0,0.0,92.0,0.0,0.0,0.0,,,,,,,,,,,,,,17.354,65.252,17.354,False,NO_SAFE_TRAJECTORY,NO_SAFE_TRAJECTORY,,,NO_SAFE_TRAJECTORY,19,456.87079199706204,False,0,CLOCKWISE,{},"{""1"": 65.252, ""2"": 158.314, ""3"": 145.805}"
22.4,AUTO,223.078,80.922,-17.312,0.0,0.0,0.0,92.0,0.0,0.0,0.0,,,,,,,,,,,,,,17.354,65.252,17.354,False,NO_SAFE_TRAJECTORY,NO_SAFE_TRAJECTORY,,,NO_SAFE_TRAJECTORY,19,456.87079199706204,False,0,CLOCKWISE,{},"{""1"": 65.252, ""2"": 158.314, ""3"": 145.805}"
22.45,AUTO,223.078,80.922,-17.312,0.0,0.0,0.0,92.0,0.0,0.0,0.0,,,,,,,,,,,,,,17.354,65.252,17.354,False,NO_SAFE_TRAJECTORY,NO_SAFE_TRAJECTORY,,,NO_SAFE_TRAJECTORY,19,456.87079199706204,False,0,CLOCKWISE,{},"{""1"": 65.252, ""2"": 158.314, ""3"": 145.805}"
22.5,AUTO,223.078,80.922,-17.312,0.0,0.0,0.0,92.0,0.0,0.0,0.0,,,,,,,,,,,,,,17.354,65.252,17.354,False,NO_SAFE_TRAJECTORY,NO_SAFE_TRAJECTORY,,,NO_SAFE_TRAJECTORY,19,456.87079199706204,False,0,CLOCKWISE,{},"{""1"": 65.252, ""2"": 158.314, ""3"": 145.805}"
22.55,AUTO,223.078,80.922,-17.312,0.0,0.0,0.0,92.0,0.0,0.0,0.0,,,,,,,,,,,,,,17.354,65.252,17.354,False,NO_SAFE_TRAJECTORY,NO_SAFE_TRAJECTORY,,,NO_SAFE_TRAJECTORY,19,456.87079199706204,False,0,CLOCKWISE,{},"{""1"": 65.252, ""2"": 158.314, ""3"": 145.805}"
22.6,AUTO,223.078,80.922,-17.312,0.0,0.0,0.0,92.0,0.0,0.0,0.0,,,,,,,,,,,,,,17.354,65.252,17.354,False,NO_SAFE_TRAJECTORY,NO_SAFE_TRAJECTORY,,,NO_SAFE_TRAJECTORY,19,456.87079199706204,False,0,CLOCKWISE,{},"{""1"": 65.252, ""2"": 158.314, ""3"": 145.805}"
22.65,AUTO,223.078,80.922,-17.312,0.0,0.0,0.0,92.0,0.0,0.0,0.0,,,,,,,,,,,,,,17.354,65.252,17.354,False,NO_SAFE_TRAJECTORY,NO_SAFE_TRAJECTORY,,,NO_SAFE_TRAJECTORY,19,456.87079199706204,False,0,CLOCKWISE,{},"{""1"": 65.252, ""2"": 158.314, ""3"": 145.805}"
22.7,AUTO,223.078,80.922,-17.312,0.0,0.0,0.0,92.0,0.0,0.0,0.0,,,,,,,,,,,,,,17.354,65.252,17.354,False,NO_SAFE_TRAJECTORY,NO_SAFE_TRAJECTORY,,,NO_SAFE_TRAJECTORY,19,456.87079199706204,False,0,CLOCKWISE,{},"{""1"": 65.252, ""2"": 158.314, ""3"": 145.805}"
22.75,AUTO,223.078,80.922,-17.312,0.0,0.0,0.0,92.0,0.0,0.0,0.0,,,,,,,,,,,,,,17.354,65.252,17.354,False,NO_SAFE_TRAJECTORY,NO_SAFE_TRAJECTORY,,,NO_SAFE_TRAJECTORY,19,456.87079199706204,False,0,CLOCKWISE,{},"{""1"": 65.252, ""2"": 158.314, ""3"": 145.805}"
22.8,AUTO,223.078,80.922,-17.312,0.0,0.0,0.0,92.0,0.0,0.0,0.0,,,,,,,,,,,,,,17.354,65.252,17.354,False,NO_SAFE_TRAJECTORY,NO_SAFE_TRAJECTORY,,,NO_SAFE_TRAJECTORY,19,456.87079199706204,False,0,CLOCKWISE,{},"{""1"": 65.252, ""2"": 158.314, ""3"": 145.805}"
22.85,AUTO,223.078,80.922,-17.312,0.0,0.0,0.0,92.0,0.0,0.0,0.0,,,,,,,,,,,,,,17.354,65.252,17.354,False,NO_SAFE_TRAJECTORY,NO_SAFE_TRAJECTORY,,,NO_SAFE_TRAJECTORY,19,456.87079199706204,False,0,CLOCKWISE,{},"{""1"": 65.252, ""2"": 158.314, ""3"": 145.805}"
22.9,AUTO,223.078,80.922,-17.312,0.0,0.0,0.0,92.0,0.0,0.0,0.0,,,,,,,,,,,,,,17.354,65.252,17.354,False,NO_SAFE_TRAJECTORY,NO_SAFE_TRAJECTORY,,,NO_SAFE_TRAJECTORY,19,456.87079199706204,False,0,CLOCKWISE,{},"{""1"": 65.252, ""2"": 158.314, ""3"": 145.805}"
22.95,AUTO,223.078,80.922,-17.312,0.0,0.0,0.0,92.0,0.0,0.0,0.0,,,,,,,,,,,,,,17.354,65.252,17.354,False,NO_SAFE_TRAJECTORY,NO_SAFE_TRAJECTORY,,,NO_SAFE_TRAJECTORY,19,456.87079199706204,False,0,CLOCKWISE,{},"{""1"": 65.252, ""2"": 158.314, ""3"": 145.805}"
23.0,AUTO,223.078,80.922,-17.312,0.0,0.0,0.0,92.0,0.0,0.0,0.0,,,,,,,,,,,,,,17.354,65.252,17.354,False,NO_SAFE_TRAJECTORY,NO_SAFE_TRAJECTORY,,,NO_SAFE_TRAJECTORY,19,456.87079199706204,False,0,CLOCKWISE,{},"{""1"": 65.252, ""2"": 158.314, ""3"": 145.805}"
23.05,AUTO,223.078,80.922,-17.312,0.0,0.0,0.0,92.0,0.0,0.0,0.0,,,,,,,,,,,,,,17.354,65.252,17.354,False,NO_SAFE_TRAJECTORY,NO_SAFE_TRAJECTORY,,,NO_SAFE_TRAJECTORY,19,456.87079199706204,False,0,CLOCKWISE,{},"{""1"": 65.252, ""2"": 158.314, ""3"": 145.805}"
23.1,AUTO,223.078,80.922,-17.312,0.0,0.0,0.0,92.0,0.0,0.0,0.0,,,,,,,,,,,,,,17.354,65.252,17.354,False,NO_SAFE_TRAJECTORY,NO_SAFE_TRAJECTORY,,,NO_SAFE_TRAJECTORY,19,456.87079199706204,False,0,CLOCKWISE,{},"{""1"": 65.252, ""2"": 158.314, ""3"": 145.805}"
23.15,AUTO,223.078,80.922,-17.312,0.0,0.0,0.0,92.0,0.0,0.0,0.0,,,,,,,,,,,,,,17.354,65.252,17.354,False,NO_SAFE_TRAJECTORY,NO_SAFE_TRAJECTORY,,,NO_SAFE_TRAJECTORY,19,456.87079199706204,False,0,CLOCKWISE,{},"{""1"": 65.252, ""2"": 158.314, ""3"": 145.805}"
23.2,AUTO,223.078,80.922,-17.312,0.0,0.0,0.0,92.0,0.0,0.0,0.0,,,,,,,,,,,,,,17.354,65.252,17.354,False,NO_SAFE_TRAJECTORY,NO_SAFE_TRAJECTORY,,,NO_SAFE_TRAJECTORY,19,456.87079199706204,False,0,CLOCKWISE,{},"{""1"": 65.252, ""2"": 158.314, ""3"": 145.805}"
23.25,AUTO,223.078,80.922,-17.312,0.0,0.0,0.0,92.0,0.0,0.0,0.0,,,,,,,,,,,,,,17.354,65.252,17.354,False,NO_SAFE_TRAJECTORY,NO_SAFE_TRAJECTORY,,,NO_SAFE_TRAJECTORY,19,456.87079199706204,False,0,CLOCKWISE,{},"{""1"": 65.252, ""2"": 158.314, ""3"": 145.805}"
23.3,AUTO,223.078,80.922,-17.312,0.0,0.0,0.0,92.0,0.0,0.0,0.0,,,,,,,,,,,,,,17.354,65.252,17.354,False,NO_SAFE_TRAJECTORY,NO_SAFE_TRAJECTORY,,,NO_SAFE_TRAJECTORY,19,456.87079199706204,False,0,CLOCKWISE,{},"{""1"": 65.252, ""2"": 158.314, ""3"": 145.805}"
23.35,AUTO,223.078,80.922,-17.312,0.0,0.0,0.0,92.0,0.0,0.0,0.0,,,,,,,,,,,,,,17.354,65.252,17.354,False,NO_SAFE_TRAJECTORY,NO_SAFE_TRAJECTORY,,,NO_SAFE_TRAJECTORY,19,456.87079199706204,False,0,CLOCKWISE,{},"{""1"": 65.252, ""2"": 158.314, ""3"": 145.805}"
23.4,AUTO,223.078,80.922,-17.312,0.0,0.0,0.0,92.0,0.0,0.0,0.0,,,,,,,,,,,,,,17.354,65.252,17.354,False,NO_SAFE_TRAJECTORY,NO_SAFE_TRAJECTORY,,,NO_SAFE_TRAJECTORY,19,456.87079199706204,False,0,CLOCKWISE,{},"{""1"": 65.252, ""2"": 158.314, ""3"": 145.805}"
23.45,AUTO,223.078,80.922,-17.312,0.0,0.0,0.0,92.0,0.0,0.0,0.0,,,,,,,,,,,,,,17.354,65.252,17.354,False,NO_SAFE_TRAJECTORY,NO_SAFE_TRAJECTORY,,,NO_SAFE_TRAJECTORY,19,456.87079199706204,False,0,CLOCKWISE,{},"{""1"": 65.252, ""2"": 158.314, ""3"": 145.805}"
23.5,AUTO,223.078,80.922,-17.312,0.0,0.0,0.0,92.0,0.0,0.0,0.0,,,,,,,,,,,,,,17.354,65.252,17.354,False,NO_SAFE_TRAJECTORY,NO_SAFE_TRAJECTORY,,,NO_SAFE_TRAJECTORY,19,456.87079199706204,False,0,CLOCKWISE,{},"{""1"": 65.252, ""2"": 158.314, ""3"": 145.805}"
23.55,AUTO,223.078,80.922,-17.312,0.0,0.0,0.0,92.0,0.0,0.0,0.0,,,,,,,,,,,,,,17.354,65.252,17.354,False,NO_SAFE_TRAJECTORY,NO_SAFE_TRAJECTORY,,,NO_SAFE_TRAJECTORY,19,456.87079199706204,False,0,CLOCKWISE,{},"{""1"": 65.252, ""2"": 158.314, ""3"": 145.805}"
23.6,AUTO,223.078,80.922,-17.312,0.0,0.0,0.0,92.0,0.0,0.0,0.0,,,,,,,,,,,,,,17.354,65.252,17.354,False,NO_SAFE_TRAJECTORY,NO_SAFE_TRAJECTORY,,,NO_SAFE_TRAJECTORY,19,456.87079199706204,False,0,CLOCKWISE,{},"{""1"": 65.252, ""2"": 158.314, ""3"": 145.805}"
23.65,AUTO,223.078,80.922,-17.312,0.0,0.0,0.0,92.0,0.0,0.0,0.0,,,,,,,,,,,,,,17.354,65.252,17.354,False,NO_SAFE_TRAJECTORY,NO_SAFE_TRAJECTORY,,,NO_SAFE_TRAJECTORY,19,456.87079199706204,False,0,CLOCKWISE,{},"{""1"": 65.252, ""2"": 158.314, ""3"": 145.805}"
23.7,AUTO,223.078,80.922,-17.312,0.0,0.0,0.0,92.0,0.0,0.0,0.0,,,,,,,,,,,,,,17.354,65.252,17.354,False,NO_SAFE_TRAJECTORY,NO_SAFE_TRAJECTORY,,,NO_SAFE_TRAJECTORY,19,456.87079199706204,False,0,CLOCKWISE,{},"{""1"": 65.252, ""2"": 158.314, ""3"": 145.805}"
23.75,AUTO,223.078,80.922,-17.312,0.0,0.0,0.0,92.0,0.0,0.0,0.0,,,,,,,,,,,,,,17.354,65.252,17.354,False,NO_SAFE_TRAJECTORY,NO_SAFE_TRAJECTORY,,,NO_SAFE_TRAJECTORY,19,456.87079199706204,False,0,CLOCKWISE,{},"{""1"": 65.252, ""2"": 158.314, ""3"": 145.805}"
23.8,AUTO,223.078,80.922,-17.312,0.0,0.0,0.0,92.0,0.0,0.0,0.0,,,,,,,,,,,,,,17.354,65.252,17.354,False,NO_SAFE_TRAJECTORY,NO_SAFE_TRAJECTORY,,,NO_SAFE_TRAJECTORY,19,456.87079199706204,False,0,CLOCKWISE,{},"{""1"": 65.252, ""2"": 158.314, ""3"": 145.805}"
23.85,AUTO,223.078,80.922,-17.312,0.0,0.0,0.0,92.0,0.0,0.0,0.0,,,,,,,,,,,,,,17.354,65.252,17.354,False,NO_SAFE_TRAJECTORY,NO_SAFE_TRAJECTORY,,,NO_SAFE_TRAJECTORY,19,456.87079199706204,False,0,CLOCKWISE,{},"{""1"": 65.252, ""2"": 158.314, ""3"": 145.805}"
23.9,AUTO,223.078,80.922,-17.312,0.0,0.0,0.0,92.0,0.0,0.0,0.0,,,,,,,,,,,,,,17.354,65.252,17.354,False,NO_SAFE_TRAJECTORY,NO_SAFE_TRAJECTORY,,,NO_SAFE_TRAJECTORY,19,456.87079199706204,False,0,CLOCKWISE,{},"{""1"": 65.252, ""2"": 158.314, ""3"": 145.805}"
