time_s,mode,x_cm,y_cm,heading_deg,wheel_actual_deg,wheel_target_deg,planner_selected_deg,servo_command_deg,speed_cm_s,target_speed_cm_s,acceleration_cm_s2,selected_radius_cm,target_distance_cm,required_lateral_shift_cm,current_wall_clearance_cm,front_clearance_cm,recovery_phase,recovery_side,forward_projection_cm,obstacle_in_forward_projection,recovery_reverse_distance_cm,recovery_advance_distance_cm,recovery_reverse_steering_deg,safety_limit_triggered,minimum_distance_cm,minimum_obstacle_cm,minimum_wall_cm,physical_collision,planner_state,phase,active_target_id,selected_pass_side,decision_reason,candidates_evaluated,calculation_time_ms,lap_completed,straight_progress,track_direction,memory_states_json,obstacle_distances_json
0.0,AUTO,125.0,280.0,180.0,0.0,0.0,0.0,92.0,0.0,0.0,0.0,,,,,,,,,,,,,,11.4,31.264,11.4,False,FOLLOW,FOLLOW,,,keyboard_control,0,0.0,False,0,pending_first_line,{},"{""1"": 170.302, ""2"": 31.264, ""3"": 68.337, ""4"": 129.744, ""5"": 209.24, ""6"": 217.885}"
0.05,AUTO,124.888,280.0,-180.0,0.0,0.0,0.0,92.0,2.25,20.0,45.0,,,,,,,,,,,,,,11.4,31.307,11.4,False,FOLLOW,FOLLOW,,,flexible_commitment_switched,1,2.3635830002604052,False,0,pending_first_line,{},"{""1"": 170.383, ""2"": 31.307, ""3"": 68.439, ""4"": 129.699, ""5"": 209.234, ""6"": 217.917}"
0.1,AUTO,124.663,280.0,-180.0,0.0,0.0,0.0,92.0,4.5,20.0,45.0,,,,,,,,,,,,,,11.4,31.394,11.4,False,FOLLOW,FOLLOW,,,flexible_commitment_switched,1,2.3635830002604052,False,0,pending_first_line,{},"{""1"": 170.544, ""2"": 31.394, ""3"": 68.643, ""4"": 129.609, ""5"": 209.221, ""6"": 217.981}"
0.15,AUTO,124.325,280.0,-180.0,0.0,0.0,0.0,92.0,6.75,20.0,45.0,,,,,,,,,,,,,,11.4,31.527,11.4,False,FOLLOW,FOLLOW,,,flexible_commitment_switched,1,2.3635830002604052,False,0,pending_first_line,{},"{""1"": 170.786, ""2"": 31.527, ""3"": 68.949, ""4"": 129.475, ""5"": 209.203, ""6"": 218.078}"
0.2,AUTO,123.875,280.0,-180.0,0.0,0.0,0.0,92.0,9.0,20.0,45.0,,,,,,,,,,,,,,11.4,31.71,11.4,False,FOLLOW,FOLLOW,,,flexible_commitment_switched,1,2.3635830002604052,False,0,pending_first_line,{},"{""1"": 171.11, ""2"": 31.71, ""3"": 69.358, ""4"": 129.298, ""5"": 209.179, ""6"": 218.207}"
0.25,AUTO,123.312,280.0,-180.0,0.0,0.0,0.0,92.0,11.25,20.0,45.0,,,,,,,,,,,,,,11.4,31.945,11.4,False,FOLLOW,FOLLOW,,,flexible_commitment_switched,1,2.3635830002604052,False,0,pending_first_line,{},"{""1"": 171.515, ""2"": 31.945, ""3"": 69.87, ""4"": 129.078, ""5"": 209.151, ""6"": 218.371}"
0.3,AUTO,122.638,280.0,-180.0,0.0,0.0,0.0,92.0,13.5,20.0,45.0,,,,,,,,,,,,,,11.4,32.239,11.4,False,FOLLOW,FOLLOW,,,flexible_commitment_kept,2,2.1601249973173253,False,0,pending_first_line,{},"{""1"": 172.002, ""2"": 32.239, ""3"": 70.485, ""4"": 128.816, ""5"": 209.119, ""6"": 218.568}"
0.35,AUTO,121.85,280.0,-180.0,0.0,0.0,0.0,92.0,15.75,20.0,45.0,,,,,,,,,,,,,,11.4,32.595,11.4,False,FOLLOW,FOLLOW,,,flexible_commitment_kept,2,2.1601249973173253,False,0,pending_first_line,{},"{""1"": 172.572, ""2"": 32.595, ""3"": 71.204, ""4"": 128.515, ""5"": 209.084, ""6"": 218.801}"
0.4,AUTO,120.95,280.0,-180.0,0.0,0.0,0.0,92.0,18.0,20.0,45.0,,,,,,,,,,,,,,11.4,33.021,11.4,False,FOLLOW,FOLLOW,,,flexible_commitment_kept,2,2.1601249973173253,False,0,pending_first_line,{},"{""1"": 173.225, ""2"": 33.021, ""3"": 72.027, ""4"": 128.177, ""5"": 209.048, ""6"": 219.071}"
0.45,AUTO,119.95,280.0,-180.0,0.0,0.0,0.0,92.0,20.0,20.0,40.0,,,,,,,,,,,,,,11.4,33.517,11.4,False,FOLLOW,FOLLOW,,,flexible_commitment_kept,2,2.1601249973173253,False,0,pending_first_line,{},"{""1"": 173.954, ""2"": 33.517, ""3"": 72.944, ""4"": 127.806, ""5"": 209.013, ""6"": 219.374}"
0.5,AUTO,118.95,280.0,-180.0,0.0,0.0,0.0,92.0,20.0,20.0,0.0,,,,,,,,,,,,,,11.4,34.034,11.4,False,FOLLOW,FOLLOW,,,flexible_commitment_kept,2,2.1601249973173253,False,0,pending_first_line,{},"{""1"": 174.685, ""2"": 34.034, ""3"": 73.863, ""4"": 127.443, ""5"": 208.983, ""6"": 219.681}"
0.55,AUTO,117.95,280.0,-180.0,0.0,0.0,0.0,92.0,20.0,20.0,0.0,,,,,,,,,,,,,,11.4,34.573,11.4,False,FOLLOW,FOLLOW,,,flexible_commitment_kept,2,2.1601249973173253,False,0,pending_first_line,{},"{""1"": 175.419, ""2"": 34.573, ""3"": 74.785, ""4"": 127.086, ""5"": 208.957, ""6"": 219.993}"
0.6,AUTO,116.95,280.0,-180.0,0.0,0.0,0.0,92.0,20.0,20.0,0.0,,,,,,,,,,,,,,11.4,35.131,11.4,False,FOLLOW,FOLLOW,,,flexible_commitment_switched,2,4.695540999819059,False,0,pending_first_line,{},"{""1"": 176.155, ""2"": 35.131, ""3"": 75.708, ""4"": 126.737, ""5"": 208.936, ""6"": 220.308}"
0.65,AUTO,115.95,280.0,-180.0,0.0,0.0,0.0,92.0,20.0,20.0,0.0,,,,,,,,,,,,,,11.4,35.709,11.4,False,FOLLOW,FOLLOW,,,flexible_commitment_switched,2,4.695540999819059,False,0,pending_first_line,{},"{""1"": 176.894, ""2"": 35.709, ""3"": 76.633, ""4"": 126.394, ""5"": 208.92, ""6"": 220.628}"
0.7,AUTO,114.95,280.0,-180.0,0.0,0.0,0.0,92.0,20.0,20.0,0.0,,,,,,,,,,,,,,11.4,36.306,11.4,False,FOLLOW,FOLLOW,,,flexible_commitment_switched,2,4.695540999819059,False,0,pending_first_line,{},"{""1"": 177.636, ""2"": 36.306, ""3"": 77.56, ""4"": 126.058, ""5"": 208.908, ""6"": 220.952}"
0.75,AUTO,113.95,280.0,-180.0,0.0,0.0,0.0,92.0,20.0,20.0,0.0,,,,,,,,,,,,,,11.4,36.92,11.4,False,FOLLOW,FOLLOW,,,flexible_commitment_switched,2,4.695540999819059,False,0,pending_first_line,{},"{""1"": 178.38, ""2"": 36.92, ""3"": 78.489, ""4"": 125.73, ""5"": 208.902, ""6"": 221.279}"
0.8,AUTO,112.95,280.0,-180.0,0.0,0.0,0.0,92.0,20.0,20.0,0.0,,,,,,,,,,,,,,11.4,37.55,11.4,False,FOLLOW,FOLLOW,,,flexible_commitment_switched,2,4.695540999819059,False,0,pending_first_line,{},"{""1"": 179.127, ""2"": 37.55, ""3"": 79.42, ""4"": 125.408, ""5"": 208.9, ""6"": 221.611}"
0.85,AUTO,111.95,280.0,-180.0,0.0,0.0,0.0,92.0,20.0,20.0,0.0,,,,,,,,,,,,,,11.4,38.196,11.4,False,FOLLOW,FOLLOW,,,flexible_commitment_switched,2,4.559209002763964,False,0,pending_first_line,{},"{""1"": 179.876, ""2"": 38.196, ""3"": 80.352, ""4"": 125.094, ""5"": 208.9, ""6"": 221.947}"
0.9,AUTO,110.95,280.0,-180.0,0.0,0.0,0.0,92.0,20.0,20.0,0.0,,,,,,,,,,,,,,11.4,38.858,11.4,False,FOLLOW,FOLLOW,,,flexible_commitment_switched,2,4.559209002763964,False,0,pending_first_line,{},"{""1"": 180.628, ""2"": 38.858, ""3"": 81.286, ""4"": 124.787, ""5"": 208.9, ""6"": 222.287}"
0.95,AUTO,109.95,280.0,-180.0,0.0,0.0,0.0,92.0,20.0,20.0,0.0,,,,,,,,,,,,,,11.4,39.533,11.4,False,FOLLOW,FOLLOW,,,flexible_commitment_switched,2,4.559209002763964,False,0,pending_first_line,{},"{""1"": 181.382, ""2"": 39.533, ""3"": 82.221, ""4"": 124.487, ""5"": 208.9, ""6"": 222.631}"
1.0,AUTO,108.95,280.0,-180.0,0.0,0.0,0.0,92.0,20.0,20.0,0.0,,,,,,,,,,,,,,11.4,40.222,11.4,False,FOLLOW,FOLLOW,,,flexible_commitment_switched,2,4.559209002763964,False,0,pending_first_line,{},"{""1"": 182.138, ""2"": 40.222, ""3"": 83.158, ""4"": 124.194, ""5"": 208.9, ""6"": 222.978}"
1.05,AUTO,107.95,280.0,-180.0,0.0,0.0,0.0,92.0,20.0,20.0,0.0,,,,,,,,,,,,,,11.4,40.924,11.4,False,FOLLOW,FOLLOW,,,flexible_commitment_switched,2,4.559209002763964,False,0,pending_first_line,{},"{""1"": 182.897, ""2"": 40.924, ""3"": 84.097, ""4"": 123.909, ""5"": 208.9, ""6"": 223.33}"
1.1,AUTO,106.95,280.0,-180.0,0.0,0.0,0.0,92.0,20.0,20.0,0.0,,,,,,,,,,,,,,11.4,41.638,11.4,False,FOLLOW,FOLLOW,,,flexible_commitment_switched,2,4.3740830005845055,False,0,pending_first_line,{},"{""1"": 183.658, ""2"": 41.638, ""3"": 85.037, ""4"": 123.631, ""5"": 208.9, ""6"": 223.686}"
1.15,AUTO,105.95,280.0,-180.0,0.0,0.0,0.0,92.0,20.0,20.0,0.0,,,,,,,,,,,,,,11.4,42.363,11.4,False,FOLLOW,FOLLOW,,,flexible_commitment_switched,2,4.3740830005845055,False,0,pending_first_line,{},"{""1"": 184.421, ""2"": 42.363, ""3"": 85.978, ""4"": 123.361, ""5"": 208.9, ""6"": 224.045}"
1.2,AUTO,104.95,280.0,-180.0,0.0,0.0,0.0,92.0,20.0,20.0,0.0,,,,,,,,,,,,,,11.4,43.1,11.4,False,FOLLOW,FOLLOW,,,flexible_commitment_switched,2,4.3740830005845055,False,0,pending_first_line,{},"{""1"": 185.187, ""2"": 43.1, ""3"": 86.92, ""4"": 123.098, ""5"": 208.9, ""6"": 224.408}"
1.25,AUTO,103.95,280.0,-180.0,0.0,0.0,0.0,92.0,20.0,20.0,0.0,,,,,,,,,,,,,,11.4,43.847,11.4,False,FOLLOW,FOLLOW,,,flexible_commitment_switched,2,4.3740830005845055,False,0,pending_first_line,{},"{""1"": 185.954, ""2"": 43.847, ""3"": 87.864, ""4"": 122.843, ""5"": 208.9, ""6"": 224.776}"
1.3,AUTO,102.95,280.0,-180.0,0.0,0.0,0.0,92.0,20.0,20.0,0.0,,,,,,,,,,,,,,11.4,44.604,11.4,False,FOLLOW,FOLLOW,,,flexible_commitment_switched,2,4.3740830005845055,False,0,pending_first_line,{},"{""1"": 186.724, ""2"": 44.604, ""3"": 88.809, ""4"": 122.596, ""5"": 208.9, ""6"": 225.147}"
1.35,AUTO,101.95,280.0,-180.0,0.0,0.0,0.0,92.0,20.0,20.0,0.0,,,,,,,,,,,,,,11.4,45.37,11.4,False,FOLLOW,FOLLOW,,,flexible_commitment_switched,2,4.400208003062289,False,0,pending_first_line,{},"{""1"": 187.497, ""2"": 45.37, ""3"": 89.755, ""4"": 122.356, ""5"": 208.9, ""6"": 225.522}"
1.4,AUTO,100.95,280.0,-180.0,0.0,0.0,0.0,92.0,20.0,20.0,0.0,,,,,,,,,,,,,,11.4,46.146,11.4,False,FOLLOW,FOLLOW,,,flexible_commitment_switched,2,4.400208003062289,False,0,pending_first_line,{},"{""1"": 188.271, ""2"": 46.146, ""3"": 90.702, ""4"": 122.124, ""5"": 208.9, ""6"": 225.9}"
1.45,AUTO,99.95,280.0,-180.0,0.0,0.0,0.0,92.0,20.0,20.0,0.0,,,,,,,,,,,,,,11.4,46.929,11.4,False,FOLLOW,FOLLOW,,,flexible_commitment_switched,2,4.400208003062289,False,0,pending_first_line,{},"{""1"": 189.047, ""2"": 46.929, ""3"": 91.651, ""4"": 121.899, ""5"": 208.9, ""6"": 226.283}"
1.5,AUTO,98.95,280.0,-180.0,0.0,0.0,0.0,92.0,20.0,20.0,0.0,,,,,,,,,,,,,,11.4,47.721,11.4,False,FOLLOW,FOLLOW,,,flexible_commitment_switched,2,4.400208003062289,False,0,pending_first_line,{},"{""1"": 189.826, ""2"": 47.721, ""3"": 92.6, ""4"": 121.683, ""5"": 208.9, ""6"": 226.669}"
1.55,AUTO,97.95,280.0,-180.0,0.0,0.0,0.0,92.0,20.0,20.0,0.0,,,,,,,,,,,,,,11.4,48.521,11.4,False,FOLLOW,FOLLOW,,,flexible_commitment_switched,2,4.400208003062289,False,0,pending_first_line,{},"{""1"": 190.606, ""2"": 48.521, ""3"": 93.551, ""4"": 121.474, ""5"": 208.9, ""6"": 227.059}"
1.6,AUTO,96.95,280.0,-180.0,0.0,0.0,0.0,92.0,20.0,20.0,0.0,,,,,,,,,,,,,,11.4,49.328,11.4,False,FOLLOW,FOLLOW,,,flexible_commitment_switched,2,4.221541996230371,False,0,pending_first_line,{},"{""1"": 191.389, ""2"": 49.328, ""3"": 94.502, ""4"": 121.273, ""5"": 208.9, ""6"": 227.453}"
1.65,AUTO,95.95,280.0,-180.0,0.0,0.0,0.0,92.0,20.0,20.0,0.0,,,,,,,,,,,,,,11.4,50.141,11.4,False,FOLLOW,FOLLOW,,,flexible_commitment_switched,2,4.221541996230371,False,0,pending_first_line,{},"{""1"": 192.174, ""2"": 50.141, ""3"": 95.455, ""4"": 121.08, ""5"": 208.9, ""6"": 227.85}"
1.7,AUTO,94.95,280.0,-180.0,0.0,0.0,0.0,92.0,20.0,20.0,0.0,,,,,,,,,,,,,,11.4,50.962,11.4,False,FOLLOW,FOLLOW,,,flexible_commitment_switched,2,4.221541996230371,False,0,pending_first_line,{},"{""1"": 192.96, ""2"": 50.962, ""3"": 96.409, ""4"": 120.896, ""5"": 208.9, ""6"": 228.251}"
1.75,AUTO,93.95,280.0,-180.0,0.0,0.0,0.0,92.0,20.0,20.0,0.0,,,,,,,,,,,,,,11.4,51.789,11.4,False,FOLLOW,FOLLOW,,,flexible_commitment_switched,2,4.221541996230371,False,0,pending_first_line,{},"{""1"": 193.749, ""2"": 51.789, ""3"": 97.363, ""4"": 120.719, ""5"": 208.9, ""6"": 228.656}"
1.8,AUTO,92.95,280.0,-180.0,0.0,0.0,0.0,92.0,20.0,20.0,0.0,,,,,,,,,,,,,,11.4,52.621,11.4,False,FOLLOW,FOLLOW,,,flexible_commitment_switched,2,4.221541996230371,False,0,pending_first_line,{},"{""1"": 194.539, ""2"": 52.621, ""3"": 98.318, ""4"": 120.55, ""5"": 208.9, ""6"": 229.064}"
1.85,AUTO,91.95,280.0,-180.0,0.0,0.0,0.0,92.0,20.0,20.0,0.0,,,,,,,,,,,,,,11.4,53.46,11.4,False,FOLLOW,FOLLOW,,,flexible_commitment_switched,2,105.08262499934062,False,0,pending_first_line,{},"{""1"": 195.332, ""2"": 53.46, ""3"": 99.275, ""4"": 120.389, ""5"": 208.9, ""6"": 229.476}"
1.9,AUTO,90.95,280.0,-180.0,0.0,0.0,0.0,92.0,20.0,20.0,0.0,,,,,,,,,,,,,,11.4,54.304,11.4,False,FOLLOW,FOLLOW,,,flexible_commitment_switched,2,105.08262499934062,False,0,pending_first_line,{},"{""1"": 196.126, ""2"": 54.304, ""3"": 100.232, ""4"": 120.236, ""5"": 208.9, ""6"": 229.892}"
1.95,AUTO,89.95,280.0,-180.0,0.0,0.0,0.0,92.0,20.0,20.0,0.0,,,,,,,,,,,,,,11.4,55.153,11.4,False,FOLLOW,FOLLOW,,,flexible_commitment_switched,2,105.08262499934062,False,0,pending_first_line,{},"{""1"": 196.922, ""2"": 55.153, ""3"": 101.19, ""4"": 120.092, ""5"": 208.9, ""6"": 230.311}"
2.0,AUTO,88.95,280.0,-180.0,0.0,0.0,0.0,92.0,20.0,20.0,0.0,,,,,,,,,,,,,,11.4,56.007,11.4,False,FOLLOW,FOLLOW,,,flexible_commitment_switched,2,105.08262499934062,False,0,pending_first_line,{},"{""1"": 197.72, ""2"": 56.007, ""3"": 102.148, ""4"": 119.955, ""5"": 208.9, ""6"": 230.734}"
2.05,AUTO,87.95,280.0,-180.0,0.0,0.0,0.0,92.0,20.0,20.0,0.0,,,,,,,,,,,,,,11.4,56.866,11.4,False,FOLLOW,FOLLOW,,,flexible_commitment_switched,2,105.08262499934062,False,0,pending_first_line,{},"{""1"": 198.52, ""2"": 56.866, ""3"": 103.108, ""4"": 119.827, ""5"": 208.9, ""6"": 231.161}"
2.1,AUTO,86.95,280.0,-180.0,0.0,0.0,0.0,92.0,20.0,20.0,0.0,,,,,,,,,,,,,,11.4,57.73,11.4,False,FOLLOW,FOLLOW,,,flexible_commitment_switched,2,105.08262499934062,False,0,pending_first_line,{},"{""1"": 199.322, ""2"": 57.73, ""3"": 104.068, ""4"": 119.707, ""5"": 208.9, ""6"": 231.591}"
2.15,AUTO,85.95,280.0,-180.0,0.0,0.0,0.0,92.0,20.0,20.0,0.0,,,,,,,,,,,,,,11.4,58.597,11.4,False,FOLLOW,FOLLOW,,,flexible_commitment_switched,2,4.26758399407845,False,0,pending_first_line,{},"{""1"": 200.125, ""2"": 58.597, ""3"": 105.029, ""4"": 119.595, ""5"": 208.902, ""6"": 232.024}"
2.2,AUTO,84.95,280.0,-180.0,0.0,0.0,0.0,92.0,20.0,20.0,0.0,,,,,,,,,,,,,,11.4,59.469,11.4,False,FOLLOW,FOLLOW,,,flexible_commitment_switched,2,4.26758399407845,False,0,pending_first_line,{},"{""1"": 200.931, ""2"": 59.469, ""3"": 105.991, ""4"": 119.492, ""5"": 208.909, ""6"": 232.461}"
2.25,AUTO,83.95,280.0,-180.0,0.0,0.0,0.0,92.0,20.0,20.0,0.0,,,,,,,,,,,,,,11.4,60.345,11.4,False,FOLLOW,FOLLOW,,,flexible_commitment_switched,2,4.26758399407845,False,0,pending_first_line,{},"{""1"": 201.738, ""2"": 60.345, ""3"": 106.954, ""4"": 119.396, ""5"": 208.921, ""6"": 232.901}"
2.3,AUTO,82.95,280.0,-180.0,0.0,0.0,0.0,92.0,20.0,20.0,0.0,,,,,,,,,,,,,,11.4,61.225,11.4,False,FOLLOW,FOLLOW,,,flexible_commitment_switched,2,4.26758399407845,False,0,pending_first_line,{},"{""1"": 202.546, ""2"": 61.225, ""3"": 107.917, ""4"": 119.309, ""5"": 208.938, ""6"": 233.345}"
2.35,AUTO,81.95,280.0,-180.0,0.0,0.0,0.0,92.0,20.0,20.0,0.0,,,,,,,,,,,,,,11.4,62.108,11.4,False,FOLLOW,FOLLOW,,,flexible_commitment_switched,2,4.26758399407845,False,0,pending_first_line,{},"{""1"": 203.357, ""2"": 62.108, ""3"": 108.88, ""4"": 119.231, ""5"": 208.959, ""6"": 233.793}"
2.4,AUTO,80.95,280.0,-180.0,0.0,0.0,0.0,92.0,20.0,20.0,0.0,,,,,,,,,,,,,,11.4,62.995,11.4,False,FOLLOW,FOLLOW,,,flexible_commitment_switched,2,4.26758399407845,False,0,pending_first_line,{},"{""1"": 204.169, ""2"": 62.995, ""3"": 109.845, ""4"": 119.161, ""5"": 208.985, ""6"": 234.243}"
2.45,AUTO,79.95,280.0,-180.0,0.0,0.0,0.0,92.0,20.0,20.0,0.0,,,,,,,,,,,,,,11.4,63.886,11.4,False,FOLLOW,FOLLOW,,,flexible_commitment_switched,2,4.384624997328501,False,0,pending_first_line,{},"{""1"": 204.983, ""2"": 63.886, ""3"": 110.81, ""4"": 119.099, ""5"": 209.016, ""6"": 234.697}"
2.5,AUTO,78.95,280.0,-180.0,0.0,0.0,0.0,92.0,20.0,20.0,0.0,,,,,,,,,,,,,,11.4,64.779,11.4,False,FOLLOW,FOLLOW,,,flexible_commitment_switched,2,4.384624997328501,False,0,pending_first_line,{},"{""1"": 205.798, ""2"": 64.779, ""3"": 111.776, ""4"": 119.045, ""5"": 209.052, ""6"": 235.155}"
2.55,AUTO,77.95,280.0,-180.0,0.0,0.0,0.0,92.0,20.0,20.0,0.0,,,,,,,,,,,,,,11.4,65.675,11.4,False,FOLLOW,FOLLOW,,,flexible_commitment_switched,2,4.384624997328501,False,0,pending_first_line,{},"{""1"": 206.615, ""2"": 65.675, ""3"": 112.742, ""4"": 119.0, ""5"": 209.093, ""6"": 235.616}"
2.6,AUTO,76.95,280.0,-180.0,0.0,0.0,0.0,92.0,20.0,20.0,0.0,,,,,,,,,,,,,,11.4,66.575,11.4,False,FOLLOW,FOLLOW,,,keyboard_control,0,0.0,False,0,CLOCKWISE,{},"{""1"": 207.434, ""2"": 66.575, ""3"": 113.709, ""4"": 118.963, ""5"": 209.138, ""6"": 236.08}"
2.65,AUTO,75.838,279.993,-179.643,4.5,12.489,12.489,92.0,22.25,24.0,45.0,64.4,,,,,,,,,,,,,11.341,67.556,11.341,False,MANEUVERING,MANEUVERING,,,flexible_commitment_switched,4,41.58725000161212,False,0,CLOCKWISE,{},"{""1"": 208.336, ""2"": 67.556, ""3"": 114.748, ""4"": 118.861, ""5"": 209.25, ""6"": 236.627}"
2.7,AUTO,74.638,279.969,-178.874,9.0,12.489,12.489,92.0,24.0,24.0,35.0,64.4,,,,,,,,,,,,,11.224,68.589,11.224,False,MANEUVERING,MANEUVERING,,,flexible_commitment_switched,4,41.58725000161212,False,0,CLOCKWISE,{},"{""1"": 209.297, ""2"": 68.589, ""3"": 115.83, ""4"": 118.676, ""5"": 209.43, ""6"": 237.245}"
2.75,AUTO,73.439,279.924,-177.806,12.489,12.489,12.489,92.0,24.0,24.0,0.0,64.4,,,,,,,,,,,,,11.078,69.602,11.078,False,MANEUVERING,MANEUVERING,,,flexible_commitment_switched,4,41.58725000161212,False,0,CLOCKWISE,{},"{""1"": 210.245, ""2"": 69.602, ""3"": 116.88, ""4"": 118.427, ""5"": 209.648, ""6"": 237.877}"
2.8,AUTO,72.241,279.855,-176.739,12.489,12.489,12.489,92.0,24.0,24.0,0.0,64.4,,,,,,,,,,,,,10.957,70.611,10.957,False,MANEUVERING,MANEUVERING,,,flexible_commitment_switched,4,41.58725000161212,False,0,CLOCKWISE,{},"{""1"": 211.186, ""2"": 70.611, ""3"": 117.928, ""4"": 118.168, ""5"": 209.853, ""6"": 238.497}"
2.85,AUTO,71.044,279.765,-175.671,12.489,12.489,12.489,92.0,24.0,24.0,0.0,64.4,,,,,,,,,,,,,10.862,71.615,10.862,False,MANEUVERING,MANEUVERING,,,flexible_commitment_switched,4,41.58725000161212,False,0,CLOCKWISE,{},"{""1"": 212.118, ""2"": 71.615, ""3"": 118.974, ""4"": 117.891, ""5"": 210.042, ""6"": 239.103}"
2.9,AUTO,69.85,279.644,-174.219,16.989,24.978,24.978,92.0,24.0,24.0,0.0,32.2,,,,,,,,,,,,,10.735,72.595,10.735,False,MANEUVERING,MANEUVERING,,,flexible_commitment_switched,5,40.68162500334438,False,0,CLOCKWISE,{},"{""1"": 213.038, ""2"": 72.595, ""3"": 119.984, ""4"": 117.522, ""5"": 210.225, ""6"": 239.732}"
2.95,AUTO,68.661,279.485,-172.382,21.489,24.978,24.978,92.0,24.0,24.0,0.0,32.2,,,,,,,,,,,,,10.589,73.553,10.589,False,MANEUVERING,MANEUVERING,,,flexible_commitment_switched,5,40.68162500334438,False,0,CLOCKWISE,{},"{""1"": 213.946, ""2"": 73.553, ""3"": 120.962, ""4"": 117.059, ""5"": 210.293, ""6"": 240.379}"
3.0,AUTO,67.478,279.281,-170.247,24.978,24.978,24.978,92.0,24.0,24.0,0.0,32.2,,,,,,,,,,,,,10.451,74.494,10.451,False,MANEUVERING,MANEUVERING,,,flexible_commitment_switched,5,40.68162500334438,False,0,CLOCKWISE,{},"{""1"": 214.845, ""2"": 74.494, ""3"": 121.916, ""4"": 116.514, ""5"": 210.134, ""6"": 241.037}"
3.05,AUTO,66.304,279.034,-168.111,24.978,24.978,24.978,92.0,24.0,24.0,0.0,32.2,,,,,,,,,,,,,10.372,75.429,10.372,False,MANEUVERING,MANEUVERING,,,flexible_commitment_switched,5,40.68162500334438,False,0,CLOCKWISE,{},"{""1"": 215.731, ""2"": 75.429, ""3"": 122.87, ""4"": 115.94, ""5"": 209.746, ""6"": 241.669}"
3.1,AUTO,65.14,278.743,-165.976,24.978,24.978,24.978,92.0,24.0,24.0,0.0,32.2,,,,,,,,,,,,,10.35,76.356,10.35,False,MANEUVERING,MANEUVERING,,,flexible_commitment_switched,5,40.68162500334438,False,0,CLOCKWISE,{},"{""1"": 216.604, ""2"": 76.356, ""3"": 123.822, ""4"": 115.338, ""5"": 209.3, ""6"": 242.278}"
3.15,AUTO,63.987,278.409,-163.841,24.978,24.978,24.978,92.0,24.0,24.0,0.0,32.2,,,,,,,,,,,,,10.387,77.276,10.387,False,MANEUVERING,MANEUVERING,,,flexible_commitment_switched,5,40.68162500334438,False,0,CLOCKWISE,{},"{""1"": 217.462, ""2"": 77.276, ""3"": 124.771, ""4"": 114.713, ""5"": 208.826, ""6"": 242.86}"
3.2,AUTO,62.848,278.033,-161.706,24.978,24.978,24.978,92.0,24.0,24.0,0.0,32.2,,,,,,,,,,,,,10.482,78.186,10.482,False,MANEUVERING,MANEUVERING,,,flexible_commitment_switched,5,40.72083399660187,False,0,CLOCKWISE,{},"{""1"": 218.306, ""2"": 78.186, ""3"": 125.715, ""4"": 114.065, ""5"": 208.324, ""6"": 243.417}"
3.25,AUTO,61.723,277.614,-159.57,24.978,24.978,24.978,92.0,24.0,24.0,0.0,32.2,,,,,,,,,,,,,10.636,79.086,10.636,False,MANEUVERING,MANEUVERING,,,flexible_commitment_switched,5,40.72083399660187,False,0,CLOCKWISE,{},"{""1"": 219.133, ""2"": 79.086, ""3"": 126.654, ""4"": 113.395, ""5"": 207.795, ""6"": 243.946}"
3.3,AUTO,60.615,277.153,-157.435,24.978,24.978,24.978,92.0,24.0,24.0,0.0,32.2,,,,,,,,,,,,,10.847,79.976,10.847,False,MANEUVERING,MANEUVERING,,,flexible_commitment_switched,5,40.72083399660187,False,0,CLOCKWISE,{},"{""1"": 219.943, ""2"": 79.976, ""3"": 127.585, ""4"": 112.704, ""5"": 207.239, ""6"": 244.449}"
3.35,AUTO,59.525,276.652,-155.3,24.978,24.978,24.978,92.0,24.0,24.0,0.0,32.2,,,,,,,,,,,,,11.116,80.853,11.116,False,MANEUVERING,MANEUVERING,,,flexible_commitment_switched,5,40.72083399660187,False,0,CLOCKWISE,{},"{""1"": 220.735, ""2"": 80.853, ""3"": 128.509, ""4"": 111.991, ""5"": 206.656, ""6"": 244.923}"
3.4,AUTO,58.454,276.11,-153.165,24.978,24.978,24.978,92.0,24.0,24.0,0.0,32.2,,,,,,,,,,,,,11.442,81.718,11.442,False,MANEUVERING,MANEUVERING,,,flexible_commitment_switched,5,40.72083399660187,False,0,CLOCKWISE,{},"{""1"": 221.508, ""2"": 81.718, ""3"": 129.424, ""4"": 111.258, ""5"": 206.047, ""6"": 245.37}"
3.45,AUTO,57.404,275.529,-151.029,24.978,24.978,24.978,92.0,24.0,24.0,0.0,32.2,,,,,,,,,,,,,11.825,82.569,11.825,False,MANEUVERING,MANEUVERING,,,flexible_commitment_switched,5,17.729041996062733,False,0,CLOCKWISE,{},"{""1"": 222.261, ""2"": 82.569, ""3"": 130.328, ""4"": 110.505, ""5"": 205.414, ""6"": 245.787}"
3.5,AUTO,56.377,274.909,-148.894,24.978,24.978,24.978,92.0,24.0,24.0,0.0,32.2,,,,,,,,,,,,,12.264,83.406,12.264,False,MANEUVERING,MANEUVERING,,,flexible_commitment_switched,5,17.729041996062733,False,0,CLOCKWISE,{},"{""1"": 222.993, ""2"": 83.406, ""3"": 131.222, ""4"": 109.732, ""5"": 204.756, ""6"": 246.176}"
3.55,AUTO,55.373,274.251,-146.759,24.978,24.978,24.978,92.0,24.0,24.0,0.0,32.2,,,,,,,,,,,,,12.759,84.228,12.759,False,MANEUVERING,MANEUVERING,,,flexible_commitment_switched,5,17.729041996062733,False,0,CLOCKWISE,{},"{""1"": 223.704, ""2"": 84.228, ""3"": 132.103, ""4"": 108.942, ""5"": 204.073, ""6"": 246.412}"
3.6,AUTO,54.395,273.557,-144.624,24.978,24.978,24.978,92.0,24.0,24.0,0.0,32.2,,,,,,,,,,,,,13.309,85.035,13.309,False,MANEUVERING,MANEUVERING,,,flexible_commitment_switched,5,17.729041996062733,False,0,CLOCKWISE,{},"{""1"": 224.392, ""2"": 85.035, ""3"": 132.971, ""4"": 108.133, ""5"": 203.368, ""6"": 246.339}"
3.65,AUTO,53.443,272.826,-142.488,24.978,24.978,24.978,92.0,24.0,24.0,0.0,32.2,,,,,,,,,,,,,13.913,85.825,13.913,False,MANEUVERING,MANEUVERING,,,flexible_commitment_switched,5,17.729041996062733,False,0,CLOCKWISE,{},"{""1"": 225.057, ""2"": 85.825, ""3"": 133.825, ""4"": 107.307, ""5"": 202.641, ""6"": 245.978}"
3.7,AUTO,52.519,272.06,-140.353,24.978,24.978,24.978,92.0,24.0,24.0,0.0,32.2,,,,,,,,,,,,,14.57,86.598,14.57,False,MANEUVERING,MANEUVERING,,,flexible_commitment_kept,5,17.799749999539927,False,0,CLOCKWISE,{},"{""1"": 225.699, ""2"": 86.598, ""3"": 134.664, ""4"": 106.465, ""5"": 201.891, ""6"": 245.535}"
3.75,AUTO,51.624,271.261,-138.218,24.978,24.978,24.978,92.0,24.0,24.0,0.0,32.2,,,,,,,,,,,,,15.28,87.354,15.28,False,MANEUVERING,MANEUVERING,,,flexible_commitment_kept,5,17.799749999539927,False,0,CLOCKWISE,{},"{""1"": 226.316, ""2"": 87.354, ""3"": 135.487, ""4"": 105.608, ""5"": 201.121, ""6"": 245.063}"
3.8,AUTO,50.759,270.428,-136.083,24.978,24.978,24.978,92.0,24.0,24.0,0.0,32.2,,,,,,,,,,,,,16.042,88.092,16.042,False,MANEUVERING,MANEUVERING,,,flexible_commitment_kept,5,17.799749999539927,False,0,CLOCKWISE,{},"{""1"": 226.908, ""2"": 88.092, ""3"": 136.294, ""4"": 104.735, ""5"": 200.331, ""6"": 244.563}"
3.85,AUTO,49.927,269.564,-133.947,24.978,24.978,24.978,92.0,24.0,24.0,0.0,32.2,,,,,,,,,,,,,16.854,88.811,16.854,False,MANEUVERING,MANEUVERING,,,flexible_commitment_kept,5,17.799749999539927,False,0,CLOCKWISE,{},"{""1"": 227.474, ""2"": 88.811, ""3"": 137.083, ""4"": 103.849, ""5"": 199.522, ""6"": 244.035}"
3.9,AUTO,49.127,268.67,-131.812,24.978,24.978,24.978,92.0,24.0,24.0,0.0,32.2,,,,,,,,,,,,,17.715,89.511,17.715,False,MANEUVERING,MANEUVERING,,,flexible_commitment_kept,5,17.799749999539927,False,0,CLOCKWISE,{},"{""1"": 228.014, ""2"": 89.511, ""3"": 137.853, ""4"": 102.95, ""5"": 198.695, ""6"": 243.48}"
3.95,AUTO,48.354,267.752,-130.062,20.478,12.489,12.489,92.0,24.0,24.0,0.0,64.4,,,,,,,,,,,,,18.62,90.154,18.62,False,MANEUVERING,MANEUVERING,,,flexible_commitment_switched,5,17.68275000358699,False,0,CLOCKWISE,{},"{""1"": 228.474, ""2"": 90.154, ""3"": 138.577, ""4"": 102.054, ""5"": 197.881, ""6"": 242.962}"
4.0,AUTO,47.604,266.815,-128.696,15.978,12.489,12.489,92.0,24.0,24.0,0.0,64.4,,,,,,,,,,,,,19.555,90.742,19.555,False,MANEUVERING,MANEUVERING,,,flexible_commitment_switched,5,17.68275000358699,False,0,CLOCKWISE,{},"{""1"": 228.855, ""2"": 90.742, ""3"": 139.253, ""4"": 101.16, ""5"": 197.079, ""6"": 242.486}"
4.05,AUTO,46.871,265.865,-127.628,12.489,12.489,12.489,92.0,24.0,24.0,0.0,64.4,,,,,,,,,,,,,20.51,91.289,20.51,False,MANEUVERING,MANEUVERING,,,flexible_commitment_switched,5,17.68275000358699,False,0,CLOCKWISE,{},"{""1"": 229.175, ""2"": 91.289, ""3"": 139.892, ""4"": 100.266, ""5"": 196.286, ""6"": 242.039}"
4.1,AUTO,46.157,264.901,-126.56,12.489,12.489,12.489,92.0,24.0,24.0,0.0,64.4,,,,,,,,,,,,,21.482,91.827,21.482,False,MANEUVERING,MANEUVERING,,,flexible_commitment_switched,5,17.68275000358699,False,0,CLOCKWISE,{},"{""1"": 229.48, ""2"": 91.827, ""3"": 140.52, ""4"": 99.365, ""5"": 195.482, ""6"": 241.579}"
4.15,AUTO,45.46,263.924,-125.493,12.489,12.489,12.489,92.0,24.0,24.0,0.0,64.4,,,,,,,,,,,,,22.473,92.358,22.473,False,MANEUVERING,MANEUVERING,,,flexible_commitment_switched,5,17.68275000358699,False,0,CLOCKWISE,{},"{""1"": 229.771, ""2"": 92.358, ""3"": 141.137, ""4"": 98.457, ""5"": 194.668, ""6"": 241.104}"
4.2,AUTO,44.782,262.934,-124.425,12.489,12.489,12.489,92.0,24.0,24.0,0.0,64.4,,,,,,,,,,,,,23.481,92.88,23.481,False,MANEUVERING,MANEUVERING,,,flexible_commitment_kept,5,18.066292002913542,False,0,CLOCKWISE,{},"{""1"": 230.048, ""2"": 92.88, ""3"": 141.744, ""4"": 97.542, ""5"": 193.844, ""6"": 240.616}"
4.25,AUTO,44.122,261.932,-123.358,12.489,12.489,12.489,92.0,24.0,24.0,0.0,64.4,,,,,,,,,,,,,24.507,93.394,24.507,False,MANEUVERING,MANEUVERING,,,flexible_commitment_kept,5,18.066292002913542,False,0,CLOCKWISE,{},"{""1"": 230.31, ""2"": 93.394, ""3"": 142.34, ""4"": 96.619, ""5"": 193.009, ""6"": 240.114}"
4.3,AUTO,43.481,260.917,-122.29,12.489,12.489,12.489,92.0,24.0,24.0,0.0,64.4,,,,,,,,,,,,,25.549,93.901,25.549,False,MANEUVERING,MANEUVERING,,,flexible_commitment_kept,5,18.066292002913542,False,0,CLOCKWISE,{},"{""1"": 230.557, ""2"": 93.901, ""3"": 142.924, ""4"": 95.69, ""5"": 192.165, ""6"": 239.598}"
4.35,AUTO,42.859,259.891,-121.222,12.489,12.489,12.489,92.0,24.0,24.0,0.0,64.4,,,,,,,,,,,,,26.608,94.399,26.608,False,MANEUVERING,MANEUVERING,,,flexible_commitment_kept,5,18.066292002913542,False,0,CLOCKWISE,{},"{""1"": 230.79, ""2"": 94.399, ""3"": 143.498, ""4"": 94.754, ""5"": 191.311, ""6"": 239.068}"
4.4,AUTO,42.256,258.853,-120.155,12.489,12.489,12.489,92.0,24.0,24.0,0.0,64.4,,,,,,,,,,,,,27.683,93.811,27.683,False,MANEUVERING,MANEUVERING,,,flexible_commitment_kept,5,18.066292002913542,False,0,CLOCKWISE,{},"{""1"": 231.008, ""2"": 94.889, ""3"": 144.061, ""4"": 93.811, ""5"": 190.447, ""6"": 238.525}"
4.45,AUTO,41.68,257.801,-118.702,16.989,24.978,24.978,92.0,24.0,24.0,0.0,32.2,,,,,,,,,,,,,28.793,92.86,28.793,False,MANEUVERING,MANEUVERING,,,flexible_commitment_switched,5,27.918542000406887,False,0,CLOCKWISE,{},"{""1"": 231.275, ""2"": 95.415, ""3"": 144.651, ""4"": 92.86, ""5"": 189.559, ""6"": 237.916}"
4.5,AUTO,41.137,256.73,-116.865,21.489,24.978,24.978,92.0,24.0,24.0,0.0,32.2,,,,,,,,,,,,,28.687,91.903,28.687,False,MANEUVERING,MANEUVERING,,,flexible_commitment_switched,5,27.918542000406887,False,0,CLOCKWISE,{},"{""1"": 231.512, ""2"": 95.972, ""3"": 145.265, ""4"": 91.903, ""5"": 188.647, ""6"": 237.237}"
4.55,AUTO,40.635,255.64,-114.73,24.978,24.978,24.978,92.0,24.0,24.0,0.0,32.2,,,,,,,,,,,,,28.4,90.942,28.4,False,MANEUVERING,MANEUVERING,,,flexible_commitment_switched,5,27.918542000406887,False,0,CLOCKWISE,{},"{""1"": 231.524, ""2"": 96.547, ""3"": 145.891, ""4"": 90.942, ""5"": 187.716, ""6"": 236.501}"
4.6,AUTO,40.174,254.532,-112.595,24.978,24.978,24.978,92.0,24.0,24.0,0.0,32.2,,,,,,,,,,,,,28.171,89.976,28.171,False,MANEUVERING,MANEUVERING,,,flexible_commitment_switched,5,27.918542000406887,False,0,CLOCKWISE,{},"{""1"": 231.247, ""2"": 97.1, ""3"": 146.495, ""4"": 89.976, ""5"": 186.776, ""6"": 235.744}"
4.65,AUTO,39.755,253.408,-110.46,24.978,24.978,24.978,92.0,24.0,24.0,0.0,32.2,,,,,,,,,,,,,28.001,89.006,28.001,False,MANEUVERING,MANEUVERING,,,flexible_commitment_switched,5,27.918542000406887,False,0,CLOCKWISE,{},"{""1"": 230.816, ""2"": 97.63, ""3"": 147.074, ""4"": 89.006, ""5"": 185.827, ""6"": 234.965}"
4.7,AUTO,39.377,252.269,-108.324,24.978,24.978,24.978,92.0,24.0,24.0,0.0,32.2,,,,,,,,,,,,,27.889,88.034,27.889,False,MANEUVERING,MANEUVERING,,,flexible_commitment_switched,5,27.918542000406887,False,0,CLOCKWISE,{},"{""1"": 230.355, ""2"": 98.136, ""3"": 147.628, ""4"": 88.034, ""5"": 184.871, ""6"": 234.167}"
4.75,AUTO,39.035,251.119,-106.574,20.478,12.489,12.489,92.0,24.0,24.0,0.0,64.4,,,,,,,,,,,,,27.776,87.043,27.776,False,MANEUVERING,MANEUVERING,,,flexible_commitment_switched,5,52.241875004256144,False,0,CLOCKWISE,{},"{""1"": 229.939, ""2"": 98.563, ""3"": 148.105, ""4"": 87.043, ""5"": 183.905, ""6"": 233.385}"
4.8,AUTO,38.72,249.961,-105.208,15.978,12.489,12.489,92.0,24.0,24.0,0.0,64.4,,,,,,,,,,,,,27.647,86.027,27.647,False,MANEUVERING,MANEUVERING,,,flexible_commitment_switched,5,52.241875004256144,False,0,CLOCKWISE,{},"{""1"": 229.571, ""2"": 98.914, ""3"": 148.508, ""4"": 86.027, ""5"": 182.924, ""6"": 232.62}"
4.85,AUTO,38.427,248.797,-104.14,12.489,12.489,12.489,92.0,24.0,24.0,0.0,64.4,,,,,,,,,,,,,27.504,84.991,27.504,False,MANEUVERING,MANEUVERING,,,flexible_commitment_switched,5,52.241875004256144,False,0,CLOCKWISE,{},"{""1"": 229.238, ""2"": 99.208, ""3"": 148.853, ""4"": 84.991, ""5"": 181.93, ""6"": 231.866}"
4.9,AUTO,38.156,247.628,-103.073,12.489,12.489,12.489,92.0,24.0,24.0,0.0,64.4,,,,,,,,,,,,,27.387,83.952,27.387,False,MANEUVERING,MANEUVERING,,,flexible_commitment_switched,5,52.241875004256144,False,0,CLOCKWISE,{},"{""1"": 228.892, ""2"": 99.493, ""3"": 149.186, ""4"": 83.952, ""5"": 180.929, ""6"": 231.1}"
4.95,AUTO,37.906,246.455,-102.005,12.489,12.489,12.489,92.0,24.0,24.0,0.0,64.4,,,,,,,,,,,,,27.295,82.909,27.295,False,MANEUVERING,MANEUVERING,,,flexible_commitment_switched,5,52.241875004256144,False,0,CLOCKWISE,{},"{""1"": 228.531, ""2"": 99.77, ""3"": 149.507, ""4"": 82.909, ""5"": 179.923, ""6"": 230.323}"
5.0,AUTO,37.678,245.276,-100.938,12.489,12.489,12.489,92.0,24.0,24.0,0.0,64.4,,,,,,,,,,,,,27.228,81.863,27.228,False,MANEUVERING,MANEUVERING,,,flexible_commitment_switched,5,52.241875004256144,False,0,CLOCKWISE,{},"{""1"": 228.156, ""2"": 100.038, ""3"": 149.815, ""4"": 81.863, ""5"": 178.912, ""6"": 229.535}"
5.05,AUTO,37.473,244.094,-99.87,12.489,12.489,12.489,92.0,24.0,24.0,0.0,64.4,,,,,,,,,,,,,27.187,80.815,27.187,False,MANEUVERING,MANEUVERING,,,flexible_commitment_switched,5,52.5447499967413,False,0,CLOCKWISE,{},"{""1"": 227.767, ""2"": 100.297, ""3"": 150.112, ""4"": 80.815, ""5"": 177.895, ""6"": 228.736}"
5.1,AUTO,37.289,242.908,-98.802,12.489,12.489,12.489,92.0,24.0,24.0,0.0,64.4,,,,,,,,,,,,,27.172,79.764,27.172,False,MANEUVERING,MANEUVERING,,,flexible_commitment_switched,5,52.5447499967413,False,0,CLOCKWISE,{},"{""1"": 227.364, ""2"": 100.548, ""3"": 150.397, ""4"": 79.764, ""5"": 176.873, ""6"": 227.926}"
5.15,AUTO,37.128,241.719,-97.735,12.489,12.489,12.489,92.0,24.0,24.0,0.0,64.4,,,,,,,,,,,,,27.183,78.71,27.183,False,MANEUVERING,MANEUVERING,,,flexible_commitment_switched,5,52.5447499967413,False,0,CLOCKWISE,{},"{""1"": 226.947, ""2"": 100.79, ""3"": 150.67, ""4"": 78.71, ""5"": 175.847, ""6"": 227.106}"
5.2,AUTO,36.988,240.527,-96.667,12.489,12.489,12.489,92.0,24.0,24.0,0.0,64.4,,,,,,,,,,,,,27.219,77.655,27.219,False,MANEUVERING,MANEUVERING,,,flexible_commitment_switched,5,52.5447499967413,False,0,CLOCKWISE,{},"{""1"": 226.516, ""2"": 101.023, ""3"": 150.93, ""4"": 77.655, ""5"": 174.816, ""6"": 226.275}"
5.25,AUTO,36.871,239.333,-95.599,12.489,12.489,12.489,92.0,24.0,24.0,0.0,64.4,,,,,,,,,,,,,27.28,76.598,27.28,False,MANEUVERING,MANEUVERING,,,flexible_commitment_switched,5,52.5447499967413,False,0,CLOCKWISE,{},"{""1"": 226.071, ""2"": 101.248, ""3"": 151.179, ""4"": 76.598, ""5"": 173.781, ""6"": 225.433}"
5.3,AUTO,36.776,238.137,-94.532,12.489,12.489,12.489,92.0,24.0,24.0,0.0,64.4,,,,,,,,,,,,,27.368,75.54,27.368,False,MANEUVERING,MANEUVERING,,,flexible_commitment_switched,5,52.5447499967413,False,0,CLOCKWISE,{},"{""1"": 225.612, ""2"": 101.464, ""3"": 151.415, ""4"": 75.54, ""5"": 172.742, ""6"": 224.582}"
5.35,AUTO,36.704,236.939,-93.464,12.489,12.489,12.489,92.0,24.0,24.0,0.0,64.4,,,,,,,,,,,,,27.481,74.481,27.481,False,MANEUVERING,MANEUVERING,,,flexible_commitment_switched,5,52.41250000108266,False,0,CLOCKWISE,{},"{""1"": 225.139, ""2"": 101.671, ""3"": 151.639, ""4"": 74.481, ""5"": 171.7, ""6"": 223.721}"
5.4,AUTO,36.654,235.74,-92.397,12.489,12.489,12.489,92.0,24.0,24.0,0.0,64.4,,,,,,,,,,,,,27.619,73.421,27.619,False,MANEUVERING,MANEUVERING,,,flexible_commitment_switched,5,52.41250000108266,False,0,CLOCKWISE,{},"{""1"": 224.653, ""2"": 101.87, ""3"": 151.851, ""4"": 73.421, ""5"": 170.654, ""6"": 222.85}"
5.45,AUTO,36.626,234.54,-91.329,12.489,12.489,12.489,92.0,24.0,24.0,0.0,64.4,,,,,,,,,,,,,27.783,72.36,27.783,False,MANEUVERING,MANEUVERING,,,flexible_commitment_switched,5,52.41250000108266,False,0,CLOCKWISE,{},"{""1"": 224.153, ""2"": 102.06, ""3"": 152.05, ""4"": 72.36, ""5"": 169.606, ""6"": 221.969}"
5.5,AUTO,36.62,233.34,-90.261,12.489,12.489,12.489,92.0,24.0,24.0,0.0,64.4,,,,,,,,,,,,,27.972,71.3,27.972,False,MANEUVERING,MANEUVERING,,,flexible_commitment_switched,5,52.41250000108266,False,0,CLOCKWISE,{},"{""1"": 223.64, ""2"": 102.237, ""3"": 152.236, ""4"": 71.3, ""5"": 168.555, ""6"": 221.08}"
5.55,AUTO,36.637,232.14,-89.194,12.489,12.489,12.489,92.0,24.0,24.0,0.0,64.4,,,,,,,,,,,,,27.889,70.24,27.889,False,MANEUVERING,MANEUVERING,,,flexible_commitment_switched,5,52.41250000108266,False,0,CLOCKWISE,{},"{""1"": 223.113, ""2"": 102.327, ""3"": 152.322, ""4"": 70.24, ""5"": 167.501, ""6"": 220.181}"
5.6,AUTO,36.677,230.941,-88.126,12.489,12.489,12.489,92.0,24.0,24.0,0.0,64.4,,,,,,,,,,,,,27.735,69.181,27.735,False,MANEUVERING,MANEUVERING,,,flexible_commitment_switched,5,52.41250000108266,False,0,CLOCKWISE,{},"{""1"": 222.573, ""2"": 102.379, ""3"": 152.352, ""4"": 69.181, ""5"": 166.446, ""6"": 219.273}"
5.65,AUTO,36.738,229.743,-87.058,12.489,12.489,12.489,92.0,24.0,24.0,0.0,64.4,,,,,,,,,,,,,27.607,68.123,27.607,False,MANEUVERING,MANEUVERING,,,flexible_commitment_kept,5,52.06625000573695,False,0,CLOCKWISE,{},"{""1"": 222.02, ""2"": 102.414, ""3"": 152.348, ""4"": 68.123, ""5"": 165.388, ""6"": 218.356}"
5.7,AUTO,36.822,228.546,-85.991,12.489,12.489,12.489,92.0,24.0,24.0,0.0,64.4,,,,,,,,,,,,,27.504,67.067,27.504,False,MANEUVERING,MANEUVERING,,,flexible_commitment_kept,5,52.06625000573695,False,0,CLOCKWISE,{},"{""1"": 221.454, ""2"": 102.433, ""3"": 152.311, ""4"": 67.067, ""5"": 164.33, ""6"": 217.431}"
5.75,AUTO,36.928,227.35,-84.923,12.489,12.489,12.489,92.0,24.0,24.0,0.0,64.4,,,,,,,,,,,,,27.426,66.013,27.426,False,MANEUVERING,MANEUVERING,,,flexible_commitment_kept,5,52.06625000573695,False,0,CLOCKWISE,{},"{""1"": 220.874, ""2"": 102.436, ""3"": 152.24, ""4"": 66.013, ""5"": 163.27, ""6"": 216.498}"
5.8,AUTO,37.057,226.157,-83.856,12.489,12.489,12.489,92.0,24.0,24.0,0.0,64.4,,,,,,,,,,,,,27.374,64.961,27.374,False,MANEUVERING,MANEUVERING,,,flexible_commitment_kept,5,52.06625000573695,False,0,CLOCKWISE,{},"{""1"": 220.282, ""2"": 102.423, ""3"": 152.136, ""4"": 64.961, ""5"": 162.21, ""6"": 215.556}"
5.85,AUTO,37.207,224.967,-82.788,12.489,12.489,12.489,92.0,24.0,24.0,0.0,64.4,,,,,,,,,,,,,27.348,63.912,27.348,False,MANEUVERING,MANEUVERING,,,flexible_commitment_kept,5,52.06625000573695,False,0,CLOCKWISE,{},"{""1"": 219.677, ""2"": 102.394, ""3"": 151.998, ""4"": 63.912, ""5"": 161.15, ""6"": 214.607}"
5.9,AUTO,37.38,223.779,-81.72,12.489,12.489,12.489,92.0,24.0,24.0,0.0,64.4,,,,,,,,,,,,,27.347,62.867,27.347,False,MANEUVERING,MANEUVERING,,,flexible_commitment_kept,5,52.06625000573695,False,0,CLOCKWISE,{},"{""1"": 219.059, ""2"": 102.348, ""3"": 151.827, ""4"": 62.867, ""5"": 160.09, ""6"": 213.649}"
5.95,AUTO,37.567,222.594,-81.037,7.989,-9.615,-9.615,92.0,24.0,24.0,0.0,86.0,,,,,,,,,,,,,27.425,61.769,27.425,False,MANEUVERING,MANEUVERING,,,flexible_commitment_switched,5,62.860707999789156,False,0,CLOCKWISE,{},"{""1"": 218.475, ""2"": 102.313, ""3"": 151.702, ""4"": 61.769, ""5"": 158.986, ""6"": 212.684}"
6.0,AUTO,37.76,221.41,-80.739,3.489,-9.615,-9.615,92.0,24.0,24.0,0.0,86.0,,,,,,,,,,,,,27.57,60.613,27.57,False,MANEUVERING,MANEUVERING,,,flexible_commitment_switched,5,62.860707999789156,False,0,CLOCKWISE,{},"{""1"": 217.931, ""2"": 102.299, ""3"": 151.647, ""4"": 60.613, ""5"": 157.836, ""6"": 211.712}"
6.05,AUTO,37.952,220.225,-80.823,-1.011,-9.615,-9.615,92.0,24.0,24.0,0.0,86.0,,,,,,,,,,,,,27.775,59.401,27.775,False,MANEUVERING,MANEUVERING,,,flexible_commitment_switched,5,62.860707999789156,False,0,CLOCKWISE,{},"{""1"": 217.433, ""2"": 102.301, ""3"": 151.661, ""4"": 59.401, ""5"": 156.641, ""6"": 210.739}"
6.1,AUTO,38.133,219.039,-81.281,-5.511,-9.615,-9.615,92.0,24.0,24.0,0.0,86.0,,,,,,,,,,,,,28.03,58.132,28.03,False,MANEUVERING,MANEUVERING,,,flexible_commitment_switched,5,62.860707999789156,False,0,CLOCKWISE,{},"{""1"": 216.99, ""2"": 102.301, ""3"": 151.723, ""4"": 58.132, ""5"": 155.404, ""6"": 209.769}"
6.15,AUTO,38.299,217.85,-82.081,-9.615,-9.615,-9.615,92.0,24.0,24.0,0.0,86.0,,,,,,,,,,,,,28.324,56.815,28.324,False,MANEUVERING,MANEUVERING,,,flexible_commitment_switched,5,62.860707999789156,False,0,CLOCKWISE,{},"{""1"": 216.607, ""2"": 102.267, ""3"": 151.79, ""4"": 56.815, ""5"": 154.133, ""6"": 208.812}"
6.2,AUTO,38.448,216.659,-82.88,-9.615,-9.615,-9.615,92.0,24.0,24.0,0.0,86.0,,,,,,,,,,,,,28.603,55.501,28.603,False,MANEUVERING,MANEUVERING,,,flexible_commitment_switched,5,62.860707999789156,False,0,CLOCKWISE,{},"{""1"": 216.249, ""2"": 102.195, ""3"": 151.809, ""4"": 55.501, ""5"": 152.868, ""6"": 207.871}"
6.25,AUTO,38.58,215.467,-83.68,-9.615,-9.615,-9.615,92.0,24.0,24.0,0.0,86.0,,,,,,,,,,,,,28.868,54.191,28.868,False,MANEUVERING,MANEUVERING,,,flexible_commitment_kept,5,42.50766699988162,False,0,CLOCKWISE,{},"{""1"": 215.917, ""2"": 102.084, ""3"": 151.78, ""4"": 54.191, ""5"": 151.611, ""6"": 206.948}"
6.3,AUTO,38.695,214.272,-84.479,-9.615,-9.615,-9.615,92.0,24.0,24.0,0.0,86.0,,,,,,,,,,,,,29.118,52.885,29.118,False,MANEUVERING,MANEUVERING,,,flexible_commitment_kept,5,42.50766699988162,False,0,CLOCKWISE,{},"{""1"": 215.61, ""2"": 101.956, ""3"": 151.703, ""4"": 52.885, ""5"": 150.36, ""6"": 206.043}"
6.35,AUTO,38.794,213.076,-85.279,-9.615,-9.615,-9.615,92.0,24.0,24.0,0.0,86.0,,,,,,,,,,,,,29.353,51.584,29.353,False,MANEUVERING,MANEUVERING,,,flexible_commitment_kept,5,42.50766699988162,False,0,CLOCKWISE,{},"{""1"": 215.33, ""2"": 101.862, ""3"": 151.58, ""4"": 51.584, ""5"": 149.118, ""6"": 205.157}"
6.4,AUTO,38.876,211.879,-86.078,-9.615,-9.615,-9.615,92.0,24.0,24.0,0.0,86.0,,,,,,,,,,,,,29.573,50.288,29.573,False,MANEUVERING,MANEUVERING,,,flexible_commitment_kept,5,42.50766699988162,False,0,CLOCKWISE,{},"{""1"": 215.075, ""2"": 101.803, ""3"": 151.461, ""4"": 50.288, ""5"": 147.884, ""6"": 204.289}"
6.45,AUTO,38.941,210.681,-86.878,-9.615,-9.615,-9.615,92.0,24.0,24.0,0.0,86.0,,,,,,,,,,,,,29.778,48.999,29.778,False,MANEUVERING,MANEUVERING,,,flexible_commitment_kept,5,42.50766699988162,False,0,CLOCKWISE,{},"{""1"": 214.847, ""2"": 101.78, ""3"": 151.373, ""4"": 48.999, ""5"": 146.659, ""6"": 203.44}"
6.5,AUTO,38.99,209.482,-87.677,-9.615,-9.615,-9.615,92.0,24.0,24.0,0.0,86.0,,,,,,,,,,,,,29.968,47.717,29.968,False,MANEUVERING,MANEUVERING,,,flexible_commitment_kept,5,42.50766699988162,False,0,CLOCKWISE,{},"{""1"": 214.645, ""2"": 101.793, ""3"": 151.315, ""4"": 47.717, ""5"": 145.443, ""6"": 202.611}"
6.55,AUTO,39.022,208.282,-88.477,-9.615,-9.615,-9.615,92.0,24.0,24.0,0.0,86.0,,,,,,,,,,,,,30.144,46.443,30.144,False,MANEUVERING,MANEUVERING,,,flexible_commitment_kept,5,41.72895800002152,False,0,CLOCKWISE,{},"{""1"": 214.469, ""2"": 101.842, ""3"": 151.288, ""4"": 46.443, ""5"": 144.236, ""6"": 201.802}"
6.6,AUTO,39.037,207.082,-89.276,-9.615,-9.615,-9.615,92.0,24.0,24.0,0.0,86.0,,,,,,,,,,,,,30.304,45.177,30.304,False,MANEUVERING,MANEUVERING,,,flexible_commitment_kept,5,41.72895800002152,False,0,CLOCKWISE,{},"{""1"": 214.32, ""2"": 101.926, ""3"": 151.29, ""4"": 45.177, ""5"": 143.04, ""6"": 201.014}"
6.65,AUTO,39.035,205.882,-90.076,-9.615,-9.615,-9.615,92.0,24.0,24.0,0.0,86.0,,,,,,,,,,,,,30.421,43.921,30.421,False,MANEUVERING,MANEUVERING,,,flexible_commitment_kept,5,41.72895800002152,False,0,CLOCKWISE,{},"{""1"": 214.197, ""2"": 102.046, ""3"": 151.322, ""4"": 43.921, ""5"": 141.854, ""6"": 200.246}"
6.7,AUTO,39.017,204.683,-90.875,-9.615,-9.615,-9.615,92.0,24.0,24.0,0.0,86.0,,,,,,,,,,,,,30.257,42.677,30.257,False,MANEUVERING,MANEUVERING,,,flexible_commitment_kept,5,41.72895800002152,False,0,CLOCKWISE,{},"{""1"": 214.102, ""2"": 102.202, ""3"": 151.385, ""4"": 42.677, ""5"": 140.68, ""6"": 199.499}"
6.75,AUTO,38.982,203.483,-91.675,-9.615,-9.615,-9.615,92.0,24.0,24.0,0.0,86.0,,,,,,,,,,,,,30.077,41.444,30.077,False,MANEUVERING,MANEUVERING,,,flexible_commitment_kept,5,41.72895800002152,False,0,CLOCKWISE,{},"{""1"": 214.032, ""2"": 102.393, ""3"": 151.478, ""4"": 41.444, ""5"": 139.517, ""6"": 198.774}"
6.8,AUTO,38.93,202.284,-92.474,-9.615,-9.615,-9.615,92.0,24.0,24.0,0.0,86.0,,,,,,,,,,,,,29.882,40.225,29.882,False,MANEUVERING,MANEUVERING,,,flexible_commitment_kept,5,41.72895800002152,False,0,CLOCKWISE,{},"{""1"": 213.99, ""2"": 102.619, ""3"": 151.601, ""4"": 40.225, ""5"": 138.367, ""6"": 198.071}"
6.85,AUTO,38.862,201.086,-93.274,-9.615,-9.615,-9.615,92.0,24.0,24.0,0.0,86.0,,,,,,,,,,,,,29.672,39.021,29.672,False,MANEUVERING,MANEUVERING,,,flexible_commitment_switched,5,73.90504200157011,False,0,CLOCKWISE,{},"{""1"": 213.974, ""2"": 102.879, ""3"": 151.753, ""4"": 39.021, ""5"": 137.229, ""6"": 197.391}"
6.9,AUTO,38.776,199.889,-94.073,-9.615,-9.615,-9.615,92.0,24.0,24.0,0.0,86.0,,,,,,,,,,,,,29.447,37.833,29.447,False,MANEUVERING,MANEUVERING,,,flexible_commitment_switched,5,73.90504200157011,False,0,CLOCKWISE,{},"{""1"": 213.986, ""2"": 103.175, ""3"": 151.936, ""4"": 37.833, ""5"": 136.105, ""6"": 196.733}"
6.95,AUTO,38.675,198.694,-94.872,-9.615,-9.615,-9.615,92.0,24.0,24.0,0.0,86.0,,,,,,,,,,,,,29.207,36.664,29.207,False,MANEUVERING,MANEUVERING,,,flexible_commitment_switched,5,73.90504200157011,False,0,CLOCKWISE,{},"{""1"": 214.024, ""2"": 103.504, ""3"": 152.148, ""4"": 36.664, ""5"": 134.994, ""6"": 196.098}"
7.0,AUTO,38.556,197.499,-95.672,-9.615,-9.615,-9.615,92.0,24.0,24.0,0.0,86.0,,,,,,,,,,,,,28.953,35.516,28.953,False,MANEUVERING,MANEUVERING,,,flexible_commitment_switched,5,73.90504200157011,False,0,CLOCKWISE,{},"{""1"": 214.089, ""2"": 103.867, ""3"": 152.389, ""4"": 35.516, ""5"": 133.898, ""6"": 195.486}"
7.05,AUTO,38.421,196.307,-96.471,-9.615,-9.615,-9.615,92.0,24.0,24.0,0.0,86.0,,,,,,,,,,,,,28.684,34.391,28.684,False,MANEUVERING,MANEUVERING,,,flexible_commitment_switched,5,73.90504200157011,False,0,CLOCKWISE,{},"{""1"": 214.18, ""2"": 104.264, ""3"": 152.66, ""4"": 34.391, ""5"": 132.817, ""6"": 194.899}"
7.1,AUTO,38.269,195.117,-97.271,-9.615,-9.615,-9.615,92.0,24.0,24.0,0.0,86.0,,,,,,,,,,,,,28.4,33.291,28.4,False,MANEUVERING,MANEUVERING,,,flexible_commitment_switched,5,73.90504200157011,False,0,CLOCKWISE,{},"{""1"": 214.298, ""2"": 104.693, ""3"": 152.96, ""4"": 33.291, ""5"": 131.751, ""6"": 194.335}"
7.15,AUTO,38.1,193.929,-98.07,-9.615,-9.615,-9.615,92.0,24.0,24.0,0.0,86.0,,,,,,,,,,,,,28.101,32.22,28.101,False,MANEUVERING,MANEUVERING,,,flexible_commitment_switched,5,53.250416996888816,False,0,CLOCKWISE,{},"{""1"": 214.443, ""2"": 105.155, ""3"": 153.289, ""4"": 32.22, ""5"": 130.701, ""6"": 193.796}"
7.2,AUTO,37.915,192.743,-98.87,-9.615,-9.615,-9.615,92.0,24.0,24.0,0.0,86.0,,,,,,,,,,,,,27.788,31.18,27.788,False,MANEUVERING,MANEUVERING,,,flexible_commitment_switched,5,53.250416996888816,False,0,CLOCKWISE,{},"{""1"": 214.564, ""2"": 105.648, ""3"": 153.646, ""4"": 31.18, ""5"": 129.669, ""6"": 193.281}"
7.25,AUTO,37.714,191.56,-99.669,-9.615,-9.615,-9.615,92.0,24.0,24.0,0.0,86.0,,,,,,,,,,,,,27.46,30.175,27.46,False,MANEUVERING,MANEUVERING,,,flexible_commitment_switched,5,53.250416996888816,False,0,CLOCKWISE,{},"{""1"": 214.624, ""2"": 106.173, ""3"": 154.032, ""4"": 30.175, ""5"": 128.653, ""6"": 192.792}"
7.3,AUTO,37.496,190.38,-100.469,-9.615,-9.615,-9.615,92.0,24.0,24.0,0.0,86.0,,,,,,,,,,,,,27.117,29.209,27.117,False,MANEUVERING,MANEUVERING,,,flexible_commitment_switched,5,53.250416996888816,False,0,CLOCKWISE,{},"{""1"": 214.625, ""2"": 106.728, ""3"": 154.446, ""4"": 29.209, ""5"": 127.656, ""6"": 192.327}"
7.35,AUTO,37.261,189.203,-101.268,-9.615,-9.615,-9.615,92.0,24.0,24.0,0.0,86.0,,,,,,,,,,,,,26.761,28.286,26.761,False,MANEUVERING,MANEUVERING,,,flexible_commitment_switched,5,53.250416996888816,False,0,CLOCKWISE,{},"{""1"": 214.565, ""2"": 107.314, ""3"": 154.888, ""4"": 28.286, ""5"": 126.677, ""6"": 191.889}"
7.4,AUTO,37.01,188.03,-102.068,-9.615,-9.615,-9.615,92.0,24.0,24.0,0.0,86.0,,,,,,,,,,,,,26.39,27.41,26.39,False,MANEUVERING,MANEUVERING,,,flexible_commitment_switched,5,53.250416996888816,False,0,CLOCKWISE,{},"{""1"": 214.447, ""2"": 107.93, ""3"": 155.357, ""4"": 27.41, ""5"": 125.717, ""6"": 191.476}"
7.45,AUTO,36.751,186.858,-102.493,-5.115,0.0,0.0,92.0,24.0,24.0,0.0,,,,,,,,,,,,,,26.067,26.57,26.067,False,MANEUVERING,MANEUVERING,,,flexible_commitment_switched,5,54.043457996158395,False,0,CLOCKWISE,{},"{""1"": 214.386, ""2"": 108.591, ""3"": 155.88, ""4"": 26.57, ""5"": 124.773, ""6"": 191.04}"
7.5,AUTO,36.49,185.687,-102.544,-0.615,0.0,0.0,92.0,24.0,24.0,0.0,,,,,,,,,,,,,,25.753,25.753,25.799,False,MANEUVERING,MANEUVERING,,,flexible_commitment_switched,5,54.043457996158395,False,0,CLOCKWISE,{},"{""1"": 214.401, ""2"": 109.287, ""3"": 156.447, ""4"": 25.753, ""5"": 123.837, ""6"": 190.573}"
7.55,AUTO,36.23,184.515,-102.544,0.0,0.0,0.0,92.0,24.0,24.0,0.0,,,,,,,,,,,,,,24.965,24.965,25.538,False,MANEUVERING,MANEUVERING,,,flexible_commitment_switched,5,54.043457996158395,False,0,CLOCKWISE,{},"{""1"": 214.433, ""2"": 109.996, ""3"": 157.025, ""4"": 24.965, ""5"": 122.905, ""6"": 190.105}"
7.6,AUTO,35.969,183.344,-102.544,0.0,0.0,0.0,92.0,24.0,24.0,0.0,,,,,,,,,,,,,,24.21,24.21,25.277,False,MANEUVERING,MANEUVERING,,,flexible_commitment_switched,5,54.043457996158395,False,0,CLOCKWISE,{},"{""1"": 214.471, ""2"": 110.712, ""3"": 157.611, ""4"": 24.21, ""5"": 121.977, ""6"": 189.645}"
7.65,AUTO,35.708,182.173,-102.544,0.0,0.0,0.0,92.0,24.0,24.0,0.0,,,,,,,,,,,,,,23.493,23.493,25.017,False,MANEUVERING,MANEUVERING,,,flexible_commitment_switched,5,54.043457996158395,False,0,CLOCKWISE,{},"{""1"": 214.516, ""2"": 111.437, ""3"": 158.203, ""4"": 23.493, ""5"": 121.055, ""6"": 189.19}"
7.7,AUTO,35.448,181.001,-102.544,0.0,0.0,0.0,92.0,24.0,24.0,0.0,,,,,,,,,,,,,,22.816,22.816,24.756,False,MANEUVERING,MANEUVERING,,,flexible_commitment_switched,5,54.043457996158395,False,0,CLOCKWISE,{},"{""1"": 214.567, ""2"": 112.171, ""3"": 158.803, ""4"": 22.816, ""5"": 120.137, ""6"": 188.743}"
7.75,AUTO,35.187,179.83,-102.544,0.0,0.0,0.0,92.0,24.0,24.0,0.0,,,,,,,,,,,,,,22.184,22.184,24.495,False,MANEUVERING,MANEUVERING,,,flexible_commitment_switched,5,44.86774999531917,False,0,CLOCKWISE,{},"{""1"": 214.626, ""2"": 112.912, ""3"": 159.409, ""4"": 22.184, ""5"": 119.224, ""6"": 188.302}"
7.8,AUTO,34.926,178.659,-102.544,0.0,0.0,0.0,92.0,24.0,24.0,0.0,,,,,,,,,,,,,,21.6,21.6,24.235,False,MANEUVERING,MANEUVERING,,,flexible_commitment_switched,5,44.86774999531917,False,0,CLOCKWISE,{},"{""1"": 214.691, ""2"": 113.661, ""3"": 160.022, ""4"": 21.6, ""5"": 118.317, ""6"": 187.867}"
7.85,AUTO,34.666,177.487,-102.544,0.0,0.0,0.0,92.0,24.0,24.0,0.0,,,,,,,,,,,,,,21.068,21.068,23.974,False,MANEUVERING,MANEUVERING,,,flexible_commitment_switched,5,44.86774999531917,False,0,CLOCKWISE,{},"{""1"": 214.762, ""2"": 114.418, ""3"": 160.641, ""4"": 21.068, ""5"": 117.415, ""6"": 187.439}"
7.9,AUTO,34.405,176.316,-102.544,0.0,0.0,0.0,92.0,24.0,24.0,0.0,,,,,,,,,,,,,,20.592,20.592,23.714,False,MANEUVERING,MANEUVERING,,,flexible_commitment_switched,5,44.86774999531917,False,0,CLOCKWISE,{},"{""1"": 214.841, ""2"": 115.182, ""3"": 161.267, ""4"": 20.592, ""5"": 116.518, ""6"": 187.018}"
7.95,AUTO,34.144,175.145,-102.544,0.0,0.0,0.0,92.0,24.0,24.0,0.0,,,,,,,,,,,,,,20.177,20.177,23.453,False,MANEUVERING,MANEUVERING,,,flexible_commitment_switched,5,44.86774999531917,False,0,CLOCKWISE,{},"{""1"": 214.926, ""2"": 115.953, ""3"": 161.9, ""4"": 20.177, ""5"": 115.626, ""6"": 186.604}"
8.0,AUTO,33.884,173.973,-102.544,0.0,0.0,0.0,92.0,24.0,24.0,0.0,,,,,,,,,,,,,,19.826,19.826,23.192,False,MANEUVERING,MANEUVERING,,,flexible_commitment_switched,5,44.86774999531917,False,0,CLOCKWISE,{},"{""1"": 215.018, ""2"": 116.732, ""3"": 162.539, ""4"": 19.826, ""5"": 114.741, ""6"": 186.196}"
8.05,AUTO,33.623,172.802,-102.544,0.0,0.0,0.0,92.0,24.0,24.0,0.0,,,,,,,,,,,,,,19.542,19.542,22.932,False,MANEUVERING,MANEUVERING,,,flexible_commitment_switched,5,45.150333004130516,False,0,CLOCKWISE,{},"{""1"": 215.116, ""2"": 117.518, ""3"": 163.184, ""4"": 19.542, ""5"": 113.861, ""6"": 185.796}"
8.1,AUTO,33.363,171.63,-102.544,0.0,0.0,0.0,92.0,24.0,24.0,0.0,,,,,,,,,,,,,,19.328,19.328,22.671,False,MANEUVERING,MANEUVERING,,,flexible_commitment_switched,5,45.150333004130516,False,0,CLOCKWISE,{},"{""1"": 215.221, ""2"": 118.311, ""3"": 163.836, ""4"": 19.328, ""5"": 112.987, ""6"": 185.402}"
8.15,AUTO,33.102,170.459,-102.544,0.0,0.0,0.0,92.0,24.0,24.0,0.0,,,,,,,,,,,,,,19.188,19.188,22.41,False,MANEUVERING,MANEUVERING,,,flexible_commitment_switched,5,45.150333004130516,False,0,CLOCKWISE,{},"{""1"": 215.333, ""2"": 119.111, ""3"": 164.493, ""4"": 19.188, ""5"": 112.118, ""6"": 185.015}"
8.2,AUTO,32.841,169.288,-102.544,0.0,0.0,0.0,92.0,24.0,24.0,0.0,,,,,,,,,,,,,,19.122,19.122,22.15,False,MANEUVERING,MANEUVERING,,,flexible_commitment_switched,5,45.150333004130516,False,0,CLOCKWISE,{},"{""1"": 215.451, ""2"": 119.917, ""3"": 165.157, ""4"": 19.122, ""5"": 111.257, ""6"": 184.635}"
8.25,AUTO,32.581,168.116,-102.544,0.0,0.0,0.0,92.0,24.0,24.0,0.0,,,,,,,,,,,,,,19.116,19.116,21.889,False,MANEUVERING,MANEUVERING,,,flexible_commitment_switched,5,45.150333004130516,False,0,CLOCKWISE,{},"{""1"": 215.576, ""2"": 120.73, ""3"": 165.827, ""4"": 19.116, ""5"": 110.401, ""6"": 184.262}"
8.3,AUTO,32.32,166.945,-102.544,0.0,0.0,0.0,92.0,24.0,24.0,0.0,,,,,,,,,,,,,,19.116,19.116,21.629,False,MANEUVERING,MANEUVERING,,,flexible_commitment_switched,5,45.150333004130516,False,0,CLOCKWISE,{},"{""1"": 215.707, ""2"": 121.549, ""3"": 166.503, ""4"": 19.116, ""5"": 109.552, ""6"": 183.897}"
8.35,AUTO,32.067,165.772,-102.16,4.5,12.489,12.489,92.0,24.0,24.0,0.0,64.4,,,,,,,,,,,,,19.058,19.058,21.433,False,MANEUVERING,MANEUVERING,,,flexible_commitment_switched,5,45.925332997285295,False,0,CLOCKWISE,{},"{""1"": 215.901, ""2"": 122.381, ""3"": 167.203, ""4"": 19.058, ""5"": 108.694, ""6"": 183.48}"
8.4,AUTO,31.83,164.596,-101.39,9.0,12.489,12.489,92.0,24.0,24.0,0.0,64.4,,,,,,,,,,,,,18.953,18.953,21.311,False,MANEUVERING,MANEUVERING,,,flexible_commitment_switched,5,45.925332997285295,False,0,CLOCKWISE,{},"{""1"": 216.15, ""2"": 123.219, ""3"": 167.923, ""4"": 18.953, ""5"": 107.82, ""6"": 183.005}"
8.45,AUTO,31.615,163.415,-100.323,12.489,12.489,12.489,92.0,24.0,24.0,0.0,64.4,,,,,,,,,,,,,18.822,18.822,21.26,False,MANEUVERING,MANEUVERING,,,flexible_commitment_switched,5,45.925332997285295,False,0,CLOCKWISE,{},"{""1"": 216.435, ""2"": 124.058, ""3"": 168.651, ""4"": 18.822, ""5"": 106.932, ""6"": 182.478}"
8.5,AUTO,31.422,162.231,-99.255,12.489,12.489,12.489,92.0,24.0,24.0,0.0,64.4,,,,,,,,,,,,,18.703,18.703,21.233,False,MANEUVERING,MANEUVERING,,,flexible_commitment_switched,5,45.925332997285295,False,0,CLOCKWISE,{},"{""1"": 216.705, ""2"": 124.888, ""3"": 169.369, ""4"": 18.703, ""5"": 106.036, ""6"": 181.939}"
8.55,AUTO,31.251,161.043,-98.187,12.489,12.489,12.489,92.0,24.0,24.0,0.0,64.4,,,,,,,,,,,,,18.598,18.598,21.233,False,MANEUVERING,MANEUVERING,,,flexible_commitment_switched,5,45.925332997285295,False,0,CLOCKWISE,{},"{""1"": 216.96, ""2"": 125.709, ""3"": 170.076, ""4"": 18.598, ""5"": 105.132, ""6"": 181.387}"
8.6,AUTO,31.103,159.852,-97.12,12.489,12.489,12.489,92.0,24.0,24.0,0.0,64.4,,,,,,,,,,,,,18.505,18.505,21.258,False,MANEUVERING,MANEUVERING,,,flexible_commitment_switched,5,45.925332997285295,False,0,CLOCKWISE,{},"{""1"": 217.202, ""2"": 126.521, ""3"": 170.771, ""4"": 18.505, ""5"": 104.221, ""6"": 180.823}"
8.65,AUTO,30.976,158.659,-96.052,12.489,12.489,12.489,92.0,24.0,24.0,0.0,64.4,,,,,,,,,,,,,18.425,18.425,21.309,False,MANEUVERING,MANEUVERING,,,flexible_commitment_switched,5,46.3615420012502,False,0,CLOCKWISE,{},"{""1"": 217.429, ""2"": 127.324, ""3"": 171.456, ""4"": 18.425, ""5"": 103.303, ""6"": 180.246}"
8.7,AUTO,30.872,157.463,-94.984,12.489,12.489,12.489,92.0,24.0,24.0,0.0,64.4,,,,,,,,,,,,,18.359,18.359,21.386,False,MANEUVERING,MANEUVERING,,,flexible_commitment_switched,5,46.3615420012502,False,0,CLOCKWISE,{},"{""1"": 217.642, ""2"": 128.118, ""3"": 172.129, ""4"": 18.359, ""5"": 102.377, ""6"": 179.658}"
8.75,AUTO,30.79,156.266,-93.917,12.489,12.489,12.489,92.0,24.0,24.0,0.0,64.4,,,,,,,,,,,,,18.305,18.305,21.488,False,MANEUVERING,MANEUVERING,,,flexible_commitment_switched,5,46.3615420012502,False,0,CLOCKWISE,{},"{""1"": 217.841, ""2"": 128.903, ""3"": 172.791, ""4"": 18.305, ""5"": 101.445, ""6"": 179.057}"
8.8,AUTO,30.73,155.068,-92.849,12.489,12.489,12.489,92.0,24.0,24.0,0.0,64.4,,,,,,,,,,,,,18.264,18.264,21.615,False,MANEUVERING,MANEUVERING,,,flexible_commitment_switched,5,46.3615420012502,False,0,CLOCKWISE,{},"{""1"": 218.017, ""2"": 129.679, ""3"": 173.442, ""4"": 18.264, ""5"": 100.506, ""6"": 178.445}"
8.85,AUTO,30.693,153.868,-91.782,12.489,12.489,12.489,92.0,24.0,24.0,0.0,64.4,,,,,,,,,,,,,18.237,18.237,21.768,False,MANEUVERING,MANEUVERING,,,flexible_commitment_switched,5,46.3615420012502,False,0,CLOCKWISE,{},"{""1"": 218.14, ""2"": 130.445, ""3"": 174.081, ""4"": 18.237, ""5"": 99.56, ""6"": 177.821}"
8.9,AUTO,30.678,152.668,-90.714,12.489,12.489,12.489,92.0,24.0,24.0,0.0,64.4,,,,,,,,,,,,,18.222,18.222,21.947,False,MANEUVERING,MANEUVERING,,,flexible_commitment_switched,5,46.3615420012502,False,0,CLOCKWISE,{},"{""1"": 218.206, ""2"": 131.201, ""3"": 174.708, ""4"": 18.222, ""5"": 98.607, ""6"": 177.184}"
8.95,AUTO,30.685,151.468,-89.646,12.489,12.489,12.489,92.0,24.0,24.0,0.0,64.4,,,,,,,,,,,,,18.19,18.19,22.02,False,MANEUVERING,MANEUVERING,,,flexible_commitment_kept,5,228.86004100291757,False,0,CLOCKWISE,{},"{""1"": 218.186, ""2"": 131.948, ""3"": 175.323, ""4"": 18.19, ""5"": 97.649, ""6"": 176.536}"
9.0,AUTO,30.715,150.269,-88.579,12.489,12.489,12.489,92.0,24.0,24.0,0.0,64.4,,,,,,,,,,,,,18.108,18.108,21.856,False,MANEUVERING,MANEUVERING,,,flexible_commitment_kept,5,228.86004100291757,False,0,CLOCKWISE,{},"{""1"": 218.046, ""2"": 132.685, ""3"": 175.927, ""4"": 18.108, ""5"": 96.683, ""6"": 175.877}"
9.05,AUTO,30.767,149.07,-87.511,12.489,12.489,12.489,92.0,24.0,24.0,0.0,64.4,,,,,,,,,,,,,18.039,18.039,21.716,False,MANEUVERING,MANEUVERING,,,flexible_commitment_kept,5,228.86004100291757,False,0,CLOCKWISE,{},"{""1"": 217.852, ""2"": 133.413, ""3"": 176.519, ""4"": 18.039, ""5"": 95.712, ""6"": 175.206}"
9.1,AUTO,30.842,147.872,-86.443,12.489,12.489,12.489,92.0,24.0,24.0,0.0,64.4,,,,,,,,,,,,,17.984,17.984,21.602,False,MANEUVERING,MANEUVERING,,,flexible_commitment_kept,5,228.86004100291757,False,0,CLOCKWISE,{},"{""1"": 217.633, ""2"": 134.13, ""3"": 177.099, ""4"": 17.984, ""5"": 94.735, ""6"": 174.524}"
9.15,AUTO,30.938,146.676,-85.376,12.489,12.489,12.489,92.0,24.0,24.0,0.0,64.4,,,,,,,,,,,,,17.942,17.942,21.514,False,MANEUVERING,MANEUVERING,,,flexible_commitment_kept,5,228.86004100291757,False,0,CLOCKWISE,{},"{""1"": 217.399, ""2"": 134.838, ""3"": 177.666, ""4"": 17.942, ""5"": 93.752, ""6"": 173.83}"
9.2,AUTO,31.057,145.482,-84.308,12.489,12.489,12.489,92.0,24.0,24.0,0.0,64.4,,,,,,,,,,,,,17.912,17.912,21.451,False,MANEUVERING,MANEUVERING,,,flexible_commitment_kept,5,228.86004100291757,False,0,CLOCKWISE,{},"{""1"": 217.151, ""2"": 135.535, ""3"": 178.222, ""4"": 17.912, ""5"": 92.763, ""6"": 173.125}"
9.25,AUTO,31.199,144.29,-83.241,12.489,12.489,12.489,92.0,24.0,24.0,0.0,64.4,,,,,,,,,,,,,17.896,17.896,21.414,False,MANEUVERING,MANEUVERING,,,flexible_commitment_switched,5,135.68933299393393,False,0,CLOCKWISE,{},"{""1"": 216.888, ""2"": 136.222, ""3"": 178.765, ""4"": 17.896, ""5"": 91.769, ""6"": 172.409}"
9.3,AUTO,31.362,143.101,-82.173,12.489,12.489,12.489,92.0,24.0,24.0,0.0,64.4,,,,,,,,,,,,,17.893,17.893,21.402,False,MANEUVERING,MANEUVERING,,,flexible_commitment_switched,5,135.68933299393393,False,0,CLOCKWISE,{},"{""1"": 216.612, ""2"": 136.899, ""3"": 179.296, ""4"": 17.893, ""5"": 90.769, ""6"": 171.682}"
9.35,AUTO,31.548,141.916,-81.105,12.489,12.489,12.489,92.0,24.0,24.0,0.0,64.4,,,,,,,,,,,,,17.904,17.904,21.416,False,MANEUVERING,MANEUVERING,,,flexible_commitment_switched,5,135.68933299393393,False,0,CLOCKWISE,{},"{""1"": 216.321, ""2"": 137.566, ""3"": 179.815, ""4"": 17.904, ""5"": 89.765, ""6"": 170.944}"
9.4,AUTO,31.755,140.734,-80.038,12.489,12.489,12.489,92.0,24.0,24.0,0.0,64.4,,,,,,,,,,,,,17.927,17.927,21.455,False,MANEUVERING,MANEUVERING,,,flexible_commitment_switched,5,135.68933299393393,False,0,CLOCKWISE,{},"{""1"": 216.016, ""2"": 138.222, ""3"": 180.321, ""4"": 17.927, ""5"": 88.755, ""6"": 170.195}"
9.45,AUTO,31.985,139.556,-78.97,12.489,12.489,12.489,92.0,24.0,24.0,0.0,64.4,,,,,,,,,,,,,17.964,17.964,21.52,False,MANEUVERING,MANEUVERING,,,flexible_commitment_switched,5,135.68933299393393,False,0,CLOCKWISE,{},"{""1"": 215.697, ""2"": 138.868, ""3"": 180.815, ""4"": 17.964, ""5"": 87.741, ""6"": 169.436}"
9.5,AUTO,32.236,138.383,-77.902,12.489,12.489,12.489,92.0,24.0,24.0,0.0,64.4,,,,,,,,,,,,,18.013,18.013,21.611,False,MANEUVERING,MANEUVERING,,,flexible_commitment_switched,5,135.68933299393393,False,0,CLOCKWISE,{},"{""1"": 215.363, ""2"": 139.503, ""3"": 181.296, ""4"": 18.013, ""5"": 86.722, ""6"": 168.666}"
9.55,AUTO,32.51,137.214,-76.835,12.489,12.489,12.489,92.0,24.0,24.0,0.0,64.4,,,,,,,,,,,,,18.076,18.076,21.727,False,MANEUVERING,MANEUVERING,,,flexible_commitment_kept,5,80.97291600279277,False,0,CLOCKWISE,{},"{""1"": 215.016, ""2"": 140.127, ""3"": 181.764, ""4"": 18.076, ""5"": 85.699, ""6"": 167.886}"
9.6,AUTO,32.805,136.051,-75.767,12.489,12.489,12.489,92.0,24.0,24.0,0.0,64.4,,,,,,,,,,,,,18.152,18.152,21.869,False,MANEUVERING,MANEUVERING,,,flexible_commitment_kept,5,80.97291600279277,False,0,CLOCKWISE,{},"{""1"": 214.655, ""2"": 140.741, ""3"": 182.22, ""4"": 18.152, ""5"": 84.671, ""6"": 167.096}"
9.65,AUTO,33.121,134.894,-74.7,12.489,12.489,12.489,92.0,24.0,24.0,0.0,64.4,,,,,,,,,,,,,22.036,83.64,22.036,False,MANEUVERING,MANEUVERING,,,flexible_commitment_kept,5,80.97291600279277,False,0,CLOCKWISE,{},"{""1"": 214.279, ""2"": 141.344, ""3"": 182.662, ""5"": 83.64, ""6"": 166.295}"
9.7,AUTO,33.46,133.742,-73.632,12.489,12.489,12.489,92.0,24.0,24.0,0.0,64.4,,,,,,,,,,,,,22.228,82.605,22.228,False,MANEUVERING,MANEUVERING,,,flexible_commitment_kept,5,80.97291600279277,False,0,CLOCKWISE,{},"{""1"": 213.89, ""2"": 141.936, ""3"": 183.092, ""5"": 82.605, ""6"": 165.485}"
9.75,AUTO,33.819,132.597,-72.564,12.489,12.489,12.489,92.0,24.0,24.0,0.0,64.4,,,,,,,,,,,,,22.446,81.566,22.446,False,MANEUVERING,MANEUVERING,,,flexible_commitment_kept,5,80.97291600279277,False,0,CLOCKWISE,{},"{""1"": 213.487, ""2"": 142.518, ""3"": 183.509, ""5"": 81.566, ""6"": 164.665}"
9.8,AUTO,34.2,131.46,-71.497,12.489,12.489,12.489,92.0,24.0,24.0,0.0,64.4,,,,,,,,,,,,,22.688,80.524,22.688,False,MANEUVERING,MANEUVERING,,,flexible_commitment_kept,5,80.97291600279277,False,0,CLOCKWISE,{},"{""1"": 213.071, ""2"": 143.088, ""3"": 183.913, ""5"": 80.524, ""6"": 163.835}"
9.85,AUTO,34.594,130.326,-70.814,7.989,0.0,0.0,92.0,24.0,24.0,0.0,,,,,,,,,,,,,,22.997,79.453,22.997,False,FOLLOW,FOLLOW,,,flexible_commitment_switched,4,86.15195900347317,False,0,CLOCKWISE,{},"{""1"": 212.705, ""2"": 143.61, ""3"": 184.254, ""5"": 79.453, ""6"": 163.016}"
9.9,AUTO,34.995,129.195,-70.516,3.489,0.0,0.0,92.0,24.0,24.0,0.0,,,,,,,,,,,,,,23.36,78.354,23.36,False,FOLLOW,FOLLOW,,,flexible_commitment_switched,4,86.15195900347317,False,0,CLOCKWISE,{},"{""1"": 212.396, ""2"": 144.09, ""3"": 184.538, ""5"": 78.354, ""6"": 162.214}"
9.95,AUTO,35.395,128.064,-70.516,0.0,0.0,0.0,92.0,24.0,24.0,0.0,,,,,,,,,,,,,,23.76,77.234,23.76,False,FOLLOW,FOLLOW,,,flexible_commitment_switched,4,86.15195900347317,False,0,CLOCKWISE,{},"{""1"": 212.137, ""2"": 144.544, ""3"": 184.785, ""5"": 77.234, ""6"": 161.429}"
10.0,AUTO,35.795,126.932,-70.516,0.0,0.0,0.0,92.0,24.0,24.0,0.0,,,,,,,,,,,,,,24.16,76.118,24.16,False,FOLLOW,FOLLOW,,,flexible_commitment_switched,4,86.15195900347317,False,0,CLOCKWISE,{},"{""1"": 211.884, ""2"": 145.006, ""3"": 185.039, ""5"": 76.118, ""6"": 160.649}"
10.05,AUTO,36.195,125.801,-70.516,0.0,0.0,0.0,92.0,24.0,24.0,0.0,,,,,,,,,,,,,,24.561,75.004,24.561,False,FOLLOW,FOLLOW,,,flexible_commitment_switched,4,86.15195900347317,False,0,CLOCKWISE,{},"{""1"": 211.639, ""2"": 145.477, ""3"": 185.3, ""5"": 75.004, ""6"": 159.874}"
10.1,AUTO,36.596,124.67,-70.516,0.0,0.0,0.0,92.0,24.0,24.0,0.0,,,,,,,,,,,,,,24.961,73.892,24.961,False,FOLLOW,FOLLOW,,,flexible_commitment_switched,4,86.15195900347317,False,0,CLOCKWISE,{},"{""1"": 211.399, ""2"": 145.956, ""3"": 185.569, ""5"": 73.892, ""6"": 159.104}"
10.15,AUTO,36.996,123.539,-70.516,0.0,0.0,0.0,92.0,24.0,24.0,0.0,,,,,,,,,,,,,,25.361,72.784,25.361,False,FOLLOW,FOLLOW,,,flexible_commitment_switched,5,87.63120799994795,False,0,CLOCKWISE,{},"{""1"": 211.166, ""2"": 146.444, ""3"": 185.845, ""5"": 72.784, ""6"": 158.339}"
10.2,AUTO,37.396,122.407,-70.516,0.0,0.0,0.0,92.0,24.0,24.0,0.0,,,,,,,,,,,,,,25.761,71.678,25.761,False,FOLLOW,FOLLOW,,,flexible_commitment_switched,5,87.63120799994795,False,0,CLOCKWISE,{},"{""1"": 210.94, ""2"": 146.94, ""3"": 186.128, ""5"": 71.678, ""6"": 157.58}"
10.25,AUTO,37.796,121.276,-70.516,0.0,0.0,0.0,92.0,24.0,24.0,0.0,,,,,,,,,,,,,,26.162,70.576,26.162,False,FOLLOW,FOLLOW,,,flexible_commitment_switched,5,87.63120799994795,False,0,CLOCKWISE,{},"{""1"": 210.721, ""2"": 147.444, ""3"": 186.419, ""5"": 70.576, ""6"": 156.827}"
10.3,AUTO,38.197,120.145,-70.516,0.0,0.0,0.0,92.0,24.0,24.0,0.0,,,,,,,,,,,,,,26.562,69.476,26.562,False,FOLLOW,FOLLOW,,,flexible_commitment_switched,5,87.63120799994795,False,0,CLOCKWISE,{},"{""1"": 210.508, ""2"": 147.956, ""3"": 186.717, ""5"": 69.476, ""6"": 156.079}"
10.35,AUTO,38.597,119.013,-70.516,0.0,0.0,0.0,92.0,24.0,24.0,0.0,,,,,,,,,,,,,,26.962,68.38,26.962,False,FOLLOW,FOLLOW,,,flexible_commitment_switched,5,87.63120799994795,False,0,CLOCKWISE,{},"{""1"": 210.301, ""2"": 148.475, ""3"": 187.022, ""5"": 68.38, ""6"": 155.337}"
10.4,AUTO,38.997,117.882,-70.516,0.0,0.0,0.0,92.0,24.0,24.0,0.0,,,,,,,,,,,,,,27.362,67.288,27.362,False,FOLLOW,FOLLOW,,,flexible_commitment_switched,5,87.63120799994795,False,0,CLOCKWISE,{},"{""1"": 210.102, ""2"": 149.003, ""3"": 187.334, ""5"": 67.288, ""6"": 154.6}"
10.45,AUTO,39.405,116.754,-70.131,4.5,12.489,12.489,92.0,24.0,24.0,0.0,64.4,,,,,,,,,,,,,27.723,66.219,27.723,False,MANEUVERING,MANEUVERING,,,flexible_commitment_switched,5,67.46070900408085,False,0,CLOCKWISE,{},"{""1"": 209.84, ""2"": 149.569, ""3"": 187.699, ""5"": 66.219, ""6"": 153.842}"
10.5,AUTO,39.828,115.631,-69.361,9.0,12.489,12.489,92.0,24.0,24.0,0.0,64.4,,,,,,,,,,,,,28.053,65.169,28.053,False,MANEUVERING,MANEUVERING,,,flexible_commitment_switched,5,67.46070900408085,False,0,CLOCKWISE,{},"{""1"": 209.508, ""2"": 150.166, ""3"": 188.109, ""5"": 65.169, ""6"": 153.057}"
10.55,AUTO,40.272,114.516,-68.294,12.489,12.489,12.489,92.0,24.0,24.0,0.0,64.4,,,,,,,,,,,,,28.37,64.133,28.37,False,MANEUVERING,MANEUVERING,,,flexible_commitment_switched,5,67.46070900408085,False,0,CLOCKWISE,{},"{""1"": 209.116, ""2"": 150.781, ""3"": 188.547, ""5"": 64.133, ""6"": 152.245}"
10.6,AUTO,40.736,113.409,-67.226,12.489,12.489,12.489,92.0,24.0,24.0,0.0,64.4,,,,,,,,,,,,,28.713,63.094,28.713,False,MANEUVERING,MANEUVERING,,,flexible_commitment_switched,5,67.46070900408085,False,0,CLOCKWISE,{},"{""1"": 208.71, ""2"": 151.386, ""3"": 188.972, ""5"": 63.094, ""6"": 151.423}"
10.65,AUTO,41.221,112.312,-66.159,12.489,12.489,12.489,92.0,24.0,24.0,0.0,64.4,,,,,,,,,,,,,29.081,62.052,29.081,False,MANEUVERING,MANEUVERING,,,flexible_commitment_switched,5,67.46070900408085,False,0,CLOCKWISE,{},"{""1"": 208.291, ""2"": 151.979, ""3"": 189.384, ""5"": 62.052, ""6"": 150.592}"
10.7,AUTO,41.727,111.223,-65.091,12.489,12.489,12.489,92.0,24.0,24.0,0.0,64.4,,,,,,,,,,,,,29.473,61.007,29.473,False,MANEUVERING,MANEUVERING,,,flexible_commitment_kept,5,62.39241699950071,False,0,CLOCKWISE,{},"{""1"": 207.858, ""2"": 152.56, ""3"": 189.782, ""5"": 61.007, ""6"": 149.752}"
10.75,AUTO,42.252,110.144,-64.023,12.489,12.489,12.489,92.0,24.0,24.0,0.0,64.4,,,,,,,,,,,,,29.889,59.959,29.889,False,MANEUVERING,MANEUVERING,,,flexible_commitment_kept,5,62.39241699950071,False,0,CLOCKWISE,{},"{""1"": 207.411, ""2"": 153.131, ""3"": 190.168, ""5"": 59.959, ""6"": 148.903}"
10.8,AUTO,42.798,109.076,-62.956,12.489,12.489,12.489,92.0,24.0,24.0,0.0,64.4,,,,,,,,,,,,,30.33,58.909,30.33,False,MANEUVERING,MANEUVERING,,,flexible_commitment_kept,5,62.39241699950071,False,0,CLOCKWISE,{},"{""1"": 206.951, ""2"": 153.69, ""3"": 190.54, ""5"": 58.909, ""6"": 148.044}"
10.85,AUTO,43.363,108.017,-61.888,12.489,12.489,12.489,92.0,24.0,24.0,0.0,64.4,,,,,,,,,,,,,30.795,57.856,30.795,False,MANEUVERING,MANEUVERING,,,flexible_commitment_kept,5,62.39241699950071,False,0,CLOCKWISE,{},"{""1"": 206.478, ""2"": 154.237, ""3"": 190.899, ""5"": 57.856, ""6"": 147.177}"
10.9,AUTO,43.948,106.97,-60.82,12.489,12.489,12.489,92.0,24.0,24.0,0.0,64.4,,,,,,,,,,,,,31.284,56.802,31.284,False,MANEUVERING,MANEUVERING,,,flexible_commitment_kept,5,62.39241699950071,False,0,CLOCKWISE,{},"{""1"": 205.991, ""2"": 154.773, ""3"": 191.245, ""5"": 56.802, ""6"": 146.301}"
10.95,AUTO,44.553,105.933,-59.753,12.489,12.489,12.489,92.0,24.0,24.0,0.0,64.4,,,,,,,,,,,,,31.797,55.745,31.797,False,MANEUVERING,MANEUVERING,,,flexible_commitment_kept,5,82.70495799661148,False,0,CLOCKWISE,{},"{""1"": 205.491, ""2"": 155.297, ""3"": 191.577, ""5"": 55.745, ""6"": 145.416}"
11.0,AUTO,45.177,104.908,-58.685,12.489,12.489,12.489,92.0,24.0,24.0,0.0,64.4,,,,,,,,,,,,,32.333,54.688,32.333,False,MANEUVERING,MANEUVERING,,,flexible_commitment_kept,5,82.70495799661148,False,0,CLOCKWISE,{},"{""1"": 204.978, ""2"": 155.81, ""3"": 191.896, ""5"": 54.688, ""6"": 144.522}"
11.05,AUTO,45.819,103.894,-57.618,12.489,12.489,12.489,92.0,24.0,24.0,0.0,64.4,,,,,,,,,,,,,32.893,53.629,32.893,False,MANEUVERING,MANEUVERING,,,flexible_commitment_kept,5,82.70495799661148,False,0,CLOCKWISE,{},"{""1"": 204.452, ""2"": 156.311, ""3"": 192.201, ""5"": 53.629, ""6"": 143.621}"
11.1,AUTO,46.481,102.893,-56.55,12.489,12.489,12.489,92.0,24.0,24.0,0.0,64.4,,,,,,,,,,,,,33.476,52.569,33.476,False,MANEUVERING,MANEUVERING,,,flexible_commitment_kept,5,82.70495799661148,False,0,CLOCKWISE,{},"{""1"": 203.913, ""2"": 156.799, ""3"": 192.492, ""5"": 52.569, ""6"": 142.711}"
11.15,AUTO,47.161,101.904,-55.482,12.489,12.489,12.489,92.0,24.0,24.0,0.0,64.4,,,,,,,,,,,,,34.082,51.509,34.082,False,MANEUVERING,MANEUVERING,,,flexible_commitment_kept,5,82.70495799661148,False,0,CLOCKWISE,{},"{""1"": 203.361, ""2"": 157.277, ""3"": 192.771, ""5"": 51.509, ""6"": 141.793}"
11.2,AUTO,47.852,100.924,-54.799,7.989,-9.615,-9.615,92.0,24.0,24.0,0.0,86.0,,,,,,,,,,,,,34.729,50.407,34.729,False,MANEUVERING,MANEUVERING,,,flexible_commitment_kept,5,85.13054200011538,False,0,CLOCKWISE,{},"{""1"": 202.849, ""2"": 157.697, ""3"": 192.977, ""5"": 50.407, ""6"": 140.875}"
11.25,AUTO,48.549,99.947,-54.501,3.489,-9.615,-9.615,92.0,24.0,24.0,0.0,86.0,,,,,,,,,,,,,35.407,49.263,35.407,False,MANEUVERING,MANEUVERING,,,flexible_commitment_kept,5,85.13054200011538,False,0,CLOCKWISE,{},"{""1"": 202.384, ""2"": 158.067, ""3"": 193.117, ""5"": 49.263, ""6"": 139.959}"
11.3,AUTO,49.245,98.969,-54.585,-1.011,-9.615,-9.615,92.0,24.0,24.0,0.0,86.0,,,,,,,,,,,,,36.108,48.077,36.108,False,MANEUVERING,MANEUVERING,,,flexible_commitment_kept,5,85.13054200011538,False,0,CLOCKWISE,{},"{""1"": 201.971, ""2"": 158.395, ""3"": 193.201, ""5"": 48.077, ""6"": 139.051}"
11.35,AUTO,49.932,97.985,-55.043,-5.511,-9.615,-9.615,92.0,24.0,24.0,0.0,86.0,,,,,,,,,,,,,36.825,46.854,36.825,False,MANEUVERING,MANEUVERING,,,flexible_commitment_kept,5,85.13054200011538,False,0,CLOCKWISE,{},"{""1"": 201.621, ""2"": 158.692, ""3"": 193.238, ""5"": 46.854, ""6"": 138.157}"
11.4,AUTO,50.606,96.992,-55.843,-9.615,-9.615,-9.615,92.0,24.0,24.0,0.0,86.0,,,,,,,,,,,,,36.995,45.603,36.995,False,MANEUVERING,MANEUVERING,,,flexible_commitment_kept,5,85.13054200011538,False,0,CLOCKWISE,{},"{""1"": 201.337, ""2"": 158.972, ""3"": 193.245, ""5"": 45.603, ""6"": 137.287}"
11.45,AUTO,51.266,95.99,-56.642,-9.615,-9.615,-9.615,92.0,24.0,24.0,0.0,86.0,,,,,,,,,,,,,36.646,44.364,36.646,False,MANEUVERING,MANEUVERING,,,flexible_commitment_kept,5,76.70800000050804,False,0,CLOCKWISE,{},"{""1"": 201.08, ""2"": 159.281, ""3"": 193.279, ""5"": 44.364, ""6"": 136.438}"
11.5,AUTO,51.912,94.979,-57.442,-9.615,-9.615,-9.615,92.0,24.0,24.0,0.0,86.0,,,,,,,,,,,,,36.36,43.137,36.36,False,MANEUVERING,MANEUVERING,,,flexible_commitment_kept,5,76.70800000050804,False,0,CLOCKWISE,{},"{""1"": 200.85, ""2"": 159.617, ""3"": 193.341, ""5"": 43.137, ""6"": 135.612}"
11.55,AUTO,52.543,93.958,-58.241,-9.615,-9.615,-9.615,92.0,24.0,24.0,0.0,86.0,,,,,,,,,,,,,36.139,41.924,36.139,False,MANEUVERING,MANEUVERING,,,flexible_commitment_kept,5,76.70800000050804,False,0,CLOCKWISE,{},"{""1"": 200.646, ""2"": 159.982, ""3"": 193.431, ""5"": 41.924, ""6"": 134.808}"
11.6,AUTO,53.161,92.929,-59.041,-9.615,-9.615,-9.615,92.0,24.0,24.0,0.0,86.0,,,,,,,,,,,,,35.985,40.727,35.985,False,MANEUVERING,MANEUVERING,,,flexible_commitment_kept,5,76.70800000050804,False,0,CLOCKWISE,{},"{""1"": 200.47, ""2"": 160.375, ""3"": 193.547, ""5"": 40.727, ""6"": 134.028}"
11.65,AUTO,53.763,91.892,-59.84,-9.615,-9.615,-9.615,92.0,24.0,24.0,0.0,86.0,,,,,,,,,,,,,35.898,39.546,35.898,False,MANEUVERING,MANEUVERING,,,flexible_commitment_kept,5,76.70800000050804,False,0,CLOCKWISE,{},"{""1"": 200.32, ""2"": 160.795, ""3"": 193.692, ""5"": 39.546, ""6"": 133.272}"
11.7,AUTO,54.345,90.842,-61.014,-14.115,-19.231,-19.231,92.0,24.0,24.0,0.0,43.0,,,,,,,,,,,,,35.949,38.363,35.949,False,MANEUVERING,MANEUVERING,,,flexible_commitment_switched,5,61.65762500313576,False,0,CLOCKWISE,{},"{""1"": 200.263, ""2"": 161.213, ""3"": 193.818, ""5"": 38.363, ""6"": 132.564}"
11.75,AUTO,54.898,89.777,-62.562,-18.615,-19.231,-19.231,92.0,24.0,24.0,0.0,43.0,,,,,,,,,,,,,36.157,37.194,36.157,False,MANEUVERING,MANEUVERING,,,flexible_commitment_switched,5,61.65762500313576,False,0,CLOCKWISE,{},"{""1"": 200.31, ""2"": 161.642, ""3"": 193.939, ""5"": 37.194, ""6"": 131.919}"
11.8,AUTO,55.421,88.697,-64.161,-19.231,-19.231,-19.231,92.0,24.0,24.0,0.0,43.0,,,,,,,,,,,,,36.071,36.071,36.448,False,MANEUVERING,MANEUVERING,,,flexible_commitment_switched,5,61.65762500313576,False,0,CLOCKWISE,{},"{""1"": 200.417, ""2"": 162.117, ""3"": 194.105, ""5"": 36.071, ""6"": 131.328}"
11.85,AUTO,55.914,87.603,-65.76,-19.231,-19.231,-19.231,92.0,24.0,24.0,0.0,43.0,,,,,,,,,,,,,35.003,35.003,36.689,False,MANEUVERING,MANEUVERING,,,flexible_commitment_switched,5,61.65762500313576,False,0,CLOCKWISE,{},"{""1"": 200.576, ""2"": 162.643, ""3"": 194.323, ""5"": 35.003, ""6"": 130.789}"
11.9,AUTO,56.376,86.495,-67.359,-19.231,-19.231,-19.231,92.0,24.0,24.0,0.0,43.0,,,,,,,,,,,,,33.994,33.994,36.861,False,MANEUVERING,MANEUVERING,,,flexible_commitment_switched,5,61.65762500313576,False,0,CLOCKWISE,{},"{""1"": 200.786, ""2"": 163.217, ""3"": 194.591, ""5"": 33.994, ""6"": 130.303}"
11.95,AUTO,56.806,85.375,-68.958,-19.231,-19.231,-19.231,92.0,24.0,24.0,0.0,43.0,,,,,,,,,,,,,33.053,33.053,36.964,False,MANEUVERING,MANEUVERING,,,flexible_commitment_switched,5,59.92833400523523,False,0,CLOCKWISE,{},"{""1"": 201.047, ""2"": 163.84, ""3"": 194.91, ""5"": 33.053, ""6"": 129.871}"
12.0,AUTO,57.206,84.244,-70.557,-19.231,-19.231,-19.231,92.0,24.0,24.0,0.0,43.0,,,,,,,,,,,,,32.184,32.184,36.998,False,MANEUVERING,MANEUVERING,,,flexible_commitment_switched,5,59.92833400523523,False,0,CLOCKWISE,{},"{""1"": 201.328, ""2"": 164.51, ""3"": 195.279, ""5"": 32.184, ""6"": 129.494}"
12.05,AUTO,57.574,83.101,-72.155,-19.231,-19.231,-19.231,92.0,24.0,24.0,0.0,43.0,,,,,,,,,,,,,31.396,31.396,36.964,False,MANEUVERING,MANEUVERING,,,flexible_commitment_switched,5,59.92833400523523,False,0,CLOCKWISE,{},"{""1"": 201.442, ""2"": 165.226, ""3"": 195.698, ""5"": 31.396, ""6"": 129.173}"
12.1,AUTO,57.909,81.949,-73.754,-19.231,-19.231,-19.231,92.0,24.0,24.0,0.0,43.0,,,,,,,,,,,,,30.694,30.694,36.86,False,MANEUVERING,MANEUVERING,,,flexible_commitment_switched,5,59.92833400523523,False,0,CLOCKWISE,{},"{""1"": 201.359, ""2"": 165.988, ""3"": 196.166, ""5"": 30.694, ""6"": 128.908}"
12.15,AUTO,58.213,80.788,-75.353,-19.231,-19.231,-19.231,92.0,24.0,24.0,0.0,43.0,,,,,,,,,,,,,30.086,30.086,36.687,False,MANEUVERING,MANEUVERING,,,flexible_commitment_switched,5,59.92833400523523,False,0,CLOCKWISE,{},"{""1"": 201.111, ""2"": 166.793, ""3"": 196.682, ""5"": 30.086, ""6"": 128.7}"
12.2,AUTO,58.491,79.621,-76.578,-14.731,-9.615,-9.615,92.0,24.0,24.0,0.0,86.0,,,,,,,,,,,,,29.54,29.54,36.505,False,MANEUVERING,MANEUVERING,,,flexible_commitment_switched,5,59.09462500130758,False,0,CLOCKWISE,{},"{""1"": 200.943, ""2"": 167.641, ""3"": 197.265, ""5"": 29.54, ""6"": 128.493}"
12.25,AUTO,58.752,78.45,-77.429,-10.231,-9.615,-9.615,92.0,24.0,24.0,0.0,86.0,,,,,,,,,,,,,29.037,29.037,36.379,False,MANEUVERING,MANEUVERING,,,flexible_commitment_switched,5,59.09462500130758,False,0,CLOCKWISE,{},"{""1"": 200.87, ""2"": 168.52, ""3"": 197.9, ""5"": 29.037, ""6"": 128.272}"
12.3,AUTO,58.997,77.275,-78.228,-9.615,-9.615,-9.615,92.0,24.0,24.0,0.0,86.0,,,,,,,,,,,,,28.601,28.601,36.327,False,MANEUVERING,MANEUVERING,,,flexible_commitment_switched,5,59.09462500130758,False,0,CLOCKWISE,{},"{""1"": 200.834, ""2"": 169.418, ""3"": 198.561, ""5"": 28.601, ""6"": 128.075}"
12.35,AUTO,59.226,76.097,-79.028,-9.615,-9.615,-9.615,92.0,24.0,24.0,0.0,86.0,,,,,,,,,,,,,28.239,28.239,36.342,False,MANEUVERING,MANEUVERING,,,flexible_commitment_switched,5,59.09462500130758,False,0,CLOCKWISE,{},"{""1"": 200.825, ""2"": 170.336, ""3"": 199.245, ""5"": 28.239, ""6"": 127.911}"
12.4,AUTO,59.438,74.916,-79.827,-9.615,-9.615,-9.615,92.0,24.0,24.0,0.0,86.0,,,,,,,,,,,,,27.953,27.953,36.424,False,MANEUVERING,MANEUVERING,,,flexible_commitment_switched,5,59.09462500130758,False,0,CLOCKWISE,{},"{""1"": 200.844, ""2"": 171.272, ""3"": 199.951, ""5"": 27.953, ""6"": 127.779}"
12.45,AUTO,59.633,73.732,-80.627,-9.615,-9.615,-9.615,92.0,24.0,24.0,0.0,86.0,,,,,,,,,,,,,27.747,27.747,36.573,False,MANEUVERING,MANEUVERING,,,flexible_commitment_switched,5,59.90616700000828,False,0,CLOCKWISE,{},"{""1"": 200.889, ""2"": 172.226, ""3"": 200.679, ""5"": 27.747, ""6"": 127.678}"
12.5,AUTO,59.812,72.545,-81.426,-9.615,-9.615,-9.615,92.0,24.0,24.0,0.0,86.0,,,,,,,,,,,,,27.621,27.621,36.787,False,MANEUVERING,MANEUVERING,,,flexible_commitment_switched,5,59.90616700000828,False,0,CLOCKWISE,{},"{""1"": 200.962, ""2"": 173.197, ""3"": 201.428, ""5"": 27.621, ""6"": 127.611}"
12.55,AUTO,59.974,71.356,-82.226,-9.615,-9.615,-9.615,92.0,24.0,24.0,0.0,86.0,,,,,,,,,,,,,27.574,27.574,37.065,False,MANEUVERING,MANEUVERING,,,flexible_commitment_switched,5,59.90616700000828,False,0,CLOCKWISE,{},"{""1"": 201.063, ""2"": 174.186, ""3"": 202.199, ""5"": 27.574, ""6"": 127.574}"
12.6,AUTO,60.12,70.165,-83.025,-9.615,-9.615,-9.615,92.0,24.0,24.0,0.0,86.0,,,,,,,,,,,,,27.559,27.559,37.406,False,MANEUVERING,MANEUVERING,,,flexible_commitment_switched,5,59.90616700000828,False,0,CLOCKWISE,{},"{""1"": 201.19, ""2"": 175.192, ""3"": 202.99, ""5"": 27.559, ""6"": 127.559}"
12.65,AUTO,60.249,68.972,-83.825,-9.615,-9.615,-9.615,92.0,24.0,24.0,0.0,86.0,,,,,,,,,,,,,27.563,27.563,37.809,False,MANEUVERING,MANEUVERING,,,flexible_commitment_switched,5,59.90616700000828,False,0,CLOCKWISE,{},"{""1"": 201.344, ""2"": 176.213, ""3"": 203.801, ""5"": 27.563, ""6"": 127.563}"
12.7,AUTO,60.369,67.778,-84.25,-5.115,12.489,12.489,92.0,24.0,24.0,0.0,64.4,,,,,,,,,,,,,27.514,27.514,38.299,False,MANEUVERING,MANEUVERING,,,flexible_commitment_switched,5,59.00820800161455,False,0,CLOCKWISE,{},"{""1"": 201.571, ""2"": 177.236, ""3"": 204.636, ""5"": 27.514, ""6"": 127.514}"
12.75,AUTO,60.488,66.584,-84.301,-0.615,12.489,12.489,92.0,24.0,24.0,0.0,64.4,,,,,,,,,,,,,27.41,27.41,38.859,False,MANEUVERING,MANEUVERING,,,flexible_commitment_switched,5,59.00820800161455,False,0,CLOCKWISE,{},"{""1"": 201.86, ""2"": 178.252, ""3"": 205.485, ""5"": 27.41, ""6"": 127.405}"
12.8,AUTO,60.615,65.391,-83.969,3.885,12.489,12.489,92.0,24.0,24.0,0.0,64.4,,,,,,,,,,,,,27.276,27.276,39.474,False,MANEUVERING,MANEUVERING,,,flexible_commitment_switched,5,59.00820800161455,False,0,CLOCKWISE,{},"{""1"": 202.203, ""2"": 179.255, ""3"": 206.341, ""5"": 27.276, ""6"": 127.234}"
12.85,AUTO,60.756,64.199,-83.252,8.385,12.489,12.489,92.0,24.0,24.0,0.0,64.4,,,,,,,,,,,,,27.106,27.106,40.131,False,MANEUVERING,MANEUVERING,,,flexible_commitment_switched,5,59.00820800161455,False,0,CLOCKWISE,{},"{""1"": 202.592, ""2"": 180.242, ""3"": 207.2, ""5"": 27.106, ""6"": 126.992}"
12.9,AUTO,60.919,63.01,-82.185,12.489,12.489,12.489,92.0,24.0,24.0,0.0,64.4,,,,,,,,,,,,,26.892,26.892,40.82,False,MANEUVERING,MANEUVERING,,,flexible_commitment_switched,5,59.00820800161455,False,0,CLOCKWISE,{},"{""1"": 203.017, ""2"": 181.213, ""3"": 208.058, ""5"": 26.892, ""6"": 126.68}"
12.95,AUTO,61.104,61.825,-81.117,12.489,12.489,12.489,92.0,24.0,24.0,0.0,64.4,,,,,,,,,,,,,26.692,26.692,41.509,False,MANEUVERING,MANEUVERING,,,flexible_commitment_switched,5,58.681624999735504,False,0,CLOCKWISE,{},"{""1"": 203.429, ""2"": 182.177, ""3"": 208.905, ""5"": 26.692, ""6"": 126.357}"
13.0,AUTO,61.311,60.643,-80.049,12.489,12.489,12.489,92.0,24.0,24.0,0.0,64.4,,,,,,,,,,,,,26.501,26.501,42.198,False,MANEUVERING,MANEUVERING,,,flexible_commitment_switched,5,58.681624999735504,False,0,CLOCKWISE,{},"{""1"": 203.828, ""2"": 183.133, ""3"": 209.743, ""5"": 26.501, ""6"": 126.024}"
13.05,AUTO,61.541,59.465,-78.982,12.489,12.489,12.489,92.0,24.0,24.0,0.0,64.4,,,,,,,,,,,,,26.321,26.321,42.888,False,MANEUVERING,MANEUVERING,,,flexible_commitment_switched,5,58.681624999735504,False,0,CLOCKWISE,{},"{""1"": 204.212, ""2"": 184.082, ""3"": 210.571, ""5"": 26.321, ""6"": 125.679}"
13.1,AUTO,61.792,58.291,-77.914,12.489,12.489,12.489,92.0,24.0,24.0,0.0,64.4,,,,,,,,,,,,,26.151,26.151,43.578,False,MANEUVERING,MANEUVERING,,,flexible_commitment_switched,5,58.681624999735504,False,0,CLOCKWISE,{},"{""1"": 204.584, ""2"": 185.024, ""3"": 211.388, ""5"": 26.151, ""6"": 125.324}"
13.15,AUTO,62.065,57.123,-76.847,12.489,12.489,12.489,92.0,24.0,24.0,0.0,64.4,,,,,,,,,,,,,25.991,25.991,44.268,False,MANEUVERING,MANEUVERING,,,flexible_commitment_switched,5,58.681624999735504,False,0,CLOCKWISE,{},"{""1"": 204.941, ""2"": 185.957, ""3"": 212.195, ""5"": 25.991, ""6"": 124.959}"
13.2,AUTO,62.36,55.96,-75.779,12.489,12.489,12.489,92.0,24.0,24.0,0.0,64.4,,,,,,,,,,,,,25.842,25.842,43.596,False,MANEUVERING,MANEUVERING,,,flexible_commitment_switched,5,58.08141700254055,False,0,CLOCKWISE,{},"{""1"": 205.285, ""2"": 186.883, ""3"": 212.992, ""5"": 25.842, ""6"": 124.582}"
13.25,AUTO,62.676,54.802,-74.711,12.489,12.489,12.489,92.0,24.0,24.0,0.0,64.4,,,,,,,,,,,,,25.703,25.703,42.334,False,MANEUVERING,MANEUVERING,,,flexible_commitment_switched,5,58.08141700254055,False,0,CLOCKWISE,{},"{""1"": 205.615, ""2"": 187.801, ""3"": 213.777, ""5"": 25.703, ""6"": 124.195}"
13.3,AUTO,63.014,53.651,-73.644,12.489,12.489,12.489,92.0,24.0,24.0,0.0,64.4,,,,,,,,,,,,,25.574,25.574,41.082,False,MANEUVERING,MANEUVERING,,,flexible_commitment_switched,5,58.08141700254055,False,0,CLOCKWISE,{},"{""1"": 205.931, ""2"": 188.71, ""3"": 214.552, ""5"": 25.574, ""6"": 123.798}"
13.35,AUTO,63.374,52.506,-72.576,12.489,12.489,12.489,92.0,24.0,24.0,0.0,64.4,,,,,,,,,,,,,25.456,25.456,39.841,False,MANEUVERING,MANEUVERING,,,flexible_commitment_switched,5,58.08141700254055,False,0,CLOCKWISE,{},"{""1"": 206.233, ""2"": 189.611, ""3"": 215.316, ""5"": 25.456, ""6"": 123.39}"
13.4,AUTO,63.754,51.368,-71.508,12.489,12.489,12.489,92.0,24.0,24.0,0.0,64.4,,,,,,,,,,,,,25.348,25.348,38.611,False,MANEUVERING,MANEUVERING,,,flexible_commitment_switched,5,58.08141700254055,False,0,CLOCKWISE,{},"{""1"": 206.522, ""2"": 190.503, ""3"": 216.069, ""5"": 25.348, ""6"": 122.972}"
13.45,AUTO,64.163,50.24,-70.056,16.989,24.978,24.978,92.0,24.0,24.0,0.0,32.2,,,,,,,,,,,,,25.214,25.214,37.365,False,MANEUVERING,MANEUVERING,,,flexible_commitment_switched,5,58.331874999566935,False,0,CLOCKWISE,{},"{""1"": 206.855, ""2"": 191.388, ""3"": 216.83, ""5"": 25.214, ""6"": 122.479}"
13.5,AUTO,64.609,49.125,-68.219,21.489,24.978,24.978,92.0,24.0,24.0,0.0,32.2,,,,,,,,,,,,,25.051,25.051,36.114,False,MANEUVERING,MANEUVERING,,,flexible_commitment_switched,5,58.331874999566935,False,0,CLOCKWISE,{},"{""1"": 207.228, ""2"": 192.266, ""3"": 217.599, ""5"": 25.051, ""6"": 121.908}"
13.55,AUTO,65.095,48.028,-66.084,24.978,24.978,24.978,92.0,24.0,24.0,0.0,32.2,,,,,,,,,,,,,24.862,24.862,34.875,False,MANEUVERING,MANEUVERING,,,flexible_commitment_switched,5,58.331874999566935,False,0,CLOCKWISE,{},"{""1"": 207.624, ""2"": 193.138, ""3"": 218.37, ""5"": 24.862, ""6"": 121.27}"
13.6,AUTO,65.622,46.95,-63.949,24.978,24.978,24.978,92.0,24.0,24.0,0.0,32.2,,,,,,,,,,,,,24.672,24.672,33.673,False,MANEUVERING,MANEUVERING,,,flexible_commitment_switched,5,58.331874999566935,False,0,CLOCKWISE,{},"{""1"": 207.942, ""2"": 193.995, ""3"": 219.12, ""5"": 24.672, ""6"": 120.61}"
13.65,AUTO,66.189,45.893,-61.813,24.978,24.978,24.978,92.0,24.0,24.0,0.0,32.2,,,,,,,,,,,,,24.481,24.481,32.51,False,MANEUVERING,MANEUVERING,,,flexible_commitment_switched,5,58.331874999566935,False,0,CLOCKWISE,{},"{""1"": 208.018, ""2"": 194.837, ""3"": 219.85, ""5"": 24.481, ""6"": 119.928}"
13.7,AUTO,66.795,44.857,-59.678,24.978,24.978,24.978,92.0,24.0,24.0,0.0,32.2,,,,,,,,,,,,,24.288,24.288,31.387,False,MANEUVERING,MANEUVERING,,,flexible_commitment_kept,5,70.32754200190539,False,0,CLOCKWISE,{},"{""1"": 207.837, ""2"": 195.663, ""3"": 220.559, ""5"": 24.288, ""6"": 119.224}"
13.75,AUTO,67.439,43.844,-57.543,24.978,24.978,24.978,92.0,24.0,24.0,0.0,32.2,,,,,,,,,,,,,24.094,24.094,30.306,False,MANEUVERING,MANEUVERING,,,flexible_commitment_kept,5,70.32754200190539,False,0,CLOCKWISE,{},"{""1"": 207.439, ""2"": 196.472, ""3"": 221.245, ""5"": 24.094, ""6"": 118.499}"
13.8,AUTO,68.12,42.856,-55.408,24.978,24.978,24.978,92.0,24.0,24.0,0.0,32.2,,,,,,,,,,,,,23.9,23.9,29.268,False,MANEUVERING,MANEUVERING,,,flexible_commitment_kept,5,70.32754200190539,False,0,CLOCKWISE,{},"{""1"": 206.991, ""2"": 197.263, ""3"": 221.908, ""5"": 23.9, ""6"": 117.753}"
13.85,AUTO,68.838,41.895,-53.272,24.978,24.978,24.978,92.0,24.0,24.0,0.0,32.2,,,,,,,,,,,,,23.705,23.705,28.276,False,MANEUVERING,MANEUVERING,,,flexible_commitment_kept,5,70.32754200190539,False,0,CLOCKWISE,{},"{""1"": 206.515, ""2"": 198.035, ""3"": 222.547, ""5"": 23.705, ""6"": 116.989}"
13.9,AUTO,69.591,40.96,-51.137,24.978,24.978,24.978,92.0,24.0,24.0,0.0,32.2,,,,,,,,,,,,,23.51,23.51,27.33,False,MANEUVERING,MANEUVERING,,,flexible_commitment_kept,5,70.32754200190539,False,0,CLOCKWISE,{},"{""1"": 206.012, ""2"": 198.787, ""3"": 223.161, ""5"": 23.51, ""6"": 116.205}"
13.95,AUTO,70.378,40.055,-49.002,24.978,24.978,24.978,92.0,24.0,24.0,0.0,32.2,,,,,,,,,,,,,23.315,23.315,26.431,False,MANEUVERING,MANEUVERING,,,flexible_commitment_switched,5,72.25683300202945,False,0,CLOCKWISE,{},"{""1"": 205.481, ""2"": 199.518, ""3"": 223.751, ""5"": 23.315, ""6"": 115.402}"
14.0,AUTO,71.198,39.179,-46.867,24.978,24.978,24.978,92.0,24.0,24.0,0.0,32.2,,,,,,,,,,,,,23.12,23.12,25.582,False,MANEUVERING,MANEUVERING,,,flexible_commitment_switched,5,72.25683300202945,False,0,CLOCKWISE,{},"{""1"": 204.922, ""2"": 200.228, ""3"": 224.315, ""5"": 23.12, ""6"": 114.583}"
14.05,AUTO,72.051,38.334,-44.731,24.978,24.978,24.978,92.0,24.0,24.0,0.0,32.2,,,,,,,,,,,,,22.926,22.926,24.782,False,MANEUVERING,MANEUVERING,,,flexible_commitment_switched,5,72.25683300202945,False,0,CLOCKWISE,{},"{""1"": 204.338, ""2"": 200.916, ""3"": 224.852, ""5"": 22.926, ""6"": 113.746}"
14.1,AUTO,72.934,37.522,-42.596,24.978,24.978,24.978,92.0,24.0,24.0,0.0,32.2,,,,,,,,,,,,,22.733,22.733,24.034,False,MANEUVERING,MANEUVERING,,,flexible_commitment_switched,5,72.25683300202945,False,0,CLOCKWISE,{},"{""1"": 203.728, ""2"": 201.582, ""3"": 225.362, ""5"": 22.733, ""6"": 112.894}"
14.15,AUTO,73.847,36.743,-40.461,24.978,24.978,24.978,92.0,24.0,24.0,0.0,32.2,,,,,,,,,,,,,22.542,22.542,23.338,False,MANEUVERING,MANEUVERING,,,flexible_commitment_switched,5,72.25683300202945,False,0,CLOCKWISE,{},"{""1"": 203.093, ""2"": 202.223, ""3"": 225.845, ""5"": 22.542, ""6"": 112.026}"
14.2,AUTO,74.789,35.999,-38.326,24.978,24.978,24.978,92.0,24.0,24.0,0.0,32.2,,,,,,,,,,,,,22.351,22.351,22.695,False,MANEUVERING,MANEUVERING,,,flexible_commitment_kept,5,72.9792910060496,False,0,CLOCKWISE,{},"{""1"": 202.433, ""2"": 202.841, ""3"": 226.3, ""5"": 22.351, ""6"": 111.145}"
14.25,AUTO,75.757,35.291,-36.19,24.978,24.978,24.978,92.0,24.0,24.0,0.0,32.2,,,,,,,,,,,,,22.106,22.163,22.106,False,MANEUVERING,MANEUVERING,,,flexible_commitment_kept,5,72.9792910060496,False,0,CLOCKWISE,{},"{""1"": 201.749, ""2"": 203.433, ""3"": 226.727, ""5"": 22.163, ""6"": 110.249}"
14.3,AUTO,76.751,34.619,-34.055,24.978,24.978,24.978,92.0,24.0,24.0,0.0,32.2,,,,,,,,,,,,,21.572,21.976,21.572,False,MANEUVERING,MANEUVERING,,,flexible_commitment_kept,5,72.9792910060496,False,0,CLOCKWISE,{},"{""1"": 201.043, ""2"": 204.001, ""3"": 227.125, ""5"": 21.976, ""6"": 109.342}"
14.35,AUTO,77.77,33.984,-31.92,24.978,24.978,24.978,92.0,24.0,24.0,0.0,32.2,,,,,,,,,,,,,21.093,21.792,21.093,False,MANEUVERING,MANEUVERING,,,flexible_commitment_kept,5,72.9792910060496,False,0,CLOCKWISE,{},"{""1"": 200.314, ""2"": 204.542, ""3"": 227.447, ""5"": 21.792, ""6"": 108.423}"
14.4,AUTO,78.811,33.388,-29.785,24.978,24.978,24.978,92.0,24.0,24.0,0.0,32.2,,,,,,,,,,,,,20.671,21.61,20.671,False,MANEUVERING,MANEUVERING,,,flexible_commitment_kept,5,72.9792910060496,False,0,CLOCKWISE,{},"{""1"": 199.564, ""2"": 205.057, ""3"": 227.506, ""5"": 21.61, ""6"": 107.493}"
14.45,AUTO,79.874,32.831,-27.649,24.978,24.978,24.978,92.0,24.0,24.0,0.0,32.2,,,,,,,,,,,,,20.306,21.431,20.306,False,MANEUVERING,MANEUVERING,,,flexible_commitment_switched,5,72.96066699927906,False,0,CLOCKWISE,{},"{""1"": 198.792, ""2"": 205.544, ""3"": 227.282, ""5"": 21.431, ""6"": 106.554}"
14.5,AUTO,80.957,32.314,-25.514,24.978,24.978,24.978,92.0,24.0,24.0,0.0,32.2,,,,,,,,,,,,,19.998,21.255,19.998,False,MANEUVERING,MANEUVERING,,,flexible_commitment_switched,5,72.96066699927906,False,0,CLOCKWISE,{},"{""1"": 198.001, ""2"": 206.004, ""3"": 226.86, ""5"": 21.255, ""6"": 105.607}"
14.55,AUTO,82.059,31.838,-23.379,24.978,24.978,24.978,92.0,24.0,24.0,0.0,32.2,,,,,,,,,,,,,19.748,21.082,19.748,False,MANEUVERING,MANEUVERING,,,flexible_commitment_switched,5,72.96066699927906,False,0,CLOCKWISE,{},"{""1"": 197.191, ""2"": 206.436, ""3"": 226.405, ""5"": 21.082, ""6"": 104.653}"
14.6,AUTO,83.177,31.403,-21.244,24.978,24.978,24.978,92.0,24.0,24.0,0.0,32.2,,,,,,,,,,,,,19.556,20.913,19.556,False,MANEUVERING,MANEUVERING,,,flexible_commitment_switched,5,72.96066699927906,False,0,CLOCKWISE,{},"{""1"": 196.363, ""2"": 206.84, ""3"": 225.922, ""5"": 20.913, ""6"": 103.692}"
14.65,AUTO,84.311,31.011,-19.108,24.978,24.978,24.978,92.0,24.0,24.0,0.0,32.2,,,,,,,,,,,,,19.423,20.747,19.423,False,MANEUVERING,MANEUVERING,,,flexible_commitment_switched,5,72.96066699927906,False,0,CLOCKWISE,{},"{""1"": 195.517, ""2"": 207.197, ""3"": 225.41, ""5"": 20.747, ""6"": 102.727}"
14.7,AUTO,85.456,30.653,-17.358,20.478,12.489,12.489,92.0,24.0,24.0,0.0,64.4,,,,,,,,,,,,,19.289,20.618,19.289,False,MANEUVERING,MANEUVERING,,,flexible_commitment_switched,5,88.13462500256719,False,0,CLOCKWISE,{},"{""1"": 194.683, ""2"": 207.338, ""3"": 224.94, ""5"": 20.618, ""6"": 101.746}"
14.75,AUTO,86.61,30.322,-15.992,15.978,12.489,12.489,92.0,24.0,24.0,0.0,64.4,,,,,,,,,,,,,19.141,20.526,19.141,False,MANEUVERING,MANEUVERING,,,flexible_commitment_switched,5,88.13462500256719,False,0,CLOCKWISE,{},"{""1"": 193.858, ""2"": 207.336, ""3"": 224.514, ""5"": 20.526, ""6"": 100.747}"
14.8,AUTO,87.77,30.013,-14.924,12.489,12.489,12.489,92.0,24.0,24.0,0.0,64.4,,,,,,,,,,,,,18.979,20.466,18.979,False,MANEUVERING,MANEUVERING,,,flexible_commitment_switched,5,88.13462500256719,False,0,CLOCKWISE,{},"{""1"": 193.039, ""2"": 207.271, ""3"": 224.122, ""5"": 20.466, ""6"": 99.732}"
14.85,AUTO,88.935,29.726,-13.857,12.489,12.489,12.489,92.0,24.0,24.0,0.0,64.4,,,,,,,,,,,,,18.843,20.418,18.843,False,MANEUVERING,MANEUVERING,,,flexible_commitment_switched,5,88.13462500256719,False,0,CLOCKWISE,{},"{""1"": 192.211, ""2"": 207.154, ""3"": 223.716, ""5"": 20.418, ""6"": 98.712}"
14.9,AUTO,90.105,29.46,-12.789,12.489,12.489,12.489,92.0,24.0,24.0,0.0,64.4,,,,,,,,,,,,,18.732,20.381,18.732,False,MANEUVERING,MANEUVERING,,,flexible_commitment_switched,5,88.13462500256719,False,0,CLOCKWISE,{},"{""1"": 191.372, ""2"": 206.984, ""3"": 223.295, ""5"": 20.381, ""6"": 97.687}"
14.95,AUTO,91.28,29.216,-11.721,12.489,12.489,12.489,92.0,24.0,24.0,0.0,64.4,,,,,,,,,,,,,18.647,20.358,18.647,False,MANEUVERING,MANEUVERING,,,flexible_commitment_kept,5,89.17012500023702,False,0,CLOCKWISE,{},"{""1"": 190.523, ""2"": 206.773, ""3"": 222.861, ""5"": 20.358, ""6"": 96.658}"
15.0,AUTO,92.459,28.994,-10.654,12.489,12.489,12.489,92.0,24.0,24.0,0.0,64.4,,,,,,,,,,,,,18.587,20.346,18.587,False,MANEUVERING,MANEUVERING,,,flexible_commitment_kept,5,89.17012500023702,False,0,CLOCKWISE,{},"{""1"": 189.665, ""2"": 206.547, ""3"": 222.413, ""5"": 20.346, ""6"": 95.625}"
15.05,AUTO,93.642,28.794,-9.586,12.489,12.489,12.489,92.0,24.0,24.0,0.0,64.4,,,,,,,,,,,,,18.553,20.347,18.553,False,MANEUVERING,MANEUVERING,,,flexible_commitment_kept,5,89.17012500023702,False,0,CLOCKWISE,{},"{""1"": 188.797, ""2"": 206.307, ""3"": 221.951, ""5"": 20.347, ""6"": 94.589}"
15.1,AUTO,94.829,28.617,-8.519,12.489,12.489,12.489,92.0,24.0,24.0,0.0,64.4,,,,,,,,,,,,,18.545,20.36,18.545,False,MANEUVERING,MANEUVERING,,,flexible_commitment_kept,5,89.17012500023702,False,0,CLOCKWISE,{},"{""1"": 187.92, ""2"": 206.052, ""3"": 221.476, ""5"": 20.36, ""6"": 93.549}"
15.15,AUTO,96.019,28.461,-7.451,12.489,12.489,12.489,92.0,24.0,24.0,0.0,64.4,,,,,,,,,,,,,18.562,20.386,18.562,False,MANEUVERING,MANEUVERING,,,flexible_commitment_kept,5,89.17012500023702,False,0,CLOCKWISE,{},"{""1"": 187.034, ""2"": 205.784, ""3"": 220.987, ""5"": 20.386, ""6"": 92.506}"
15.2,AUTO,97.212,28.336,-5.999,16.989,24.978,24.978,92.0,24.0,24.0,0.0,32.2,,,,,,,,,,,,,18.678,20.435,18.678,False,MANEUVERING,MANEUVERING,,,flexible_commitment_switched,5,88.4064589990885,False,0,CLOCKWISE,{},"{""1"": 186.127, ""2"": 205.428, ""3"": 220.426, ""5"": 20.435, ""6"": 91.487}"
15.25,AUTO,98.409,28.249,-4.162,21.489,24.978,24.978,92.0,24.0,24.0,0.0,32.2,,,,,,,,,,,,,18.904,20.508,18.904,False,MANEUVERING,MANEUVERING,,,flexible_commitment_switched,5,88.4064589990885,False,0,CLOCKWISE,{},"{""1"": 185.201, ""2"": 204.979, ""3"": 219.792, ""5"": 20.508, ""6"": 90.496}"
15.3,AUTO,99.609,28.206,-2.026,24.978,24.978,24.978,92.0,24.0,24.0,0.0,32.2,,,,,,,,,,,,,19.238,20.601,19.238,False,MANEUVERING,MANEUVERING,,,flexible_commitment_switched,5,88.4064589990885,False,0,CLOCKWISE,{},"{""1"": 184.26, ""2"": 204.453, ""3"": 219.095, ""5"": 20.601, ""6"": 89.534}"
15.35,AUTO,100.809,28.208,0.109,24.978,24.978,24.978,92.0,24.0,24.0,0.0,32.2,,,,,,,,,,,,,19.588,20.688,19.588,False,MANEUVERING,MANEUVERING,,,flexible_commitment_switched,5,88.4064589990885,False,0,CLOCKWISE,{},"{""1"": 183.311, ""2"": 203.899, ""3"": 218.376, ""5"": 20.688, ""6"": 88.579}"
15.4,AUTO,102.008,28.255,2.244,24.978,24.978,24.978,92.0,24.0,24.0,0.0,32.2,,,,,,,,,,,,,19.248,20.603,19.248,False,MANEUVERING,MANEUVERING,,,flexible_commitment_switched,5,88.4064589990885,False,0,CLOCKWISE,{},"{""1"": 182.355, ""2"": 203.318, ""3"": 217.634, ""5"": 20.603, ""6"": 87.631}"
15.45,AUTO,103.205,28.339,3.995,20.478,12.489,12.489,92.0,24.0,24.0,0.0,64.4,,,,,,,,,,,,,19.023,20.539,19.023,False,MANEUVERING,MANEUVERING,,,flexible_commitment_switched,5,89.94008300214773,False,0,CLOCKWISE,{},"{""1"": 181.388, ""2"": 202.775, ""3"": 216.915, ""5"": 20.539, ""6"": 86.648}"
15.5,AUTO,104.399,28.451,5.36,15.978,12.489,12.489,92.0,24.0,24.0,0.0,64.4,,,,,,,,,,,,,18.901,20.499,18.901,False,MANEUVERING,MANEUVERING,,,flexible_commitment_switched,5,89.94008300214773,False,0,CLOCKWISE,{},"{""1"": 180.406, ""2"": 202.271, ""3"": 216.22, ""5"": 20.499, ""6"": 85.625}"
15.55,AUTO,105.592,28.585,6.428,12.489,12.489,12.489,92.0,24.0,24.0,0.0,64.4,,,,,,,,,,,,,18.856,20.479,18.856,False,MANEUVERING,MANEUVERING,,,flexible_commitment_switched,5,89.94008300214773,False,0,CLOCKWISE,{},"{""1"": 179.411, ""2"": 201.797, ""3"": 215.541, ""5"": 20.479, ""6"": 84.567}"
15.6,AUTO,106.782,28.742,7.496,12.489,12.489,12.489,92.0,24.0,24.0,0.0,64.4,,,,,,,,,,,,,18.836,20.471,18.836,False,MANEUVERING,MANEUVERING,,,flexible_commitment_switched,5,89.94008300214773,False,0,CLOCKWISE,{},"{""1"": 178.41, ""2"": 201.309, ""3"": 214.851, ""5"": 20.471, ""6"": 83.511}"
15.65,AUTO,107.968,28.921,8.563,12.489,12.489,12.489,92.0,24.0,24.0,0.0,64.4,,,,,,,,,,,,,18.842,20.475,18.842,False,MANEUVERING,MANEUVERING,,,flexible_commitment_switched,5,89.94008300214773,False,0,CLOCKWISE,{},"{""1"": 177.403, ""2"": 200.808, ""3"": 214.148, ""5"": 20.475, ""6"": 82.457}"
15.7,AUTO,109.151,29.121,9.631,12.489,12.489,12.489,92.0,24.0,24.0,0.0,64.4,,,,,,,,,,,,,18.873,20.491,18.873,False,MANEUVERING,MANEUVERING,,,flexible_commitment_switched,5,99.39850000228034,False,0,CLOCKWISE,{},"{""1"": 176.391, ""2"": 200.294, ""3"": 213.434, ""5"": 20.491, ""6"": 81.406}"
15.75,AUTO,110.331,29.344,10.699,12.489,12.489,12.489,92.0,24.0,24.0,0.0,64.4,,,,,,,,,,,,,18.931,20.52,18.931,False,MANEUVERING,MANEUVERING,,,flexible_commitment_switched,5,99.39850000228034,False,0,CLOCKWISE,{},"{""1"": 175.374, ""2"": 199.768, ""3"": 212.708, ""5"": 20.52, ""6"": 80.358}"
15.8,AUTO,111.505,29.589,11.766,12.489,12.489,12.489,92.0,24.0,24.0,0.0,64.4,,,,,,,,,,,,,19.013,20.561,19.013,False,MANEUVERING,MANEUVERING,,,flexible_commitment_switched,5,99.39850000228034,False,0,CLOCKWISE,{},"{""1"": 174.351, ""2"": 199.228, ""3"": 211.97, ""5"": 20.561, ""6"": 79.313}"
15.85,AUTO,112.675,29.855,12.834,12.489,12.489,12.489,92.0,24.0,24.0,0.0,64.4,,,,,,,,,,,,,19.121,20.614,19.121,False,MANEUVERING,MANEUVERING,,,flexible_commitment_switched,5,99.39850000228034,False,0,CLOCKWISE,{},"{""1"": 173.325, ""2"": 198.675, ""3"": 211.221, ""5"": 20.614, ""6"": 78.271}"
15.9,AUTO,113.84,30.144,13.901,12.489,12.489,12.489,92.0,24.0,24.0,0.0,64.4,,,,,,,,,,,,,19.255,20.68,19.255,False,MANEUVERING,MANEUVERING,,,flexible_commitment_switched,5,99.39850000228034,False,0,CLOCKWISE,{},"{""1"": 172.293, ""2"": 198.11, ""3"": 210.461, ""5"": 20.68, ""6"": 77.207}"
15.95,AUTO,114.999,30.454,14.969,12.489,12.489,12.489,92.0,24.0,24.0,0.0,64.4,,,,,,,,,,,,,19.414,76.112,19.414,False,MANEUVERING,MANEUVERING,,,flexible_commitment_kept,5,99.00241700233892,False,0,CLOCKWISE,{},"{""1"": 171.258, ""2"": 197.533, ""3"": 209.69, ""6"": 76.112}"
16.0,AUTO,116.153,30.785,16.037,12.489,12.489,12.489,92.0,24.0,24.0,0.0,64.4,,,,,,,,,,,,,19.598,74.987,19.598,False,MANEUVERING,MANEUVERING,,,flexible_commitment_kept,5,99.00241700233892,False,0,CLOCKWISE,{},"{""1"": 170.218, ""2"": 196.942, ""3"": 208.907, ""6"": 74.987}"
16.05,AUTO,117.3,31.138,17.104,12.489,12.489,12.489,92.0,24.0,24.0,0.0,64.4,,,,,,,,,,,,,19.808,73.831,19.808,False,MANEUVERING,MANEUVERING,,,flexible_commitment_kept,5,99.00241700233892,False,0,CLOCKWISE,{},"{""1"": 169.176, ""2"": 196.34, ""3"": 208.114, ""6"": 73.831}"
16.1,AUTO,118.44,31.512,18.172,12.489,12.489,12.489,92.0,24.0,24.0,0.0,64.4,,,,,,,,,,,,,20.043,72.647,20.043,False,MANEUVERING,MANEUVERING,,,flexible_commitment_kept,5,99.00241700233892,False,0,CLOCKWISE,{},"{""1"": 168.13, ""2"": 195.725, ""3"": 207.31, ""6"": 72.647}"
16.15,AUTO,119.573,31.908,19.24,12.489,12.489,12.489,92.0,24.0,24.0,0.0,64.4,,,,,,,,,,,,,20.303,71.433,20.303,False,MANEUVERING,MANEUVERING,,,flexible_commitment_kept,5,99.00241700233892,False,0,CLOCKWISE,{},"{""1"": 167.081, ""2"": 195.097, ""3"": 206.496, ""6"": 71.433}"
16.2,AUTO,120.701,32.317,19.923,7.989,0.0,0.0,92.0,24.0,24.0,0.0,,,,,,,,,,,,,,20.628,70.209,20.628,False,FOLLOW,FOLLOW,,,flexible_commitment_switched,4,100.22904200013727,False,0,CLOCKWISE,{},"{""1"": 166.0, ""2"": 194.504, ""3"": 205.695, ""6"": 70.209}"
16.25,AUTO,121.827,32.731,20.221,3.489,0.0,0.0,92.0,24.0,24.0,0.0,,,,,,,,,,,,,,21.006,68.995,21.006,False,FOLLOW,FOLLOW,,,flexible_commitment_switched,4,100.22904200013727,False,0,CLOCKWISE,{},"{""1"": 164.886, ""2"": 193.949, ""3"": 204.911, ""6"": 68.995}"
16.3,AUTO,122.953,33.146,20.221,0.0,0.0,0.0,92.0,24.0,24.0,0.0,,,,,,,,,,,,,,21.421,67.795,21.421,False,FOLLOW,FOLLOW,,,flexible_commitment_switched,4,100.22904200013727,False,0,CLOCKWISE,{},"{""1"": 163.748, ""2"": 193.431, ""3"": 204.145, ""6"": 67.795}"
16.35,AUTO,124.079,33.561,20.221,0.0,0.0,0.0,92.0,24.0,24.0,0.0,,,,,,,,,,,,,,21.836,66.595,21.836,False,FOLLOW,FOLLOW,,,flexible_commitment_switched,4,100.22904200013727,False,0,CLOCKWISE,{},"{""1"": 162.611, ""2"": 192.918, ""3"": 203.383, ""6"": 66.595}"
16.4,AUTO,125.205,33.976,20.221,0.0,0.0,0.0,92.0,24.0,24.0,0.0,,,,,,,,,,,,,,22.251,65.395,22.251,False,FOLLOW,FOLLOW,,,flexible_commitment_switched,4,100.22904200013727,False,0,CLOCKWISE,{},"{""1"": 161.475, ""2"": 192.412, ""3"": 202.625, ""6"": 65.395}"
16.45,AUTO,126.331,34.391,20.221,0.0,0.0,0.0,92.0,24.0,24.0,0.0,,,,,,,,,,,,,,22.665,64.195,22.665,False,FOLLOW,FOLLOW,,,flexible_commitment_switched,5,98.05641700222623,False,0,CLOCKWISE,{},"{""1"": 160.34, ""2"": 191.912, ""3"": 201.871, ""6"": 64.195}"
16.5,AUTO,127.457,34.805,20.221,0.0,0.0,0.0,92.0,24.0,24.0,0.0,,,,,,,,,,,,,,23.08,62.995,23.08,False,FOLLOW,FOLLOW,,,flexible_commitment_switched,5,98.05641700222623,False,0,CLOCKWISE,{},"{""1"": 159.206, ""2"": 191.418, ""3"": 201.122, ""6"": 62.995}"
16.55,AUTO,128.583,35.22,20.221,0.0,0.0,0.0,92.0,24.0,24.0,0.0,,,,,,,,,,,,,,23.495,61.795,23.495,False,FOLLOW,FOLLOW,,,flexible_commitment_switched,5,98.05641700222623,False,0,CLOCKWISE,{},"{""1"": 158.073, ""2"": 190.93, ""3"": 200.377, ""6"": 61.795}"
16.6,AUTO,129.709,35.635,20.221,0.0,0.0,0.0,92.0,24.0,24.0,0.0,,,,,,,,,,,,,,23.91,60.595,23.91,False,FOLLOW,FOLLOW,,,flexible_commitment_switched,5,98.05641700222623,False,0,CLOCKWISE,{},"{""1"": 156.941, ""2"": 190.449, ""3"": 199.637, ""6"": 60.595}"
16.65,AUTO,130.835,36.05,20.221,0.0,0.0,0.0,92.0,24.0,24.0,0.0,,,,,,,,,,,,,,24.325,59.395,24.325,False,FOLLOW,FOLLOW,,,flexible_commitment_switched,5,98.05641700222623,False,0,CLOCKWISE,{},"{""1"": 155.809, ""2"": 189.974, ""3"": 198.901, ""6"": 59.395}"
16.7,AUTO,131.961,36.464,20.221,0.0,0.0,0.0,92.0,24.0,24.0,0.0,,,,,,,,,,,,,,24.739,58.195,24.739,False,FOLLOW,FOLLOW,,,flexible_commitment_kept,5,96.59162499883678,False,0,CLOCKWISE,{},"{""1"": 154.679, ""2"": 189.505, ""3"": 198.169, ""6"": 58.195}"
16.75,AUTO,133.087,36.879,20.221,0.0,0.0,0.0,92.0,24.0,24.0,0.0,,,,,,,,,,,,,,25.154,56.995,25.154,False,FOLLOW,FOLLOW,,,flexible_commitment_kept,5,96.59162499883678,False,0,CLOCKWISE,{},"{""1"": 153.55, ""2"": 189.043, ""3"": 197.442, ""6"": 56.995}"
16.8,AUTO,134.213,37.294,20.221,0.0,0.0,0.0,92.0,24.0,24.0,0.0,,,,,,,,,,,,,,25.569,55.795,25.569,False,FOLLOW,FOLLOW,,,flexible_commitment_kept,5,96.59162499883678,False,0,CLOCKWISE,{},"{""1"": 152.422, ""2"": 188.587, ""3"": 196.72, ""6"": 55.795}"
16.85,AUTO,135.34,37.709,20.221,0.0,0.0,0.0,92.0,24.0,24.0,0.0,,,,,,,,,,,,,,25.984,54.595,25.984,False,FOLLOW,FOLLOW,,,flexible_commitment_kept,5,96.59162499883678,False,0,CLOCKWISE,{},"{""1"": 151.295, ""2"": 188.138, ""3"": 196.003, ""6"": 54.595}"
16.9,AUTO,136.466,38.123,20.221,0.0,0.0,0.0,92.0,24.0,24.0,0.0,,,,,,,,,,,,,,26.398,53.395,26.398,False,FOLLOW,FOLLOW,,,flexible_commitment_kept,5,96.59162499883678,False,0,CLOCKWISE,{},"{""1"": 150.17, ""2"": 187.696, ""3"": 195.29, ""6"": 53.395}"
16.95,AUTO,137.592,38.538,20.221,0.0,0.0,0.0,92.0,24.0,24.0,0.0,,,,,,,,,,,,,,26.813,52.195,26.813,False,FOLLOW,FOLLOW,,,flexible_commitment_kept,5,96.55491600278765,False,0,CLOCKWISE,{},"{""1"": 149.045, ""2"": 187.26, ""3"": 194.582, ""6"": 52.195}"
17.0,AUTO,138.718,38.953,20.221,0.0,0.0,0.0,92.0,24.0,24.0,0.0,,,,,,,,,,,,,,27.228,50.995,27.228,False,FOLLOW,FOLLOW,,,flexible_commitment_kept,5,96.55491600278765,False,0,CLOCKWISE,{},"{""1"": 147.922, ""2"": 186.831, ""3"": 193.879, ""6"": 50.995}"
17.05,AUTO,139.844,39.368,20.221,0.0,0.0,0.0,92.0,24.0,24.0,0.0,,,,,,,,,,,,,,27.643,49.795,27.643,False,FOLLOW,FOLLOW,,,flexible_commitment_kept,5,96.55491600278765,False,0,CLOCKWISE,{},"{""1"": 146.799, ""2"": 186.409, ""3"": 193.18, ""6"": 49.795}"
17.1,AUTO,140.97,39.783,20.221,0.0,0.0,0.0,92.0,24.0,24.0,0.0,,,,,,,,,,,,,,28.057,48.595,28.057,False,FOLLOW,FOLLOW,,,flexible_commitment_kept,5,96.55491600278765,False,0,CLOCKWISE,{},"{""1"": 145.678, ""2"": 185.992, ""3"": 192.487, ""6"": 48.595}"
17.15,AUTO,142.096,40.197,20.221,0.0,0.0,0.0,92.0,24.0,24.0,0.0,,,,,,,,,,,,,,28.472,47.395,28.472,False,FOLLOW,FOLLOW,,,flexible_commitment_kept,5,96.55491600278765,False,0,CLOCKWISE,{},"{""1"": 144.559, ""2"": 185.578, ""3"": 191.799, ""6"": 47.395}"
17.2,AUTO,143.222,40.612,20.221,0.0,0.0,0.0,92.0,24.0,24.0,0.0,,,,,,,,,,,,,,28.887,46.195,28.887,False,FOLLOW,FOLLOW,,,flexible_commitment_kept,5,94.99212499940768,False,0,CLOCKWISE,{},"{""1"": 143.44, ""2"": 185.163, ""3"": 191.116, ""6"": 46.195}"
17.25,AUTO,144.348,41.027,20.221,0.0,0.0,0.0,92.0,24.0,24.0,0.0,,,,,,,,,,,,,,29.302,44.995,29.302,False,FOLLOW,FOLLOW,,,flexible_commitment_kept,5,94.99212499940768,False,0,CLOCKWISE,{},"{""1"": 142.323, ""2"": 184.748, ""3"": 190.437, ""6"": 44.995}"
17.3,AUTO,145.474,41.442,20.221,0.0,0.0,0.0,92.0,24.0,24.0,0.0,,,,,,,,,,,,,,29.716,43.795,29.716,False,FOLLOW,FOLLOW,,,flexible_commitment_kept,5,94.99212499940768,False,0,CLOCKWISE,{},"{""1"": 141.208, ""2"": 184.333, ""3"": 189.765, ""6"": 43.795}"
17.35,AUTO,146.6,41.856,20.221,0.0,0.0,0.0,92.0,24.0,24.0,0.0,,,,,,,,,,,,,,30.131,42.595,30.131,False,FOLLOW,FOLLOW,,,flexible_commitment_kept,5,94.99212499940768,False,0,CLOCKWISE,{},"{""1"": 140.093, ""2"": 183.922, ""3"": 189.097, ""6"": 42.595}"
17.4,AUTO,147.726,42.271,20.221,0.0,0.0,0.0,92.0,24.0,24.0,0.0,,,,,,,,,,,,,,30.546,41.395,30.546,False,FOLLOW,FOLLOW,,,flexible_commitment_kept,5,94.99212499940768,False,0,CLOCKWISE,{},"{""1"": 138.981, ""2"": 183.517, ""3"": 188.434, ""6"": 41.395}"
17.45,AUTO,148.852,42.686,20.221,0.0,0.0,0.0,92.0,24.0,24.0,0.0,,,,,,,,,,,,,,30.961,40.195,30.961,False,FOLLOW,FOLLOW,,,flexible_commitment_kept,5,86.09595800226089,False,0,CLOCKWISE,{},"{""1"": 137.869, ""2"": 183.119, ""3"": 187.777, ""6"": 40.195}"
17.5,AUTO,149.978,43.101,20.221,0.0,0.0,0.0,92.0,24.0,24.0,0.0,,,,,,,,,,,,,,31.376,38.995,31.376,False,FOLLOW,FOLLOW,,,flexible_commitment_kept,5,86.09595800226089,False,0,CLOCKWISE,{},"{""1"": 136.759, ""2"": 182.728, ""3"": 187.125, ""6"": 38.995}"
17.55,AUTO,151.104,43.515,20.221,0.0,0.0,0.0,92.0,24.0,24.0,0.0,,,,,,,,,,,,,,31.79,37.795,31.79,False,FOLLOW,FOLLOW,,,flexible_commitment_kept,5,86.09595800226089,False,0,CLOCKWISE,{},"{""1"": 135.651, ""2"": 182.344, ""3"": 186.479, ""6"": 37.795}"
17.6,AUTO,152.23,43.93,20.221,0.0,0.0,0.0,92.0,24.0,24.0,0.0,,,,,,,,,,,,,,32.205,36.595,32.205,False,FOLLOW,FOLLOW,,,flexible_commitment_kept,5,86.09595800226089,False,0,CLOCKWISE,{},"{""1"": 134.544, ""2"": 181.967, ""3"": 185.838, ""6"": 36.595}"
17.65,AUTO,153.356,44.345,20.221,0.0,0.0,0.0,92.0,24.0,24.0,0.0,,,,,,,,,,,,,,32.62,35.395,32.62,False,FOLLOW,FOLLOW,,,flexible_commitment_kept,5,86.09595800226089,False,0,CLOCKWISE,{},"{""1"": 133.439, ""2"": 181.598, ""3"": 185.203, ""6"": 35.395}"
17.7,AUTO,154.482,44.76,20.221,0.0,0.0,0.0,92.0,24.0,24.0,0.0,,,,,,,,,,,,,,33.035,34.195,33.035,False,FOLLOW,FOLLOW,,,flexible_commitment_kept,5,97.81033400213346,False,0,CLOCKWISE,{},"{""1"": 132.335, ""2"": 181.235, ""3"": 184.573, ""6"": 34.195}"
17.75,AUTO,155.608,45.174,20.221,0.0,0.0,0.0,92.0,24.0,24.0,0.0,,,,,,,,,,,,,,32.995,32.995,33.449,False,FOLLOW,FOLLOW,,,flexible_commitment_kept,5,97.81033400213346,False,0,CLOCKWISE,{},"{""1"": 131.233, ""2"": 180.88, ""3"": 183.949, ""6"": 32.995}"
17.8,AUTO,156.734,45.589,20.221,0.0,0.0,0.0,92.0,24.0,24.0,0.0,,,,,,,,,,,,,,31.795,31.795,33.864,False,FOLLOW,FOLLOW,,,flexible_commitment_kept,5,97.81033400213346,False,0,CLOCKWISE,{},"{""1"": 130.133, ""2"": 180.533, ""3"": 183.331, ""6"": 31.795}"
17.85,AUTO,157.86,46.004,20.221,0.0,0.0,0.0,92.0,24.0,24.0,0.0,,,,,,,,,,,,,,30.595,30.595,34.279,False,FOLLOW,FOLLOW,,,flexible_commitment_kept,5,97.81033400213346,False,0,CLOCKWISE,{},"{""1"": 129.035, ""2"": 180.192, ""3"": 182.719, ""6"": 30.595}"
17.9,AUTO,158.986,46.419,20.221,0.0,0.0,0.0,92.0,24.0,24.0,0.0,,,,,,,,,,,,,,29.395,29.395,34.694,False,FOLLOW,FOLLOW,,,flexible_commitment_kept,5,97.81033400213346,False,0,CLOCKWISE,{},"{""1"": 127.939, ""2"": 179.859, ""3"": 182.112, ""6"": 29.395}"
17.95,AUTO,160.112,46.834,20.221,0.0,0.0,0.0,92.0,24.0,24.0,0.0,,,,,,,,,,,,,,28.195,28.195,35.108,False,FOLLOW,FOLLOW,,,flexible_commitment_kept,5,86.38533299381379,False,0,CLOCKWISE,{},"{""1"": 126.844, ""2"": 179.533, ""3"": 181.511, ""6"": 28.195}"
18.0,AUTO,161.238,47.248,20.221,0.0,0.0,0.0,92.0,24.0,24.0,0.0,,,,,,,,,,,,,,26.995,26.995,35.523,False,FOLLOW,FOLLOW,,,flexible_commitment_kept,5,86.38533299381379,False,0,CLOCKWISE,{},"{""1"": 125.751, ""2"": 179.215, ""3"": 180.917, ""6"": 26.995}"
18.05,AUTO,162.365,47.663,20.221,0.0,0.0,0.0,92.0,24.0,24.0,0.0,,,,,,,,,,,,,,25.795,25.795,35.938,False,FOLLOW,FOLLOW,,,flexible_commitment_kept,5,86.38533299381379,False,0,CLOCKWISE,{},"{""1"": 124.661, ""2"": 178.904, ""3"": 180.328, ""6"": 25.795}"
18.1,AUTO,163.491,48.078,20.221,0.0,0.0,0.0,92.0,24.0,24.0,0.0,,,,,,,,,,,,,,24.595,24.595,36.353,False,FOLLOW,FOLLOW,,,flexible_commitment_kept,5,86.38533299381379,False,0,CLOCKWISE,{},"{""1"": 123.572, ""2"": 178.601, ""3"": 179.745, ""6"": 24.595}"
18.15,AUTO,164.617,48.493,20.221,0.0,0.0,0.0,92.0,24.0,24.0,0.0,,,,,,,,,,,,,,23.395,23.395,36.768,False,FOLLOW,FOLLOW,,,flexible_commitment_kept,5,86.38533299381379,False,0,CLOCKWISE,{},"{""1"": 122.485, ""2"": 178.305, ""3"": 179.169, ""6"": 23.395}"
18.2,AUTO,165.743,48.907,20.221,0.0,0.0,0.0,92.0,24.0,24.0,0.0,,,,,,,,,,,,,,22.195,22.195,37.182,False,FOLLOW,FOLLOW,,,flexible_commitment_kept,8,123.84216699865647,False,0,CLOCKWISE,{},"{""1"": 121.401, ""2"": 178.017, ""3"": 178.599, ""6"": 22.195}"
18.25,AUTO,166.869,49.322,20.221,0.0,0.0,0.0,92.0,24.0,24.0,0.0,,,,,,,,,,,,,,20.995,20.995,37.597,False,FOLLOW,FOLLOW,,,flexible_commitment_kept,8,123.84216699865647,False,0,CLOCKWISE,{},"{""1"": 120.318, ""2"": 177.736, ""3"": 178.035, ""6"": 20.995}"
18.3,AUTO,167.995,49.737,20.221,0.0,0.0,0.0,92.0,24.0,24.0,0.0,,,,,,,,,,,,,,19.795,19.795,38.012,False,FOLLOW,FOLLOW,,,flexible_commitment_kept,8,123.84216699865647,False,0,CLOCKWISE,{},"{""1"": 119.238, ""2"": 177.463, ""3"": 177.477, ""6"": 19.795}"
18.35,AUTO,169.121,50.152,20.221,0.0,0.0,0.0,92.0,24.0,24.0,0.0,,,,,,,,,,,,,,18.595,18.595,38.123,False,FOLLOW,FOLLOW,,,flexible_commitment_kept,8,123.84216699865647,False,0,CLOCKWISE,{},"{""1"": 118.161, ""2"": 177.198, ""3"": 176.926, ""6"": 18.595}"
18.4,AUTO,170.247,50.566,20.221,0.0,0.0,0.0,92.0,24.0,24.0,0.0,,,,,,,,,,,,,,17.395,17.395,37.708,False,FOLLOW,FOLLOW,,,flexible_commitment_kept,8,123.84216699865647,False,0,CLOCKWISE,{},"{""1"": 117.085, ""2"": 176.941, ""3"": 176.381, ""6"": 17.395}"
18.45,AUTO,171.373,50.981,20.221,0.0,0.0,0.0,92.0,24.0,24.0,0.0,,,,,,,,,,,,,,16.195,16.195,37.294,False,FOLLOW,FOLLOW,,,flexible_commitment_kept,4,61.91995800327277,False,0,CLOCKWISE,{},"{""1"": 116.012, ""2"": 176.691, ""3"": 175.842, ""6"": 16.195}"
18.5,AUTO,172.499,51.396,20.221,0.0,0.0,0.0,92.0,24.0,24.0,0.0,,,,,,,,,,,,,,14.995,14.995,36.879,False,FOLLOW,FOLLOW,,,flexible_commitment_kept,4,61.91995800327277,False,0,CLOCKWISE,{},"{""1"": 114.942, ""2"": 176.449, ""3"": 175.311, ""6"": 14.995}"
18.55,AUTO,173.625,51.811,20.221,0.0,0.0,0.0,92.0,24.0,24.0,0.0,,,,,,,,,,,,,,13.795,13.795,36.464,False,FOLLOW,FOLLOW,,,flexible_commitment_kept,4,61.91995800327277,False,0,CLOCKWISE,{},"{""1"": 113.874, ""2"": 176.215, ""3"": 174.785, ""6"": 13.795}"
18.6,AUTO,174.751,52.225,20.221,0.0,0.0,0.0,92.0,24.0,24.0,0.0,,,,,,,,,,,,,,12.595,12.595,36.049,False,FOLLOW,FOLLOW,,,flexible_commitment_kept,4,61.91995800327277,False,0,CLOCKWISE,{},"{""1"": 112.809, ""2"": 175.989, ""3"": 174.267, ""6"": 12.595}"
18.65,AUTO,175.877,52.64,20.221,0.0,0.0,0.0,92.0,24.0,24.0,0.0,,,,,,,,,,,,,,11.395,11.395,35.635,False,FOLLOW,FOLLOW,,,flexible_commitment_kept,4,61.91995800327277,False,0,CLOCKWISE,{},"{""1"": 111.747, ""2"": 175.771, ""3"": 173.755, ""6"": 11.395}"
18.7,AUTO,176.839,52.995,20.221,0.0,0.0,0.0,92.0,20.5,0.0,-70.0,,,,,,,,,,,,,,10.37,10.37,35.28,False,NO_SAFE_TRAJECTORY,NO_SAFE_TRAJECTORY,,,NO_SAFE_TRAJECTORY,3,42.87470799317816,False,0,CLOCKWISE,{},"{""1"": 110.841, ""2"": 175.591, ""3"": 173.323, ""6"": 10.37}"
18.75,AUTO,177.636,53.288,20.221,0.0,0.0,0.0,92.0,17.0,0.0,-70.0,,,,,,,,,,,,,,9.52,9.52,34.987,False,NO_SAFE_TRAJECTORY,NO_SAFE_TRAJECTORY,,,NO_SAFE_TRAJECTORY,3,42.87470799317816,False,0,CLOCKWISE,{},"{""1"": 110.092, ""2"": 175.446, ""3"": 172.969, ""6"": 9.52}"
18.8,AUTO,178.27,53.522,20.221,0.0,0.0,0.0,92.0,13.5,0.0,-70.0,,,,,,,,,,,,,,8.845,8.845,34.753,False,NO_SAFE_TRAJECTORY,NO_SAFE_TRAJECTORY,,,NO_SAFE_TRAJECTORY,3,42.87470799317816,False,0,CLOCKWISE,{},"{""1"": 109.498, ""2"": 175.333, ""3"": 172.69, ""6"": 8.845}"
18.85,AUTO,178.739,53.694,20.221,0.0,0.0,0.0,92.0,10.0,0.0,-70.0,,,,,,,,,,,,,,8.345,8.345,34.58,False,NO_SAFE_TRAJECTORY,NO_SAFE_TRAJECTORY,,,NO_SAFE_TRAJECTORY,3,42.87470799317816,False,0,CLOCKWISE,{},"{""1"": 109.059, ""2"": 175.252, ""3"": 172.485, ""6"": 8.345}"
18.9,AUTO,179.044,53.807,20.221,0.0,0.0,0.0,92.0,6.5,0.0,-70.0,,,,,,,,,,,,,,8.02,8.02,34.468,False,NO_SAFE_TRAJECTORY,NO_SAFE_TRAJECTORY,,,NO_SAFE_TRAJECTORY,3,42.87470799317816,False,0,CLOCKWISE,{},"{""1"": 108.774, ""2"": 175.2, ""3"": 172.353, ""6"": 8.02}"
18.95,AUTO,179.185,53.859,20.221,0.0,0.0,0.0,92.0,3.0,0.0,-70.0,,,,,,,,,,,,,,7.87,7.87,34.416,False,NO_SAFE_TRAJECTORY,NO_SAFE_TRAJECTORY,,,NO_SAFE_TRAJECTORY,3,56.988708005519584,False,0,CLOCKWISE,{},"{""1"": 108.642, ""2"": 175.176, ""3"": 172.291, ""6"": 7.87}"
19.0,AUTO,179.185,53.859,20.221,0.0,0.0,0.0,92.0,0.0,0.0,-60.0,,,,,,,,,,,,,,7.87,7.87,34.416,False,NO_SAFE_TRAJECTORY,NO_SAFE_TRAJECTORY,,,NO_SAFE_TRAJECTORY,3,56.988708005519584,False,0,CLOCKWISE,{},"{""1"": 108.642, ""2"": 175.176, ""3"": 172.291, ""6"": 7.87}"
19.05,AUTO,179.185,53.859,20.221,0.0,0.0,0.0,92.0,0.0,0.0,0.0,,,,,,,,,,,,,,7.87,7.87,34.416,False,NO_SAFE_TRAJECTORY,NO_SAFE_TRAJECTORY,,,NO_SAFE_TRAJECTORY,3,56.988708005519584,False,0,CLOCKWISE,{},"{""1"": 108.642, ""2"": 175.176, ""3"": 172.291, ""6"": 7.87}"
19.1,AUTO,179.185,53.859,20.221,0.0,0.0,0.0,92.0,0.0,0.0,0.0,,,,,,,,,,,,,,7.87,7.87,34.416,False,NO_SAFE_TRAJECTORY,NO_SAFE_TRAJECTORY,,,NO_SAFE_TRAJECTORY,3,56.988708005519584,False,0,CLOCKWISE,{},"{""1"": 108.642, ""2"": 175.176, ""3"": 172.291, ""6"": 7.87}"
19.15,AUTO,179.185,53.859,20.221,0.0,0.0,0.0,92.0,0.0,0.0,0.0,,,,,,,,,,,,,,7.87,7.87,34.416,False,NO_SAFE_TRAJECTORY,NO_SAFE_TRAJECTORY,,,NO_SAFE_TRAJECTORY,3,56.988708005519584,False,0,CLOCKWISE,{},"{""1"": 108.642, ""2"": 175.176, ""3"": 172.291, ""6"": 7.87}"
19.2,AUTO,179.185,53.859,20.221,0.0,0.0,0.0,92.0,0.0,0.0,0.0,,,,,,,,,,,,,,7.87,7.87,34.416,False,NO_SAFE_TRAJECTORY,NO_SAFE_TRAJECTORY,,,NO_SAFE_TRAJECTORY,3,56.988708005519584,False,0,CLOCKWISE,{},"{""1"": 108.642, ""2"": 175.176, ""3"": 172.291, ""6"": 7.87}"
19.25,AUTO,179.185,53.859,20.221,0.0,0.0,0.0,92.0,0.0,0.0,0.0,,,,,,,,,,,,,,7.87,7.87,34.416,False,NO_SAFE_TRAJECTORY,NO_SAFE_TRAJECTORY,,,NO_SAFE_TRAJECTORY,3,56.988708005519584,False,0,CLOCKWISE,{},"{""1"": 108.642, ""2"": 175.176, ""3"": 172.291, ""6"": 7.87}"
19.3,AUTO,179.185,53.859,20.221,0.0,0.0,0.0,92.0,0.0,0.0,0.0,,,,,,,,,,,,,,7.87,7.87,34.416,False,NO_SAFE_TRAJECTORY,NO_SAFE_TRAJECTORY,,,NO_SAFE_TRAJECTORY,3,56.988708005519584,False,0,CLOCKWISE,{},"{""1"": 108.642, ""2"": 175.176, ""3"": 172.291, ""6"": 7.87}"
19.35,AUTO,179.185,53.859,20.221,0.0,0.0,0.0,92.0,0.0,0.0,0.0,,,,,,,,,,,,,,7.87,7.87,34.416,False,NO_SAFE_TRAJECTORY,NO_SAFE_TRAJECTORY,,,NO_SAFE_TRAJECTORY,3,56.988708005519584,False,0,CLOCKWISE,{},"{""1"": 108.642, ""2"": 175.176, ""3"": 172.291, ""6"": 7.87}"
19.4,AUTO,179.185,53.859,20.221,0.0,0.0,0.0,92.0,0.0,0.0,0.0,,,,,,,,,,,,,,7.87,7.87,34.416,False,NO_SAFE_TRAJECTORY,NO_SAFE_TRAJECTORY,,,NO_SAFE_TRAJECTORY,3,56.988708005519584,False,0,CLOCKWISE,{},"{""1"": 108.642, ""2"": 175.176, ""3"": 172.291, ""6"": 7.87}"
19.45,AUTO,179.185,53.859,20.221,0.0,0.0,0.0,92.0,0.0,0.0,0.0,,,,,,,,,,,,,,7.87,7.87,34.416,False,NO_SAFE_TRAJECTORY,NO_SAFE_TRAJECTORY,,,NO_SAFE_TRAJECTORY,3,56.988708005519584,False,0,CLOCKWISE,{},"{""1"": 108.642, ""2"": 175.176, ""3"": 172.291, ""6"": 7.87}"
19.5,AUTO,179.185,53.859,20.221,0.0,0.0,0.0,92.0,0.0,0.0,0.0,,,,,,,,,,,,,,7.87,7.87,34.416,False,NO_SAFE_TRAJECTORY,NO_SAFE_TRAJECTORY,,,NO_SAFE_TRAJECTORY,3,56.988708005519584,False,0,CLOCKWISE,{},"{""1"": 108.642, ""2"": 175.176, ""3"": 172.291, ""6"": 7.87}"
19.55,AUTO,179.185,53.859,20.221,0.0,0.0,0.0,92.0,0.0,0.0,0.0,,,,,,,,,,,,,,7.87,7.87,34.416,False,NO_SAFE_TRAJECTORY,NO_SAFE_TRAJECTORY,,,NO_SAFE_TRAJECTORY,3,56.988708005519584,False,0,CLOCKWISE,{},"{""1"": 108.642, ""2"": 175.176, ""3"": 172.291, ""6"": 7.87}"
19.6,AUTO,179.185,53.859,20.221,0.0,0.0,0.0,92.0,0.0,0.0,0.0,,,,,,,,,,,,,,7.87,7.87,34.416,False,NO_SAFE_TRAJECTORY,NO_SAFE_TRAJECTORY,,,NO_SAFE_TRAJECTORY,3,56.988708005519584,False,0,CLOCKWISE,{},"{""1"": 108.642, ""2"": 175.176, ""3"": 172.291, ""6"": 7.87}"
19.65,AUTO,179.185,53.859,20.221,0.0,0.0,0.0,92.0,0.0,0.0,0.0,,,,,,,,,,,,,,7.87,7.87,34.416,False,NO_SAFE_TRAJECTORY,NO_SAFE_TRAJECTORY,,,NO_SAFE_TRAJECTORY,3,56.988708005519584,False,0,CLOCKWISE,{},"{""1"": 108.642, ""2"": 175.176, ""3"": 172.291, ""6"": 7.87}"
19.7,AUTO,179.185,53.859,20.221,0.0,0.0,0.0,92.0,0.0,0.0,0.0,,,,,,,,,,,,,,7.87,7.87,34.416,False,NO_SAFE_TRAJECTORY,NO_SAFE_TRAJECTORY,,,NO_SAFE_TRAJECTORY,3,56.988708005519584,False,0,CLOCKWISE,{},"{""1"": 108.642, ""2"": 175.176, ""3"": 172.291, ""6"": 7.87}"
19.75,AUTO,179.185,53.859,20.221,0.0,0.0,0.0,92.0,0.0,0.0,0.0,,,,,,,,,,,,,,7.87,7.87,34.416,False,NO_SAFE_TRAJECTORY,NO_SAFE_TRAJECTORY,,,NO_SAFE_TRAJECTORY,3,56.988708005519584,False,0,CLOCKWISE,{},"{""1"": 108.642, ""2"": 175.176, ""3"": 172.291, ""6"": 7.87}"
19.8,AUTO,179.185,53.859,20.221,0.0,0.0,0.0,92.0,0.0,0.0,0.0,,,,,,,,,,,,,,7.87,7.87,34.416,False,NO_SAFE_TRAJECTORY,NO_SAFE_TRAJECTORY,,,NO_SAFE_TRAJECTORY,3,56.988708005519584,False,0,CLOCKWISE,{},"{""1"": 108.642, ""2"": 175.176, ""3"": 172.291, ""6"": 7.87}"
19.85,AUTO,179.185,53.859,20.221,0.0,0.0,0.0,92.0,0.0,0.0,0.0,,,,,,,,,,,,,,7.87,7.87,34.416,False,NO_SAFE_TRAJECTORY,NO_SAFE_TRAJECTORY,,,NO_SAFE_TRAJECTORY,3,56.988708005519584,False,0,CLOCKWISE,{},"{""1"": 108.642, ""2"": 175.176, ""3"": 172.291, ""6"": 7.87}"
19.9,AUTO,179.185,53.859,20.221,0.0,0.0,0.0,92.0,0.0,0.0,0.0,,,,,,,,,,,,,,7.87,7.87,34.416,False,NO_SAFE_TRAJECTORY,NO_SAFE_TRAJECTORY,,,NO_SAFE_TRAJECTORY,3,61.19308299821569,False,0,CLOCKWISE,{},"{""1"": 108.642, ""2"": 175.176, ""3"": 172.291, ""6"": 7.87}"
19.95,AUTO,179.185,53.859,20.221,0.0,0.0,0.0,92.0,0.0,0.0,0.0,,,,,,,,,,,,,,7.87,7.87,34.416,False,NO_SAFE_TRAJECTORY,NO_SAFE_TRAJECTORY,,,NO_SAFE_TRAJECTORY,3,61.19308299821569,False,0,CLOCKWISE,{},"{""1"": 108.642, ""2"": 175.176, ""3"": 172.291, ""6"": 7.87}"
20.0,AUTO,179.185,53.859,20.221,0.0,0.0,0.0,92.0,0.0,0.0,0.0,,,,,,,,,,,,,,7.87,7.87,34.416,False,NO_SAFE_TRAJECTORY,NO_SAFE_TRAJECTORY,,,NO_SAFE_TRAJECTORY,3,61.19308299821569,False,0,CLOCKWISE,{},"{""1"": 108.642, ""2"": 175.176, ""3"": 172.291, ""6"": 7.87}"
20.05,AUTO,179.185,53.859,20.221,0.0,0.0,0.0,92.0,0.0,0.0,0.0,,,,,,,,,,,,,,7.87,7.87,34.416,False,NO_SAFE_TRAJECTORY,NO_SAFE_TRAJECTORY,,,NO_SAFE_TRAJECTORY,3,61.19308299821569,False,0,CLOCKWISE,{},"{""1"": 108.642, ""2"": 175.176, ""3"": 172.291, ""6"": 7.87}"
20.1,AUTO,179.185,53.859,20.221,0.0,0.0,0.0,92.0,0.0,0.0,0.0,,,,,,,,,,,,,,7.87,7.87,34.416,False,NO_SAFE_TRAJECTORY,NO_SAFE_TRAJECTORY,,,NO_SAFE_TRAJECTORY,3,61.19308299821569,False,0,CLOCKWISE,{},"{""1"": 108.642, ""2"": 175.176, ""3"": 172.291, ""6"": 7.87}"
20.15,AUTO,179.185,53.859,20.221,0.0,0.0,0.0,92.0,0.0,0.0,0.0,,,,,,,,,,,,,,7.87,7.87,34.416,False,NO_SAFE_TRAJECTORY,NO_SAFE_TRAJECTORY,,,NO_SAFE_TRAJECTORY,3,61.19308299821569,False,0,CLOCKWISE,{},"{""1"": 108.642, ""2"": 175.176, ""3"": 172.291, ""6"": 7.87}"
20.2,AUTO,179.185,53.859,20.221,0.0,0.0,0.0,92.0,0.0,0.0,0.0,,,,,,,,,,,,,,7.87,7.87,34.416,False,NO_SAFE_TRAJECTORY,NO_SAFE_TRAJECTORY,,,NO_SAFE_TRAJECTORY,3,61.19308299821569,False,0,CLOCKWISE,{},"{""1"": 108.642, ""2"": 175.176, ""3"": 172.291, ""6"": 7.87}"
20.25,AUTO,179.185,53.859,20.221,0.0,0.0,0.0,92.0,0.0,0.0,0.0,,,,,,,,,,,,,,7.87,7.87,34.416,False,NO_SAFE_TRAJECTORY,NO_SAFE_TRAJECTORY,,,NO_SAFE_TRAJECTORY,3,61.19308299821569,False,0,CLOCKWISE,{},"{""1"": 108.642, ""2"": 175.176, ""3"": 172.291, ""6"": 7.87}"
20.3,AUTO,179.185,53.859,20.221,0.0,0.0,0.0,92.0,0.0,0.0,0.0,,,,,,,,,,,,,,7.87,7.87,34.416,False,NO_SAFE_TRAJECTORY,NO_SAFE_TRAJECTORY,,,NO_SAFE_TRAJECTORY,3,61.19308299821569,False,0,CLOCKWISE,{},"{""1"": 108.642, ""2"": 175.176, ""3"": 172.291, ""6"": 7.87}"
20.35,AUTO,179.185,53.859,20.221,0.0,0.0,0.0,92.0,0.0,0.0,0.0,,,,,,,,,,,,,,7.87,7.87,34.416,False,NO_SAFE_TRAJECTORY,NO_SAFE_TRAJECTORY,,,NO_SAFE_TRAJECTORY,3,61.19308299821569,False,0,CLOCKWISE,{},"{""1"": 108.642, ""2"": 175.176, ""3"": 172.291, ""6"": 7.87}"
20.4,AUTO,179.185,53.859,20.221,0.0,0.0,0.0,92.0,0.0,0.0,0.0,,,,,,,,,,,,,,7.87,7.87,34.416,False,NO_SAFE_TRAJECTORY,NO_SAFE_TRAJECTORY,,,NO_SAFE_TRAJECTORY,3,61.19308299821569,False,0,CLOCKWISE,{},"{""1"": 108.642, ""2"": 175.176, ""3"": 172.291, ""6"": 7.87}"
20.45,AUTO,179.185,53.859,20.221,0.0,0.0,0.0,92.0,0.0,0.0,0.0,,,,,,,,,,,,,,7.87,7.87,34.416,False,NO_SAFE_TRAJECTORY,NO_SAFE_TRAJECTORY,,,NO_SAFE_TRAJECTORY,3,61.19308299821569,False,0,CLOCKWISE,{},"{""1"": 108.642, ""2"": 175.176, ""3"": 172.291, ""6"": 7.87}"
20.5,AUTO,179.185,53.859,20.221,0.0,0.0,0.0,92.0,0.0,0.0,0.0,,,,,,,,,,,,,,7.87,7.87,34.416,False,NO_SAFE_TRAJECTORY,NO_SAFE_TRAJECTORY,,,NO_SAFE_TRAJECTORY,3,61.19308299821569,False,0,CLOCKWISE,{},"{""1"": 108.642, ""2"": 175.176, ""3"": 172.291, ""6"": 7.87}"
20.55,AUTO,179.185,53.859,20.221,0.0,0.0,0.0,92.0,0.0,0.0,0.0,,,,,,,,,,,,,,7.87,7.87,34.416,False,NO_SAFE_TRAJECTORY,NO_SAFE_TRAJECTORY,,,NO_SAFE_TRAJECTORY,3,61.19308299821569,False,0,CLOCKWISE,{},"{""1"": 108.642, ""2"": 175.176, ""3"": 172.291, ""6"": 7.87}"
20.6,AUTO,179.185,53.859,20.221,0.0,0.0,0.0,92.0,0.0,0.0,0.0,,,,,,,,,,,,,,7.87,7.87,34.416,False,NO_SAFE_TRAJECTORY,NO_SAFE_TRAJECTORY,,,NO_SAFE_TRAJECTORY,3,61.19308299821569,False,0,CLOCKWISE,{},"{""1"": 108.642, ""2"": 175.176, ""3"": 172.291, ""6"": 7.87}"
20.65,AUTO,179.185,53.859,20.221,0.0,0.0,0.0,92.0,0.0,0.0,0.0,,,,,,,,,,,,,,7.87,7.87,34.416,False,NO_SAFE_TRAJECTORY,NO_SAFE_TRAJECTORY,,,NO_SAFE_TRAJECTORY,3,61.19308299821569,False,0,CLOCKWISE,{},"{""1"": 108.642, ""2"": 175.176, ""3"": 172.291, ""6"": 7.87}"
20.7,AUTO,179.185,53.859,20.221,0.0,0.0,0.0,92.0,0.0,0.0,0.0,,,,,,,,,,,,,,7.87,7.87,34.416,False,NO_SAFE_TRAJECTORY,NO_SAFE_TRAJECTORY,,,NO_SAFE_TRAJECTORY,3,61.19308299821569,False,0,CLOCKWISE,{},"{""1"": 108.642, ""2"": 175.176, ""3"": 172.291, ""6"": 7.87}"
20.75,AUTO,179.185,53.859,20.221,0.0,0.0,0.0,92.0,0.0,0.0,0.0,,,,,,,,,,,,,,7.87,7.87,34.416,False,NO_SAFE_TRAJECTORY,NO_SAFE_TRAJECTORY,,,NO_SAFE_TRAJECTORY,3,61.19308299821569,False,0,CLOCKWISE,{},"{""1"": 108.642, ""2"": 175.176, ""3"": 172.291, ""6"": 7.87}"
20.8,AUTO,179.185,53.859,20.221,0.0,0.0,0.0,92.0,0.0,0.0,0.0,,,,,,,,,,,,,,7.87,7.87,34.416,False,NO_SAFE_TRAJECTORY,NO_SAFE_TRAJECTORY,,,NO_SAFE_TRAJECTORY,3,61.19308299821569,False,0,CLOCKWISE,{},"{""1"": 108.642, ""2"": 175.176, ""3"": 172.291, ""6"": 7.87}"
20.85,AUTO,179.185,53.859,20.221,0.0,0.0,0.0,92.0,0.0,0.0,0.0,,,,,,,,,,,,,,7.87,7.87,34.416,False,NO_SAFE_TRAJECTORY,NO_SAFE_TRAJECTORY,,,NO_SAFE_TRAJECTORY,3,61.19308299821569,False,0,CLOCKWISE,{},"{""1"": 108.642, ""2"": 175.176, ""3"": 172.291, ""6"": 7.87}"
20.9,AUTO,179.185,53.859,20.221,0.0,0.0,0.0,92.0,0.0,0.0,0.0,,,,,,,,,,,,,,7.87,7.87,34.416,False,NO_SAFE_TRAJECTORY,NO_SAFE_TRAJECTORY,,,NO_SAFE_TRAJECTORY,3,61.19308299821569,False,0,CLOCKWISE,{},"{""1"": 108.642, ""2"": 175.176, ""3"": 172.291, ""6"": 7.87}"
20.95,AUTO,179.185,53.859,20.221,0.0,0.0,0.0,92.0,0.0,0.0,0.0,,,,,,,,,,,,,,7.87,7.87,34.416,False,NO_SAFE_TRAJECTORY,NO_SAFE_TRAJECTORY,,,NO_SAFE_TRAJECTORY,3,61.19308299821569,False,0,CLOCKWISE,{},"{""1"": 108.642, ""2"": 175.176, ""3"": 172.291, ""6"": 7.87}"
21.0,AUTO,179.185,53.859,20.221,0.0,0.0,0.0,92.0,0.0,0.0,0.0,,,,,,,,,,,,,,7.87,7.87,34.416,False,NO_SAFE_TRAJECTORY,NO_SAFE_TRAJECTORY,,,NO_SAFE_TRAJECTORY,3,61.19308299821569,False,0,CLOCKWISE,{},"{""1"": 108.642, ""2"": 175.176, ""3"": 172.291, ""6"": 7.87}"
21.05,AUTO,179.185,53.859,20.221,0.0,0.0,0.0,92.0,0.0,0.0,0.0,,,,,,,,,,,,,,7.87,7.87,34.416,False,NO_SAFE_TRAJECTORY,NO_SAFE_TRAJECTORY,,,NO_SAFE_TRAJECTORY,3,61.19308299821569,False,0,CLOCKWISE,{},"{""1"": 108.642, ""2"": 175.176, ""3"": 172.291, ""6"": 7.87}"
21.1,AUTO,179.185,53.859,20.221,0.0,0.0,0.0,92.0,0.0,0.0,0.0,,,,,,,,,,,,,,7.87,7.87,34.416,False,NO_SAFE_TRAJECTORY,NO_SAFE_TRAJECTORY,,,NO_SAFE_TRAJECTORY,3,61.19308299821569,False,0,CLOCKWISE,{},"{""1"": 108.642, ""2"": 175.176, ""3"": 172.291, ""6"": 7.87}"
21.15,AUTO,179.185,53.859,20.221,0.0,0.0,0.0,92.0,0.0,0.0,0.0,,,,,,,,,,,,,,7.87,7.87,34.416,False,NO_SAFE_TRAJECTORY,NO_SAFE_TRAJECTORY,,,NO_SAFE_TRAJECTORY,3,61.19308299821569,False,0,CLOCKWISE,{},"{""1"": 108.642, ""2"": 175.176, ""3"": 172.291, ""6"": 7.87}"
21.2,AUTO,179.185,53.859,20.221,0.0,0.0,0.0,92.0,0.0,0.0,0.0,,,,,,,,,,,,,,7.87,7.87,34.416,False,NO_SAFE_TRAJECTORY,NO_SAFE_TRAJECTORY,,,NO_SAFE_TRAJECTORY,3,61.19308299821569,False,0,CLOCKWISE,{},"{""1"": 108.642, ""2"": 175.176, ""3"": 172.291, ""6"": 7.87}"
21.25,AUTO,179.185,53.859,20.221,0.0,0.0,0.0,92.0,0.0,0.0,0.0,,,,,,,,,,,,,,7.87,7.87,34.416,False,NO_SAFE_TRAJECTORY,NO_SAFE_TRAJECTORY,,,NO_SAFE_TRAJECTORY,3,61.19308299821569,False,0,CLOCKWISE,{},"{""1"": 108.642, ""2"": 175.176, ""3"": 172.291, ""6"": 7.87}"
21.3,AUTO,179.185,53.859,20.221,0.0,0.0,0.0,92.0,0.0,0.0,0.0,,,,,,,,,,,,,,7.87,7.87,34.416,False,NO_SAFE_TRAJECTORY,NO_SAFE_TRAJECTORY,,,NO_SAFE_TRAJECTORY,3,61.19308299821569,False,0,CLOCKWISE,{},"{""1"": 108.642, ""2"": 175.176, ""3"": 172.291, ""6"": 7.87}"
21.35,AUTO,179.185,53.859,20.221,0.0,0.0,0.0,92.0,0.0,0.0,0.0,,,,,,,,,,,,,,7.87,7.87,34.416,False,NO_SAFE_TRAJECTORY,NO_SAFE_TRAJECTORY,,,NO_SAFE_TRAJECTORY,3,61.19308299821569,False,0,CLOCKWISE,{},"{""1"": 108.642, ""2"": 175.176, ""3"": 172.291, ""6"": 7.87}"
21.4,AUTO,179.185,53.859,20.221,0.0,0.0,0.0,92.0,0.0,0.0,0.0,,,,,,,,,,,,,,7.87,7.87,34.416,False,NO_SAFE_TRAJECTORY,NO_SAFE_TRAJECTORY,,,NO_SAFE_TRAJECTORY,3,61.19308299821569,False,0,CLOCKWISE,{},"{""1"": 108.642, ""2"": 175.176, ""3"": 172.291, ""6"": 7.87}"
21.45,AUTO,179.185,53.859,20.221,0.0,0.0,0.0,92.0,0.0,0.0,0.0,,,,,,,,,,,,,,7.87,7.87,34.416,False,NO_SAFE_TRAJECTORY,NO_SAFE_TRAJECTORY,,,NO_SAFE_TRAJECTORY,3,61.19308299821569,False,0,CLOCKWISE,{},"{""1"": 108.642, ""2"": 175.176, ""3"": 172.291, ""6"": 7.87}"
21.5,AUTO,179.185,53.859,20.221,0.0,0.0,0.0,92.0,0.0,0.0,0.0,,,,,,,,,,,,,,7.87,7.87,34.416,False,NO_SAFE_TRAJECTORY,NO_SAFE_TRAJECTORY,,,NO_SAFE_TRAJECTORY,3,61.19308299821569,False,0,CLOCKWISE,{},"{""1"": 108.642, ""2"": 175.176, ""3"": 172.291, ""6"": 7.87}"
21.55,AUTO,179.185,53.859,20.221,0.0,0.0,0.0,92.0,0.0,0.0,0.0,,,,,,,,,,,,,,7.87,7.87,34.416,False,NO_SAFE_TRAJECTORY,NO_SAFE_TRAJECTORY,,,NO_SAFE_TRAJECTORY,3,61.19308299821569,False,0,CLOCKWISE,{},"{""1"": 108.642, ""2"": 175.176, ""3"": 172.291, ""6"": 7.87}"
21.6,AUTO,179.185,53.859,20.221,0.0,0.0,0.0,92.0,0.0,0.0,0.0,,,,,,,,,,,,,,7.87,7.87,34.416,False,NO_SAFE_TRAJECTORY,NO_SAFE_TRAJECTORY,,,NO_SAFE_TRAJECTORY,3,61.19308299821569,False,0,CLOCKWISE,{},"{""1"": 108.642, ""2"": 175.176, ""3"": 172.291, ""6"": 7.87}"
21.65,AUTO,179.185,53.859,20.221,0.0,0.0,0.0,92.0,0.0,0.0,0.0,,,,,,,,,,,,,,7.87,7.87,34.416,False,NO_SAFE_TRAJECTORY,NO_SAFE_TRAJECTORY,,,NO_SAFE_TRAJECTORY,3,61.19308299821569,False,0,CLOCKWISE,{},"{""1"": 108.642, ""2"": 175.176, ""3"": 172.291, ""6"": 7.87}"
21.7,AUTO,179.185,53.859,20.221,0.0,0.0,0.0,92.0,0.0,0.0,0.0,,,,,,,,,,,,,,7.87,7.87,34.416,False,NO_SAFE_TRAJECTORY,NO_SAFE_TRAJECTORY,,,NO_SAFE_TRAJECTORY,3,61.19308299821569,False,0,CLOCKWISE,{},"{""1"": 108.642, ""2"": 175.176, ""3"": 172.291, ""6"": 7.87}"
21.75,AUTO,179.185,53.859,20.221,0.0,0.0,0.0,92.0,0.0,0.0,0.0,,,,,,,,,,,,,,7.87,7.87,34.416,False,NO_SAFE_TRAJECTORY,NO_SAFE_TRAJECTORY,,,NO_SAFE_TRAJECTORY,3,61.19308299821569,False,0,CLOCKWISE,{},"{""1"": 108.642, ""2"": 175.176, ""3"": 172.291, ""6"": 7.87}"
21.8,AUTO,179.185,53.859,20.221,0.0,0.0,0.0,92.0,0.0,0.0,0.0,,,,,,,,,,,,,,7.87,7.87,34.416,False,NO_SAFE_TRAJECTORY,NO_SAFE_TRAJECTORY,,,NO_SAFE_TRAJECTORY,3,61.19308299821569,False,0,CLOCKWISE,{},"{""1"": 108.642, ""2"": 175.176, ""3"": 172.291, ""6"": 7.87}"
21.85,AUTO,179.185,53.859,20.221,0.0,0.0,0.0,92.0,0.0,0.0,0.0,,,,,,,,,,,,,,7.87,7.87,34.416,False,NO_SAFE_TRAJECTORY,NO_SAFE_TRAJECTORY,,,NO_SAFE_TRAJECTORY,3,61.19308299821569,False,0,CLOCKWISE,{},"{""1"": 108.642, ""2"": 175.176, ""3"": 172.291, ""6"": 7.87}"
21.9,AUTO,179.185,53.859,20.221,0.0,0.0,0.0,92.0,0.0,0.0,0.0,,,,,,,,,,,,,,7.87,7.87,34.416,False,NO_SAFE_TRAJECTORY,NO_SAFE_TRAJECTORY,,,NO_SAFE_TRAJECTORY,3,61.19308299821569,False,0,CLOCKWISE,{},"{""1"": 108.642, ""2"": 175.176, ""3"": 172.291, ""6"": 7.87}"
21.95,AUTO,179.185,53.859,20.221,0.0,0.0,0.0,92.0,0.0,0.0,0.0,,,,,,,,,,,,,,7.87,7.87,34.416,False,NO_SAFE_TRAJECTORY,NO_SAFE_TRAJECTORY,,,NO_SAFE_TRAJECTORY,3,61.19308299821569,False,0,CLOCKWISE,{},"{""1"": 108.642, ""2"": 175.176, ""3"": 172.291, ""6"": 7.87}"
22.0,AUTO,179.185,53.859,20.221,0.0,0.0,0.0,92.0,0.0,0.0,0.0,,,,,,,,,,,,,,7.87,7.87,34.416,False,NO_SAFE_TRAJECTORY,NO_SAFE_TRAJECTORY,,,NO_SAFE_TRAJECTORY,3,61.19308299821569,False,0,CLOCKWISE,{},"{""1"": 108.642, ""2"": 175.176, ""3"": 172.291, ""6"": 7.87}"
22.05,AUTO,179.185,53.859,20.221,0.0,0.0,0.0,92.0,0.0,0.0,0.0,,,,,,,,,,,,,,7.87,7.87,34.416,False,NO_SAFE_TRAJECTORY,NO_SAFE_TRAJECTORY,,,NO_SAFE_TRAJECTORY,3,61.19308299821569,False,0,CLOCKWISE,{},"{""1"": 108.642, ""2"": 175.176, ""3"": 172.291, ""6"": 7.87}"
22.1,AUTO,179.185,53.859,20.221,0.0,0.0,0.0,92.0,0.0,0.0,0.0,,,,,,,,,,,,,,7.87,7.87,34.416,False,NO_SAFE_TRAJECTORY,NO_SAFE_TRAJECTORY,,,NO_SAFE_TRAJECTORY,3,61.19308299821569,False,0,CLOCKWISE,{},"{""1"": 108.642, ""2"": 175.176, ""3"": 172.291, ""6"": 7.87}"
22.15,AUTO,179.185,53.859,20.221,0.0,0.0,0.0,92.0,0.0,0.0,0.0,,,,,,,,,,,,,,7.87,7.87,34.416,False,NO_SAFE_TRAJECTORY,NO_SAFE_TRAJECTORY,,,NO_SAFE_TRAJECTORY,3,61.19308299821569,False,0,CLOCKWISE,{},"{""1"": 108.642, ""2"": 175.176, ""3"": 172.291, ""6"": 7.87}"
22.2,AUTO,179.185,53.859,20.221,0.0,0.0,0.0,92.0,0.0,0.0,0.0,,,,,,,,,,,,,,7.87,7.87,34.416,False,NO_SAFE_TRAJECTORY,NO_SAFE_TRAJECTORY,,,NO_SAFE_TRAJECTORY,3,61.19308299821569,False,0,CLOCKWISE,{},"{""1"": 108.642, ""2"": 175.176, ""3"": 172.291, ""6"": 7.87}"
22.25,AUTO,179.185,53.859,20.221,0.0,0.0,0.0,92.0,0.0,0.0,0.0,,,,,,,,,,,,,,7.87,7.87,34.416,False,NO_SAFE_TRAJECTORY,NO_SAFE_TRAJECTORY,,,NO_SAFE_TRAJECTORY,3,61.19308299821569,False,0,CLOCKWISE,{},"{""1"": 108.642, ""2"": 175.176, ""3"": 172.291, ""6"": 7.87}"
22.3,AUTO,179.185,53.859,20.221,0.0,0.0,0.0,92.0,0.0,0.0,0.0,,,,,,,,,,,,,,7.87,7.87,34.416,False,NO_SAFE_TRAJECTORY,NO_SAFE_TRAJECTORY,,,NO_SAFE_TRAJECTORY,3,61.19308299821569,False,0,CLOCKWISE,{},"{""1"": 108.642, ""2"": 175.176, ""3"": 172.291, ""6"": 7.87}"
22.35,AUTO,179.185,53.859,20.221,0.0,0.0,0.0,92.0,0.0,0.0,0.0,,,,,,,,,,,,,,7.87,7.87,34.416,False,NO_SAFE_TRAJECTORY,NO_SAFE_TRAJECTORY,,,NO_SAFE_TRAJECTORY,3,61.19308299821569,False,0,CLOCKWISE,{},"{""1"": 108.642, ""2"": 175.176, ""3"": 172.291, ""6"": 7.87}"
22.4,AUTO,179.185,53.859,20.221,0.0,0.0,0.0,92.0,0.0,0.0,0.0,,,,,,,,,,,,,,7.87,7.87,34.416,False,NO_SAFE_TRAJECTORY,NO_SAFE_TRAJECTORY,,,NO_SAFE_TRAJECTORY,3,61.19308299821569,False,0,CLOCKWISE,{},"{""1"": 108.642, ""2"": 175.176, ""3"": 172.291, ""6"": 7.87}"
22.45,AUTO,179.185,53.859,20.221,0.0,0.0,0.0,92.0,0.0,0.0,0.0,,,,,,,,,,,,,,7.87,7.87,34.416,False,NO_SAFE_TRAJECTORY,NO_SAFE_TRAJECTORY,,,NO_SAFE_TRAJECTORY,3,61.19308299821569,False,0,CLOCKWISE,{},"{""1"": 108.642, ""2"": 175.176, ""3"": 172.291, ""6"": 7.87}"
22.5,AUTO,179.185,53.859,20.221,0.0,0.0,0.0,92.0,0.0,0.0,0.0,,,,,,,,,,,,,,7.87,7.87,34.416,False,NO_SAFE_TRAJECTORY,NO_SAFE_TRAJECTORY,,,NO_SAFE_TRAJECTORY,3,61.19308299821569,False,0,CLOCKWISE,{},"{""1"": 108.642, ""2"": 175.176, ""3"": 172.291, ""6"": 7.87}"
22.55,AUTO,179.185,53.859,20.221,0.0,0.0,0.0,92.0,0.0,0.0,0.0,,,,,,,,,,,,,,7.87,7.87,34.416,False,NO_SAFE_TRAJECTORY,NO_SAFE_TRAJECTORY,,,NO_SAFE_TRAJECTORY,3,61.19308299821569,False,0,CLOCKWISE,{},"{""1"": 108.642, ""2"": 175.176, ""3"": 172.291, ""6"": 7.87}"
