time_s,mode,x_cm,y_cm,heading_deg,wheel_actual_deg,wheel_target_deg,planner_selected_deg,servo_command_deg,speed_cm_s,target_speed_cm_s,acceleration_cm_s2,selected_radius_cm,target_distance_cm,required_lateral_shift_cm,current_wall_clearance_cm,front_clearance_cm,recovery_phase,recovery_side,forward_projection_cm,obstacle_in_forward_projection,recovery_reverse_distance_cm,recovery_advance_distance_cm,recovery_reverse_steering_deg,safety_limit_triggered,minimum_distance_cm,minimum_obstacle_cm,minimum_wall_cm,physical_collision,planner_state,phase,active_target_id,selected_pass_side,decision_reason,candidates_evaluated,calculation_time_ms,lap_completed,straight_progress,track_direction,memory_states_json,obstacle_distances_json
0.0,AUTO,125.0,280.0,180.0,0.0,0.0,0.0,92.0,0.0,0.0,0.0,,,,,,,,,,,,,,11.4,31.264,11.4,False,FOLLOW,FOLLOW,,,keyboard_control,0,0.0,False,0,pending_first_line,{},"{""1"": 170.302, ""2"": 31.264, ""3"": 68.337, ""4"": 129.744, ""5"": 209.24, ""6"": 217.885}"
0.05,AUTO,124.888,280.0,-180.0,0.0,0.0,0.0,92.0,2.25,20.0,45.0,,,,,,,,,,,,,,11.4,31.307,11.4,False,FOLLOW,FOLLOW,,,flexible_commitment_switched,1,2.3707500004093163,False,0,pending_first_line,{},"{""1"": 170.383, ""2"": 31.307, ""3"": 68.439, ""4"": 129.699, ""5"": 209.234, ""6"": 217.917}"
0.1,AUTO,124.663,280.0,-180.0,0.0,0.0,0.0,92.0,4.5,20.0,45.0,,,,,,,,,,,,,,11.4,31.394,11.4,False,FOLLOW,FOLLOW,,,flexible_commitment_switched,1,2.3707500004093163,False,0,pending_first_line,{},"{""1"": 170.544, ""2"": 31.394, ""3"": 68.643, ""4"": 129.609, ""5"": 209.221, ""6"": 217.981}"
0.15,AUTO,124.325,280.0,-180.0,0.0,0.0,0.0,92.0,6.75,20.0,45.0,,,,,,,,,,,,,,11.4,31.527,11.4,False,FOLLOW,FOLLOW,,,flexible_commitment_switched,1,2.3707500004093163,False,0,pending_first_line,{},"{""1"": 170.786, ""2"": 31.527, ""3"": 68.949, ""4"": 129.475, ""5"": 209.203, ""6"": 218.078}"
0.2,AUTO,123.875,280.0,-180.0,0.0,0.0,0.0,92.0,9.0,20.0,45.0,,,,,,,,,,,,,,11.4,31.71,11.4,False,FOLLOW,FOLLOW,,,flexible_commitment_switched,1,2.3707500004093163,False,0,pending_first_line,{},"{""1"": 171.11, ""2"": 31.71, ""3"": 69.358, ""4"": 129.298, ""5"": 209.179, ""6"": 218.207}"
0.25,AUTO,123.312,280.0,-180.0,0.0,0.0,0.0,92.0,11.25,20.0,45.0,,,,,,,,,,,,,,11.4,31.945,11.4,False,FOLLOW,FOLLOW,,,flexible_commitment_switched,1,2.3707500004093163,False,0,pending_first_line,{},"{""1"": 171.515, ""2"": 31.945, ""3"": 69.87, ""4"": 129.078, ""5"": 209.151, ""6"": 218.371}"
0.3,AUTO,122.638,280.0,-180.0,0.0,0.0,0.0,92.0,13.5,20.0,45.0,,,,,,,,,,,,,,11.4,32.239,11.4,False,FOLLOW,FOLLOW,,,flexible_commitment_kept,2,1.9730409985641018,False,0,pending_first_line,{},"{""1"": 172.002, ""2"": 32.239, ""3"": 70.485, ""4"": 128.816, ""5"": 209.119, ""6"": 218.568}"
0.35,AUTO,121.85,280.0,-180.0,0.0,0.0,0.0,92.0,15.75,20.0,45.0,,,,,,,,,,,,,,11.4,32.595,11.4,False,FOLLOW,FOLLOW,,,flexible_commitment_kept,2,1.9730409985641018,False,0,pending_first_line,{},"{""1"": 172.572, ""2"": 32.595, ""3"": 71.204, ""4"": 128.515, ""5"": 209.084, ""6"": 218.801}"
0.4,AUTO,120.95,280.0,-180.0,0.0,0.0,0.0,92.0,18.0,20.0,45.0,,,,,,,,,,,,,,11.4,33.021,11.4,False,FOLLOW,FOLLOW,,,flexible_commitment_kept,2,1.9730409985641018,False,0,pending_first_line,{},"{""1"": 173.225, ""2"": 33.021, ""3"": 72.027, ""4"": 128.177, ""5"": 209.048, ""6"": 219.071}"
0.45,AUTO,119.95,280.0,-180.0,0.0,0.0,0.0,92.0,20.0,20.0,40.0,,,,,,,,,,,,,,11.4,33.517,11.4,False,FOLLOW,FOLLOW,,,flexible_commitment_kept,2,1.9730409985641018,False,0,pending_first_line,{},"{""1"": 173.954, ""2"": 33.517, ""3"": 72.944, ""4"": 127.806, ""5"": 209.013, ""6"": 219.374}"
0.5,AUTO,118.95,280.0,-180.0,0.0,0.0,0.0,92.0,20.0,20.0,0.0,,,,,,,,,,,,,,11.4,34.034,11.4,False,FOLLOW,FOLLOW,,,flexible_commitment_kept,2,1.9730409985641018,False,0,pending_first_line,{},"{""1"": 174.685, ""2"": 34.034, ""3"": 73.863, ""4"": 127.443, ""5"": 208.983, ""6"": 219.681}"
0.55,AUTO,117.95,280.0,-180.0,0.0,0.0,0.0,92.0,20.0,20.0,0.0,,,,,,,,,,,,,,11.4,34.573,11.4,False,FOLLOW,FOLLOW,,,flexible_commitment_kept,2,1.9730409985641018,False,0,pending_first_line,{},"{""1"": 175.419, ""2"": 34.573, ""3"": 74.785, ""4"": 127.086, ""5"": 208.957, ""6"": 219.993}"
0.6,AUTO,116.95,280.0,-180.0,0.0,0.0,0.0,92.0,20.0,20.0,0.0,,,,,,,,,,,,,,11.4,35.131,11.4,False,FOLLOW,FOLLOW,,,flexible_commitment_switched,2,4.273667000234127,False,0,pending_first_line,{},"{""1"": 176.155, ""2"": 35.131, ""3"": 75.708, ""4"": 126.737, ""5"": 208.936, ""6"": 220.308}"
0.65,AUTO,115.95,280.0,-180.0,0.0,0.0,0.0,92.0,20.0,20.0,0.0,,,,,,,,,,,,,,11.4,35.709,11.4,False,FOLLOW,FOLLOW,,,flexible_commitment_switched,2,4.273667000234127,False,0,pending_first_line,{},"{""1"": 176.894, ""2"": 35.709, ""3"": 76.633, ""4"": 126.394, ""5"": 208.92, ""6"": 220.628}"
0.7,AUTO,114.95,280.0,-180.0,0.0,0.0,0.0,92.0,20.0,20.0,0.0,,,,,,,,,,,,,,11.4,36.306,11.4,False,FOLLOW,FOLLOW,,,flexible_commitment_switched,2,4.273667000234127,False,0,pending_first_line,{},"{""1"": 177.636, ""2"": 36.306, ""3"": 77.56, ""4"": 126.058, ""5"": 208.908, ""6"": 220.952}"
0.75,AUTO,113.95,280.0,-180.0,0.0,0.0,0.0,92.0,20.0,20.0,0.0,,,,,,,,,,,,,,11.4,36.92,11.4,False,FOLLOW,FOLLOW,,,flexible_commitment_switched,2,4.273667000234127,False,0,pending_first_line,{},"{""1"": 178.38, ""2"": 36.92, ""3"": 78.489, ""4"": 125.73, ""5"": 208.902, ""6"": 221.279}"
0.8,AUTO,112.95,280.0,-180.0,0.0,0.0,0.0,92.0,20.0,20.0,0.0,,,,,,,,,,,,,,11.4,37.55,11.4,False,FOLLOW,FOLLOW,,,flexible_commitment_switched,2,4.273667000234127,False,0,pending_first_line,{},"{""1"": 179.127, ""2"": 37.55, ""3"": 79.42, ""4"": 125.408, ""5"": 208.9, ""6"": 221.611}"
0.85,AUTO,111.95,280.0,-180.0,0.0,0.0,0.0,92.0,20.0,20.0,0.0,,,,,,,,,,,,,,11.4,38.196,11.4,False,FOLLOW,FOLLOW,,,flexible_commitment_switched,2,4.525874996033963,False,0,pending_first_line,{},"{""1"": 179.876, ""2"": 38.196, ""3"": 80.352, ""4"": 125.094, ""5"": 208.9, ""6"": 221.947}"
0.9,AUTO,110.95,280.0,-180.0,0.0,0.0,0.0,92.0,20.0,20.0,0.0,,,,,,,,,,,,,,11.4,38.858,11.4,False,FOLLOW,FOLLOW,,,flexible_commitment_switched,2,4.525874996033963,False,0,pending_first_line,{},"{""1"": 180.628, ""2"": 38.858, ""3"": 81.286, ""4"": 124.787, ""5"": 208.9, ""6"": 222.287}"
0.95,AUTO,109.95,280.0,-180.0,0.0,0.0,0.0,92.0,20.0,20.0,0.0,,,,,,,,,,,,,,11.4,39.533,11.4,False,FOLLOW,FOLLOW,,,flexible_commitment_switched,2,4.525874996033963,False,0,pending_first_line,{},"{""1"": 181.382, ""2"": 39.533, ""3"": 82.221, ""4"": 124.487, ""5"": 208.9, ""6"": 222.631}"
1.0,AUTO,108.95,280.0,-180.0,0.0,0.0,0.0,92.0,20.0,20.0,0.0,,,,,,,,,,,,,,11.4,40.222,11.4,False,FOLLOW,FOLLOW,,,flexible_commitment_switched,2,4.525874996033963,False,0,pending_first_line,{},"{""1"": 182.138, ""2"": 40.222, ""3"": 83.158, ""4"": 124.194, ""5"": 208.9, ""6"": 222.978}"
1.05,AUTO,107.95,280.0,-180.0,0.0,0.0,0.0,92.0,20.0,20.0,0.0,,,,,,,,,,,,,,11.4,40.924,11.4,False,FOLLOW,FOLLOW,,,flexible_commitment_switched,2,4.525874996033963,False,0,pending_first_line,{},"{""1"": 182.897, ""2"": 40.924, ""3"": 84.097, ""4"": 123.909, ""5"": 208.9, ""6"": 223.33}"
1.1,AUTO,106.95,280.0,-180.0,0.0,0.0,0.0,92.0,20.0,20.0,0.0,,,,,,,,,,,,,,11.4,41.638,11.4,False,FOLLOW,FOLLOW,,,flexible_commitment_switched,2,4.291041994292755,False,0,pending_first_line,{},"{""1"": 183.658, ""2"": 41.638, ""3"": 85.037, ""4"": 123.631, ""5"": 208.9, ""6"": 223.686}"
1.15,AUTO,105.95,280.0,-180.0,0.0,0.0,0.0,92.0,20.0,20.0,0.0,,,,,,,,,,,,,,11.4,42.363,11.4,False,FOLLOW,FOLLOW,,,flexible_commitment_switched,2,4.291041994292755,False,0,pending_first_line,{},"{""1"": 184.421, ""2"": 42.363, ""3"": 85.978, ""4"": 123.361, ""5"": 208.9, ""6"": 224.045}"
1.2,AUTO,104.95,280.0,-180.0,0.0,0.0,0.0,92.0,20.0,20.0,0.0,,,,,,,,,,,,,,11.4,43.1,11.4,False,FOLLOW,FOLLOW,,,flexible_commitment_switched,2,4.291041994292755,False,0,pending_first_line,{},"{""1"": 185.187, ""2"": 43.1, ""3"": 86.92, ""4"": 123.098, ""5"": 208.9, ""6"": 224.408}"
1.25,AUTO,103.95,280.0,-180.0,0.0,0.0,0.0,92.0,20.0,20.0,0.0,,,,,,,,,,,,,,11.4,43.847,11.4,False,FOLLOW,FOLLOW,,,flexible_commitment_switched,2,4.291041994292755,False,0,pending_first_line,{},"{""1"": 185.954, ""2"": 43.847, ""3"": 87.864, ""4"": 122.843, ""5"": 208.9, ""6"": 224.776}"
1.3,AUTO,102.95,280.0,-180.0,0.0,0.0,0.0,92.0,20.0,20.0,0.0,,,,,,,,,,,,,,11.4,44.604,11.4,False,FOLLOW,FOLLOW,,,flexible_commitment_switched,2,4.291041994292755,False,0,pending_first_line,{},"{""1"": 186.724, ""2"": 44.604, ""3"": 88.809, ""4"": 122.596, ""5"": 208.9, ""6"": 225.147}"
1.35,AUTO,101.95,280.0,-180.0,0.0,0.0,0.0,92.0,20.0,20.0,0.0,,,,,,,,,,,,,,11.4,45.37,11.4,False,FOLLOW,FOLLOW,,,flexible_commitment_switched,2,4.522542003542185,False,0,pending_first_line,{},"{""1"": 187.497, ""2"": 45.37, ""3"": 89.755, ""4"": 122.356, ""5"": 208.9, ""6"": 225.522}"
1.4,AUTO,100.95,280.0,-180.0,0.0,0.0,0.0,92.0,20.0,20.0,0.0,,,,,,,,,,,,,,11.4,46.146,11.4,False,FOLLOW,FOLLOW,,,flexible_commitment_switched,2,4.522542003542185,False,0,pending_first_line,{},"{""1"": 188.271, ""2"": 46.146, ""3"": 90.702, ""4"": 122.124, ""5"": 208.9, ""6"": 225.9}"
1.45,AUTO,99.95,280.0,-180.0,0.0,0.0,0.0,92.0,20.0,20.0,0.0,,,,,,,,,,,,,,11.4,46.929,11.4,False,FOLLOW,FOLLOW,,,flexible_commitment_switched,2,4.522542003542185,False,0,pending_first_line,{},"{""1"": 189.047, ""2"": 46.929, ""3"": 91.651, ""4"": 121.899, ""5"": 208.9, ""6"": 226.283}"
1.5,AUTO,98.95,280.0,-180.0,0.0,0.0,0.0,92.0,20.0,20.0,0.0,,,,,,,,,,,,,,11.4,47.721,11.4,False,FOLLOW,FOLLOW,,,flexible_commitment_switched,2,4.522542003542185,False,0,pending_first_line,{},"{""1"": 189.826, ""2"": 47.721, ""3"": 92.6, ""4"": 121.683, ""5"": 208.9, ""6"": 226.669}"
1.55,AUTO,97.95,280.0,-180.0,0.0,0.0,0.0,92.0,20.0,20.0,0.0,,,,,,,,,,,,,,11.4,48.521,11.4,False,FOLLOW,FOLLOW,,,flexible_commitment_switched,2,4.522542003542185,False,0,pending_first_line,{},"{""1"": 190.606, ""2"": 48.521, ""3"": 93.551, ""4"": 121.474, ""5"": 208.9, ""6"": 227.059}"
1.6,AUTO,96.95,280.0,-180.0,0.0,0.0,0.0,92.0,20.0,20.0,0.0,,,,,,,,,,,,,,11.4,49.328,11.4,False,FOLLOW,FOLLOW,,,flexible_commitment_switched,2,4.283417001715861,False,0,pending_first_line,{},"{""1"": 191.389, ""2"": 49.328, ""3"": 94.502, ""4"": 121.273, ""5"": 208.9, ""6"": 227.453}"
1.65,AUTO,95.95,280.0,-180.0,0.0,0.0,0.0,92.0,20.0,20.0,0.0,,,,,,,,,,,,,,11.4,50.141,11.4,False,FOLLOW,FOLLOW,,,flexible_commitment_switched,2,4.283417001715861,False,0,pending_first_line,{},"{""1"": 192.174, ""2"": 50.141, ""3"": 95.455, ""4"": 121.08, ""5"": 208.9, ""6"": 227.85}"
1.7,AUTO,94.95,280.0,-180.0,0.0,0.0,0.0,92.0,20.0,20.0,0.0,,,,,,,,,,,,,,11.4,50.962,11.4,False,FOLLOW,FOLLOW,,,flexible_commitment_switched,2,4.283417001715861,False,0,pending_first_line,{},"{""1"": 192.96, ""2"": 50.962, ""3"": 96.409, ""4"": 120.896, ""5"": 208.9, ""6"": 228.251}"
1.75,AUTO,93.95,280.0,-180.0,0.0,0.0,0.0,92.0,20.0,20.0,0.0,,,,,,,,,,,,,,11.4,51.789,11.4,False,FOLLOW,FOLLOW,,,flexible_commitment_switched,2,4.283417001715861,False,0,pending_first_line,{},"{""1"": 193.749, ""2"": 51.789, ""3"": 97.363, ""4"": 120.719, ""5"": 208.9, ""6"": 228.656}"
1.8,AUTO,92.95,280.0,-180.0,0.0,0.0,0.0,92.0,20.0,20.0,0.0,,,,,,,,,,,,,,11.4,52.621,11.4,False,FOLLOW,FOLLOW,,,flexible_commitment_switched,2,4.283417001715861,False,0,pending_first_line,{},"{""1"": 194.539, ""2"": 52.621, ""3"": 98.318, ""4"": 120.55, ""5"": 208.9, ""6"": 229.064}"
1.85,AUTO,91.95,280.0,-180.0,0.0,0.0,0.0,92.0,20.0,20.0,0.0,,,,,,,,,,,,,,11.4,53.46,11.4,False,FOLLOW,FOLLOW,,,flexible_commitment_switched,2,123.63033399742562,False,0,pending_first_line,{},"{""1"": 195.332, ""2"": 53.46, ""3"": 99.275, ""4"": 120.389, ""5"": 208.9, ""6"": 229.476}"
1.9,AUTO,90.95,280.0,-180.0,0.0,0.0,0.0,92.0,20.0,20.0,0.0,,,,,,,,,,,,,,11.4,54.304,11.4,False,FOLLOW,FOLLOW,,,flexible_commitment_switched,2,123.63033399742562,False,0,pending_first_line,{},"{""1"": 196.126, ""2"": 54.304, ""3"": 100.232, ""4"": 120.236, ""5"": 208.9, ""6"": 229.892}"
1.95,AUTO,89.95,280.0,-180.0,0.0,0.0,0.0,92.0,20.0,20.0,0.0,,,,,,,,,,,,,,11.4,55.153,11.4,False,FOLLOW,FOLLOW,,,flexible_commitment_switched,2,123.63033399742562,False,0,pending_first_line,{},"{""1"": 196.922, ""2"": 55.153, ""3"": 101.19, ""4"": 120.092, ""5"": 208.9, ""6"": 230.311}"
2.0,AUTO,88.95,280.0,-180.0,0.0,0.0,0.0,92.0,20.0,20.0,0.0,,,,,,,,,,,,,,11.4,56.007,11.4,False,FOLLOW,FOLLOW,,,flexible_commitment_switched,2,123.63033399742562,False,0,pending_first_line,{},"{""1"": 197.72, ""2"": 56.007, ""3"": 102.148, ""4"": 119.955, ""5"": 208.9, ""6"": 230.734}"
2.05,AUTO,87.95,280.0,-180.0,0.0,0.0,0.0,92.0,20.0,20.0,0.0,,,,,,,,,,,,,,11.4,56.866,11.4,False,FOLLOW,FOLLOW,,,flexible_commitment_switched,2,123.63033399742562,False,0,pending_first_line,{},"{""1"": 198.52, ""2"": 56.866, ""3"": 103.108, ""4"": 119.827, ""5"": 208.9, ""6"": 231.161}"
2.1,AUTO,86.95,280.0,-180.0,0.0,0.0,0.0,92.0,20.0,20.0,0.0,,,,,,,,,,,,,,11.4,57.73,11.4,False,FOLLOW,FOLLOW,,,flexible_commitment_switched,2,123.63033399742562,False,0,pending_first_line,{},"{""1"": 199.322, ""2"": 57.73, ""3"": 104.068, ""4"": 119.707, ""5"": 208.9, ""6"": 231.591}"
2.15,AUTO,85.95,280.0,-180.0,0.0,0.0,0.0,92.0,20.0,20.0,0.0,,,,,,,,,,,,,,11.4,58.597,11.4,False,FOLLOW,FOLLOW,,,flexible_commitment_switched,2,4.383583000162616,False,0,pending_first_line,{},"{""1"": 200.125, ""2"": 58.597, ""3"": 105.029, ""4"": 119.595, ""5"": 208.902, ""6"": 232.024}"
2.2,AUTO,84.95,280.0,-180.0,0.0,0.0,0.0,92.0,20.0,20.0,0.0,,,,,,,,,,,,,,11.4,59.469,11.4,False,FOLLOW,FOLLOW,,,flexible_commitment_switched,2,4.383583000162616,False,0,pending_first_line,{},"{""1"": 200.931, ""2"": 59.469, ""3"": 105.991, ""4"": 119.492, ""5"": 208.909, ""6"": 232.461}"
2.25,AUTO,83.95,280.0,-180.0,0.0,0.0,0.0,92.0,20.0,20.0,0.0,,,,,,,,,,,,,,11.4,60.345,11.4,False,FOLLOW,FOLLOW,,,flexible_commitment_switched,2,4.383583000162616,False,0,pending_first_line,{},"{""1"": 201.738, ""2"": 60.345, ""3"": 106.954, ""4"": 119.396, ""5"": 208.921, ""6"": 232.901}"
2.3,AUTO,82.95,280.0,-180.0,0.0,0.0,0.0,92.0,20.0,20.0,0.0,,,,,,,,,,,,,,11.4,61.225,11.4,False,FOLLOW,FOLLOW,,,flexible_commitment_switched,2,4.383583000162616,False,0,pending_first_line,{},"{""1"": 202.546, ""2"": 61.225, ""3"": 107.917, ""4"": 119.309, ""5"": 208.938, ""6"": 233.345}"
2.35,AUTO,81.95,280.0,-180.0,0.0,0.0,0.0,92.0,20.0,20.0,0.0,,,,,,,,,,,,,,11.4,62.108,11.4,False,FOLLOW,FOLLOW,,,flexible_commitment_switched,2,4.383583000162616,False,0,pending_first_line,{},"{""1"": 203.357, ""2"": 62.108, ""3"": 108.88, ""4"": 119.231, ""5"": 208.959, ""6"": 233.793}"
2.4,AUTO,80.95,280.0,-180.0,0.0,0.0,0.0,92.0,20.0,20.0,0.0,,,,,,,,,,,,,,11.4,62.995,11.4,False,FOLLOW,FOLLOW,,,flexible_commitment_switched,2,4.383583000162616,False,0,pending_first_line,{},"{""1"": 204.169, ""2"": 62.995, ""3"": 109.845, ""4"": 119.161, ""5"": 208.985, ""6"": 234.243}"
2.45,AUTO,79.95,280.0,-180.0,0.0,0.0,0.0,92.0,20.0,20.0,0.0,,,,,,,,,,,,,,11.4,63.886,11.4,False,FOLLOW,FOLLOW,,,flexible_commitment_switched,2,4.571208999550436,False,0,pending_first_line,{},"{""1"": 204.983, ""2"": 63.886, ""3"": 110.81, ""4"": 119.099, ""5"": 209.016, ""6"": 234.697}"
2.5,AUTO,78.95,280.0,-180.0,0.0,0.0,0.0,92.0,20.0,20.0,0.0,,,,,,,,,,,,,,11.4,64.779,11.4,False,FOLLOW,FOLLOW,,,flexible_commitment_switched,2,4.571208999550436,False,0,pending_first_line,{},"{""1"": 205.798, ""2"": 64.779, ""3"": 111.776, ""4"": 119.045, ""5"": 209.052, ""6"": 235.155}"
2.55,AUTO,77.95,280.0,-180.0,0.0,0.0,0.0,92.0,20.0,20.0,0.0,,,,,,,,,,,,,,11.4,65.675,11.4,False,FOLLOW,FOLLOW,,,flexible_commitment_switched,2,4.571208999550436,False,0,pending_first_line,{},"{""1"": 206.615, ""2"": 65.675, ""3"": 112.742, ""4"": 119.0, ""5"": 209.093, ""6"": 235.616}"
2.6,AUTO,76.95,280.0,-180.0,0.0,0.0,0.0,92.0,20.0,20.0,0.0,,,,,,,,,,,,,,11.4,66.575,11.4,False,FOLLOW,FOLLOW,,,keyboard_control,0,0.0,False,0,CLOCKWISE,{},"{""1"": 207.434, ""2"": 66.575, ""3"": 113.709, ""4"": 118.963, ""5"": 209.138, ""6"": 236.08}"
2.65,AUTO,75.838,279.993,-179.643,4.5,24.978,24.978,92.0,22.25,24.0,45.0,32.2,,,,,,,,,,,,,11.341,67.556,11.341,False,MANEUVERING,MANEUVERING,,,flexible_commitment_switched,4,43.03812500438653,False,0,CLOCKWISE,{},"{""1"": 208.336, ""2"": 67.556, ""3"": 114.748, ""4"": 118.861, ""5"": 209.25, ""6"": 236.627}"
2.7,AUTO,74.638,279.969,-178.874,9.0,24.978,24.978,92.0,24.0,24.0,35.0,32.2,,,,,,,,,,,,,11.224,68.589,11.224,False,MANEUVERING,MANEUVERING,,,flexible_commitment_switched,4,43.03812500438653,False,0,CLOCKWISE,{},"{""1"": 209.297, ""2"": 68.589, ""3"": 115.83, ""4"": 118.676, ""5"": 209.43, ""6"": 237.245}"
2.75,AUTO,73.439,279.922,-177.72,13.5,24.978,24.978,92.0,24.0,24.0,0.0,32.2,,,,,,,,,,,,,11.064,69.597,11.064,False,MANEUVERING,MANEUVERING,,,flexible_commitment_switched,4,43.03812500438653,False,0,CLOCKWISE,{},"{""1"": 210.243, ""2"": 69.597, ""3"": 116.872, ""4"": 118.41, ""5"": 209.662, ""6"": 237.884}"
2.8,AUTO,72.241,279.842,-176.181,18.0,24.978,24.978,92.0,24.0,24.0,0.0,32.2,,,,,,,,,,,,,10.873,70.579,10.873,False,MANEUVERING,MANEUVERING,,,flexible_commitment_switched,4,43.03812500438653,False,0,CLOCKWISE,{},"{""1"": 211.175, ""2"": 70.579, ""3"": 117.876, ""4"": 118.057, ""5"": 209.942, ""6"": 238.542}"
2.85,AUTO,71.047,279.722,-174.258,22.5,24.978,24.978,92.0,24.0,24.0,0.0,32.2,,,,,,,,,,,,,10.663,71.537,10.663,False,MANEUVERING,MANEUVERING,,,flexible_commitment_switched,4,43.03812500438653,False,0,CLOCKWISE,{},"{""1"": 212.092, ""2"": 71.537, ""3"": 118.847, ""4"": 117.607, ""5"": 210.178, ""6"": 239.217}"
2.9,AUTO,69.859,279.557,-172.123,24.978,24.978,24.978,92.0,24.0,24.0,0.0,32.2,,,,,,,,,,,,,10.474,72.482,10.474,False,MANEUVERING,MANEUVERING,,,flexible_commitment_switched,5,41.24583299562801,False,0,CLOCKWISE,{},"{""1"": 212.999, ""2"": 72.482, ""3"": 119.801, ""4"": 117.089, ""5"": 210.197, ""6"": 239.892}"
2.95,AUTO,68.677,279.349,-169.987,24.978,24.978,24.978,92.0,24.0,24.0,0.0,32.2,,,,,,,,,,,,,10.344,73.421,10.344,False,MANEUVERING,MANEUVERING,,,flexible_commitment_switched,5,41.24583299562801,False,0,CLOCKWISE,{},"{""1"": 213.895, ""2"": 73.421, ""3"": 120.756, ""4"": 116.541, ""5"": 209.957, ""6"": 240.542}"
3.0,AUTO,67.504,279.096,-167.852,24.978,24.978,24.978,92.0,24.0,24.0,0.0,32.2,,,,,,,,,,,,,10.271,74.353,10.271,False,MANEUVERING,MANEUVERING,,,flexible_commitment_switched,5,41.24583299562801,False,0,CLOCKWISE,{},"{""1"": 214.778, ""2"": 74.353, ""3"": 121.71, ""4"": 115.963, ""5"": 209.535, ""6"": 241.169}"
3.05,AUTO,66.341,278.8,-165.717,24.978,24.978,24.978,92.0,24.0,24.0,0.0,32.2,,,,,,,,,,,,,10.257,75.278,10.257,False,MANEUVERING,MANEUVERING,,,flexible_commitment_switched,5,41.24583299562801,False,0,CLOCKWISE,{},"{""1"": 215.648, ""2"": 75.278, ""3"": 122.661, ""4"": 115.357, ""5"": 209.081, ""6"": 241.77}"
3.1,AUTO,65.19,278.461,-163.582,24.978,24.978,24.978,92.0,24.0,24.0,0.0,32.2,,,,,,,,,,,,,10.301,76.194,10.301,False,MANEUVERING,MANEUVERING,,,flexible_commitment_switched,5,41.24583299562801,False,0,CLOCKWISE,{},"{""1"": 216.503, ""2"": 76.194, ""3"": 123.609, ""4"": 114.723, ""5"": 208.598, ""6"": 242.346}"
3.15,AUTO,64.052,278.079,-161.446,24.978,24.978,24.978,92.0,24.0,24.0,0.0,32.2,,,,,,,,,,,,,10.403,77.101,10.403,False,MANEUVERING,MANEUVERING,,,flexible_commitment_switched,5,41.24583299562801,False,0,CLOCKWISE,{},"{""1"": 217.343, ""2"": 77.101, ""3"": 124.552, ""4"": 114.064, ""5"": 208.088, ""6"": 242.895}"
3.2,AUTO,62.93,277.655,-159.311,24.978,24.978,24.978,92.0,24.0,24.0,0.0,32.2,,,,,,,,,,,,,10.563,77.997,10.563,False,MANEUVERING,MANEUVERING,,,flexible_commitment_switched,5,18.369040997640695,False,0,CLOCKWISE,{},"{""1"": 218.166, ""2"": 77.997, ""3"": 125.489, ""4"": 113.383, ""5"": 207.55, ""6"": 243.417}"
3.25,AUTO,61.824,277.19,-157.176,24.978,24.978,24.978,92.0,24.0,24.0,0.0,32.2,,,,,,,,,,,,,10.782,78.883,10.782,False,MANEUVERING,MANEUVERING,,,flexible_commitment_switched,5,18.369040997640695,False,0,CLOCKWISE,{},"{""1"": 218.972, ""2"": 78.883, ""3"": 126.419, ""4"": 112.68, ""5"": 206.985, ""6"": 243.912}"
3.3,AUTO,60.736,276.683,-155.041,24.978,24.978,24.978,92.0,24.0,24.0,0.0,32.2,,,,,,,,,,,,,11.058,79.756,11.058,False,MANEUVERING,MANEUVERING,,,flexible_commitment_switched,5,18.369040997640695,False,0,CLOCKWISE,{},"{""1"": 219.76, ""2"": 79.756, ""3"": 127.341, ""4"": 111.957, ""5"": 206.394, ""6"": 244.379}"
3.35,AUTO,59.667,276.137,-152.905,24.978,24.978,24.978,92.0,24.0,24.0,0.0,32.2,,,,,,,,,,,,,11.391,80.616,11.391,False,MANEUVERING,MANEUVERING,,,flexible_commitment_switched,5,18.369040997640695,False,0,CLOCKWISE,{},"{""1"": 220.528, ""2"": 80.616, ""3"": 128.254, ""4"": 111.214, ""5"": 205.778, ""6"": 244.818}"
3.4,AUTO,58.62,275.551,-150.77,24.978,24.978,24.978,92.0,24.0,24.0,0.0,32.2,,,,,,,,,,,,,11.78,81.462,11.78,False,MANEUVERING,MANEUVERING,,,flexible_commitment_switched,5,18.369040997640695,False,0,CLOCKWISE,{},"{""1"": 221.276, ""2"": 81.462, ""3"": 129.156, ""4"": 110.451, ""5"": 205.136, ""6"": 245.228}"
3.45,AUTO,57.596,274.926,-148.635,24.978,24.978,24.978,92.0,24.0,24.0,0.0,32.2,,,,,,,,,,,,,12.226,82.294,12.226,False,MANEUVERING,MANEUVERING,,,flexible_commitment_switched,5,18.152958000428043,False,0,CLOCKWISE,{},"{""1"": 222.004, ""2"": 82.294, ""3"": 130.047, ""4"": 109.669, ""5"": 204.47, ""6"": 245.603}"
3.5,AUTO,56.595,274.264,-146.5,24.978,24.978,24.978,92.0,24.0,24.0,0.0,32.2,,,,,,,,,,,,,12.728,83.111,12.728,False,MANEUVERING,MANEUVERING,,,flexible_commitment_switched,5,18.152958000428043,False,0,CLOCKWISE,{},"{""1"": 222.709, ""2"": 83.111, ""3"": 130.925, ""4"": 108.869, ""5"": 203.781, ""6"": 245.758}"
3.55,AUTO,55.62,273.565,-144.364,24.978,24.978,24.978,92.0,24.0,24.0,0.0,32.2,,,,,,,,,,,,,13.284,83.912,13.284,False,MANEUVERING,MANEUVERING,,,flexible_commitment_switched,5,18.152958000428043,False,0,CLOCKWISE,{},"{""1"": 223.393, ""2"": 83.912, ""3"": 131.791, ""4"": 108.052, ""5"": 203.069, ""6"": 245.604}"
3.6,AUTO,54.671,272.83,-142.229,24.978,24.978,24.978,92.0,24.0,24.0,0.0,32.2,,,,,,,,,,,,,13.895,84.697,13.895,False,MANEUVERING,MANEUVERING,,,flexible_commitment_switched,5,18.152958000428043,False,0,CLOCKWISE,{},"{""1"": 224.053, ""2"": 84.697, ""3"": 132.641, ""4"": 107.218, ""5"": 202.334, ""6"": 245.2}"
3.65,AUTO,53.751,272.06,-140.094,24.978,24.978,24.978,92.0,24.0,24.0,0.0,32.2,,,,,,,,,,,,,14.559,85.464,14.559,False,MANEUVERING,MANEUVERING,,,flexible_commitment_switched,5,18.152958000428043,False,0,CLOCKWISE,{},"{""1"": 224.689, ""2"": 85.464, ""3"": 133.477, ""4"": 106.368, ""5"": 201.578, ""6"": 244.75}"
3.7,AUTO,52.854,271.262,-138.343,20.478,12.489,12.489,92.0,24.0,24.0,0.0,64.4,,,,,,,,,,,,,15.284,86.186,15.284,False,MANEUVERING,MANEUVERING,,,flexible_commitment_switched,5,18.379832996288314,False,0,CLOCKWISE,{},"{""1"": 225.256, ""2"": 86.186, ""3"": 134.279, ""4"": 105.529, ""5"": 200.844, ""6"": 244.345}"
3.75,AUTO,51.977,270.443,-136.977,15.978,12.489,12.489,92.0,24.0,24.0,0.0,64.4,,,,,,,,,,,,,16.054,86.863,16.054,False,MANEUVERING,MANEUVERING,,,flexible_commitment_switched,5,18.379832996288314,False,0,CLOCKWISE,{},"{""1"": 225.755, ""2"": 86.863, ""3"": 135.047, ""4"": 104.702, ""5"": 200.132, ""6"": 243.988}"
3.8,AUTO,51.115,269.609,-135.91,12.489,12.489,12.489,92.0,24.0,24.0,0.0,64.4,,,,,,,,,,,,,16.857,87.505,16.857,False,MANEUVERING,MANEUVERING,,,flexible_commitment_switched,5,18.379832996288314,False,0,CLOCKWISE,{},"{""1"": 226.2, ""2"": 87.505, ""3"": 135.786, ""4"": 103.882, ""5"": 199.435, ""6"": 243.667}"
3.85,AUTO,50.269,268.758,-134.842,12.489,12.489,12.489,92.0,24.0,24.0,0.0,64.4,,,,,,,,,,,,,17.68,88.14,17.68,False,MANEUVERING,MANEUVERING,,,flexible_commitment_switched,5,18.379832996288314,False,0,CLOCKWISE,{},"{""1"": 226.632, ""2"": 88.14, ""3"": 136.515, ""4"": 103.054, ""5"": 198.727, ""6"": 243.332}"
3.9,AUTO,49.438,267.891,-133.775,12.489,12.489,12.489,92.0,24.0,24.0,0.0,64.4,,,,,,,,,,,,,18.523,88.766,18.523,False,MANEUVERING,MANEUVERING,,,flexible_commitment_switched,5,18.379832996288314,False,0,CLOCKWISE,{},"{""1"": 227.049, ""2"": 88.766, ""3"": 137.234, ""4"": 102.218, ""5"": 198.007, ""6"": 242.982}"
3.95,AUTO,48.624,267.009,-132.707,12.489,12.489,12.489,92.0,24.0,24.0,0.0,64.4,,,,,,,,,,,,,19.387,89.386,19.387,False,MANEUVERING,MANEUVERING,,,flexible_commitment_switched,5,18.34341700305231,False,0,CLOCKWISE,{},"{""1"": 227.453, ""2"": 89.386, ""3"": 137.943, ""4"": 101.373, ""5"": 197.276, ""6"": 242.618}"
4.0,AUTO,47.827,266.113,-131.639,12.489,12.489,12.489,92.0,24.0,24.0,0.0,64.4,,,,,,,,,,,,,20.27,89.997,20.27,False,MANEUVERING,MANEUVERING,,,flexible_commitment_switched,5,18.34341700305231,False,0,CLOCKWISE,{},"{""1"": 227.842, ""2"": 89.997, ""3"": 138.641, ""4"": 100.521, ""5"": 196.534, ""6"": 242.239}"
4.05,AUTO,47.047,265.201,-130.572,12.489,12.489,12.489,92.0,24.0,24.0,0.0,64.4,,,,,,,,,,,,,21.173,90.601,21.173,False,MANEUVERING,MANEUVERING,,,flexible_commitment_switched,5,18.34341700305231,False,0,CLOCKWISE,{},"{""1"": 228.217, ""2"": 90.601, ""3"": 139.33, ""4"": 99.662, ""5"": 195.78, ""6"": 241.846}"
4.1,AUTO,46.283,264.275,-129.504,12.489,12.489,12.489,92.0,24.0,24.0,0.0,64.4,,,,,,,,,,,,,22.095,91.197,22.095,False,MANEUVERING,MANEUVERING,,,flexible_commitment_switched,5,18.34341700305231,False,0,CLOCKWISE,{},"{""1"": 228.579, ""2"": 91.197, ""3"": 140.008, ""4"": 98.794, ""5"": 195.016, ""6"": 241.439}"
4.15,AUTO,45.537,263.335,-128.436,12.489,12.489,12.489,92.0,24.0,24.0,0.0,64.4,,,,,,,,,,,,,23.035,91.784,23.035,False,MANEUVERING,MANEUVERING,,,flexible_commitment_switched,5,18.34341700305231,False,0,CLOCKWISE,{},"{""1"": 228.926, ""2"": 91.784, ""3"": 140.676, ""4"": 97.919, ""5"": 194.24, ""6"": 241.017}"
4.2,AUTO,44.809,262.381,-127.369,12.489,12.489,12.489,92.0,24.0,24.0,0.0,64.4,,,,,,,,,,,,,23.994,92.364,23.994,False,MANEUVERING,MANEUVERING,,,flexible_commitment_switched,5,18.60399999713991,False,0,CLOCKWISE,{},"{""1"": 229.258, ""2"": 92.364, ""3"": 141.333, ""4"": 97.037, ""5"": 193.454, ""6"": 240.581}"
4.25,AUTO,44.099,261.414,-126.301,12.489,12.489,12.489,92.0,24.0,24.0,0.0,64.4,,,,,,,,,,,,,24.972,92.936,24.972,False,MANEUVERING,MANEUVERING,,,flexible_commitment_switched,5,18.60399999713991,False,0,CLOCKWISE,{},"{""1"": 229.577, ""2"": 92.936, ""3"": 141.979, ""4"": 96.147, ""5"": 192.657, ""6"": 240.131}"
4.3,AUTO,43.406,260.434,-125.234,12.489,12.489,12.489,92.0,24.0,24.0,0.0,64.4,,,,,,,,,,,,,25.967,93.5,25.967,False,MANEUVERING,MANEUVERING,,,flexible_commitment_switched,5,18.60399999713991,False,0,CLOCKWISE,{},"{""1"": 229.881, ""2"": 93.5, ""3"": 142.615, ""4"": 95.25, ""5"": 191.85, ""6"": 239.667}"
4.35,AUTO,42.732,259.441,-124.166,12.489,12.489,12.489,92.0,24.0,24.0,0.0,64.4,,,,,,,,,,,,,26.979,94.056,26.979,False,MANEUVERING,MANEUVERING,,,flexible_commitment_switched,5,18.60399999713991,False,0,CLOCKWISE,{},"{""1"": 230.17, ""2"": 94.056, ""3"": 143.24, ""4"": 94.346, ""5"": 191.033, ""6"": 239.19}"
4.4,AUTO,42.077,258.436,-123.098,12.489,12.489,12.489,92.0,24.0,24.0,0.0,64.4,,,,,,,,,,,,,28.009,93.435,28.009,False,MANEUVERING,MANEUVERING,,,flexible_commitment_switched,5,18.60399999713991,False,0,CLOCKWISE,{},"{""1"": 230.446, ""2"": 94.603, ""3"": 143.855, ""4"": 93.435, ""5"": 190.205, ""6"": 238.698}"
4.45,AUTO,41.441,257.419,-122.031,12.489,12.489,12.489,92.0,24.0,24.0,0.0,64.4,,,,,,,,,,,,,28.541,92.516,28.541,False,MANEUVERING,MANEUVERING,,,flexible_commitment_kept,5,29.20050000102492,False,0,CLOCKWISE,{},"{""1"": 230.706, ""2"": 95.143, ""3"": 144.458, ""4"": 92.516, ""5"": 189.368, ""6"": 238.192}"
4.5,AUTO,40.823,256.39,-120.963,12.489,12.489,12.489,92.0,24.0,24.0,0.0,64.4,,,,,,,,,,,,,28.008,91.591,28.008,False,MANEUVERING,MANEUVERING,,,flexible_commitment_kept,5,29.20050000102492,False,0,CLOCKWISE,{},"{""1"": 230.952, ""2"": 95.674, ""3"": 145.05, ""4"": 91.591, ""5"": 188.52, ""6"": 237.673}"
4.55,AUTO,40.225,255.349,-119.895,12.489,12.489,12.489,92.0,24.0,24.0,0.0,64.4,,,,,,,,,,,,,27.499,90.66,27.499,False,MANEUVERING,MANEUVERING,,,flexible_commitment_kept,5,29.20050000102492,False,0,CLOCKWISE,{},"{""1"": 231.184, ""2"": 96.197, ""3"": 145.632, ""4"": 90.66, ""5"": 187.663, ""6"": 237.14}"
4.6,AUTO,39.647,254.298,-118.828,12.489,12.489,12.489,92.0,24.0,24.0,0.0,64.4,,,,,,,,,,,,,27.013,89.722,27.013,False,MANEUVERING,MANEUVERING,,,flexible_commitment_kept,5,29.20050000102492,False,0,CLOCKWISE,{},"{""1"": 231.401, ""2"": 96.711, ""3"": 146.202, ""4"": 89.722, ""5"": 186.797, ""6"": 236.594}"
4.65,AUTO,39.088,253.236,-117.76,12.489,12.489,12.489,92.0,24.0,24.0,0.0,64.4,,,,,,,,,,,,,26.552,88.777,26.552,False,MANEUVERING,MANEUVERING,,,flexible_commitment_kept,5,29.20050000102492,False,0,CLOCKWISE,{},"{""1"": 231.603, ""2"": 97.217, ""3"": 146.761, ""4"": 88.777, ""5"": 185.921, ""6"": 236.034}"
4.7,AUTO,38.549,252.164,-116.693,12.489,12.489,12.489,92.0,24.0,24.0,0.0,64.4,,,,,,,,,,,,,26.115,87.826,26.115,False,MANEUVERING,MANEUVERING,,,flexible_commitment_kept,5,29.20050000102492,False,0,CLOCKWISE,{},"{""1"": 231.787, ""2"": 97.715, ""3"": 147.309, ""4"": 87.826, ""5"": 185.036, ""6"": 235.461}"
4.75,AUTO,38.037,251.079,-115.24,16.989,24.978,24.978,92.0,24.0,24.0,0.0,32.2,,,,,,,,,,,,,25.749,86.869,25.749,False,MANEUVERING,MANEUVERING,,,flexible_commitment_switched,5,29.0966250031488,False,0,CLOCKWISE,{},"{""1"": 231.946, ""2"": 98.247, ""3"": 147.885, ""4"": 86.869, ""5"": 184.13, ""6"": 234.825}"
4.8,AUTO,37.56,249.977,-113.403,21.489,24.978,24.978,92.0,24.0,24.0,0.0,32.2,,,,,,,,,,,,,25.467,85.907,25.467,False,MANEUVERING,MANEUVERING,,,flexible_commitment_switched,5,29.0966250031488,False,0,CLOCKWISE,{},"{""1"": 231.964, ""2"": 98.811, ""3"": 148.486, ""4"": 85.907, ""5"": 183.205, ""6"": 234.123}"
4.85,AUTO,37.125,248.859,-111.268,24.978,24.978,24.978,92.0,24.0,24.0,0.0,32.2,,,,,,,,,,,,,25.275,84.943,25.275,False,MANEUVERING,MANEUVERING,,,flexible_commitment_switched,5,29.0966250031488,False,0,CLOCKWISE,{},"{""1"": 231.719, ""2"": 99.391, ""3"": 149.101, ""4"": 84.943, ""5"": 182.265, ""6"": 233.366}"
4.9,AUTO,36.732,247.725,-109.133,24.978,24.978,24.978,92.0,24.0,24.0,0.0,32.2,,,,,,,,,,,,,25.141,83.976,25.141,False,MANEUVERING,MANEUVERING,,,flexible_commitment_switched,5,29.0966250031488,False,0,CLOCKWISE,{},"{""1"": 231.291, ""2"": 99.949, ""3"": 149.692, ""4"": 83.976, ""5"": 181.316, ""6"": 232.588}"
4.95,AUTO,36.381,246.578,-106.998,24.978,24.978,24.978,92.0,24.0,24.0,0.0,32.2,,,,,,,,,,,,,25.065,83.005,25.065,False,MANEUVERING,MANEUVERING,,,flexible_commitment_switched,5,29.0966250031488,False,0,CLOCKWISE,{},"{""1"": 230.834, ""2"": 100.484, ""3"": 150.258, ""4"": 83.005, ""5"": 180.36, ""6"": 231.791}"
5.0,AUTO,36.073,245.418,-104.862,24.978,24.978,24.978,92.0,24.0,24.0,0.0,32.2,,,,,,,,,,,,,25.048,82.032,25.048,False,MANEUVERING,MANEUVERING,,,flexible_commitment_switched,5,29.0966250031488,False,0,CLOCKWISE,{},"{""1"": 230.348, ""2"": 100.996, ""3"": 150.799, ""4"": 82.032, ""5"": 179.398, ""6"": 230.975}"
5.05,AUTO,35.801,244.249,-103.112,20.478,12.489,12.489,92.0,24.0,24.0,0.0,64.4,,,,,,,,,,,,,25.026,81.039,25.026,False,MANEUVERING,MANEUVERING,,,flexible_commitment_switched,5,52.559999996447004,False,0,CLOCKWISE,{},"{""1"": 229.905, ""2"": 101.428, ""3"": 151.262, ""4"": 81.039, ""5"": 178.423, ""6"": 230.172}"
5.1,AUTO,35.557,243.074,-101.746,15.978,12.489,12.489,92.0,24.0,24.0,0.0,64.4,,,,,,,,,,,,,24.984,80.021,24.984,False,MANEUVERING,MANEUVERING,,,flexible_commitment_switched,5,52.559999996447004,False,0,CLOCKWISE,{},"{""1"": 229.508, ""2"": 101.785, ""3"": 151.649, ""4"": 80.021, ""5"": 177.432, ""6"": 229.385}"
5.15,AUTO,35.334,241.895,-100.678,12.489,12.489,12.489,92.0,24.0,24.0,0.0,64.4,,,,,,,,,,,,,24.924,78.981,24.924,False,MANEUVERING,MANEUVERING,,,flexible_commitment_switched,5,52.559999996447004,False,0,CLOCKWISE,{},"{""1"": 229.145, ""2"": 102.085, ""3"": 151.976, ""4"": 78.981, ""5"": 176.425, ""6"": 228.606}"
5.2,AUTO,35.134,240.712,-99.611,12.489,12.489,12.489,92.0,24.0,24.0,0.0,64.4,,,,,,,,,,,,,24.889,77.938,24.889,False,MANEUVERING,MANEUVERING,,,flexible_commitment_switched,5,52.559999996447004,False,0,CLOCKWISE,{},"{""1"": 228.769, ""2"": 102.375, ""3"": 152.292, ""4"": 77.938, ""5"": 175.412, ""6"": 227.815}"
5.25,AUTO,34.956,239.525,-98.543,12.489,12.489,12.489,92.0,24.0,24.0,0.0,64.4,,,,,,,,,,,,,24.88,76.891,24.88,False,MANEUVERING,MANEUVERING,,,flexible_commitment_switched,5,52.559999996447004,False,0,CLOCKWISE,{},"{""1"": 228.378, ""2"": 102.657, ""3"": 152.595, ""4"": 76.891, ""5"": 174.394, ""6"": 227.014}"
5.3,AUTO,34.799,238.336,-97.475,12.489,12.489,12.489,92.0,24.0,24.0,0.0,64.4,,,,,,,,,,,,,24.897,75.843,24.897,False,MANEUVERING,MANEUVERING,,,flexible_commitment_switched,5,52.559999996447004,False,0,CLOCKWISE,{},"{""1"": 227.973, ""2"": 102.929, ""3"": 152.886, ""4"": 75.843, ""5"": 173.372, ""6"": 226.203}"
5.35,AUTO,34.666,237.143,-96.408,12.489,12.489,12.489,92.0,24.0,24.0,0.0,64.4,,,,,,,,,,,,,24.939,74.791,24.939,False,MANEUVERING,MANEUVERING,,,flexible_commitment_switched,5,52.75154200353427,False,0,CLOCKWISE,{},"{""1"": 227.555, ""2"": 103.193, ""3"": 153.165, ""4"": 74.791, ""5"": 172.344, ""6"": 225.38}"
5.4,AUTO,34.554,235.948,-95.34,12.489,12.489,12.489,92.0,24.0,24.0,0.0,64.4,,,,,,,,,,,,,25.007,73.738,25.007,False,MANEUVERING,MANEUVERING,,,flexible_commitment_switched,5,52.75154200353427,False,0,CLOCKWISE,{},"{""1"": 227.122, ""2"": 103.448, ""3"": 153.432, ""4"": 73.738, ""5"": 171.313, ""6"": 224.548}"
5.45,AUTO,34.464,234.752,-94.272,12.489,12.489,12.489,92.0,24.0,24.0,0.0,64.4,,,,,,,,,,,,,25.101,72.683,25.101,False,MANEUVERING,MANEUVERING,,,flexible_commitment_switched,5,52.75154200353427,False,0,CLOCKWISE,{},"{""1"": 226.675, ""2"": 103.694, ""3"": 153.687, ""4"": 72.683, ""5"": 170.277, ""6"": 223.705}"
5.5,AUTO,34.397,233.553,-93.205,12.489,12.489,12.489,92.0,24.0,24.0,0.0,64.4,,,,,,,,,,,,,25.22,71.626,25.22,False,MANEUVERING,MANEUVERING,,,flexible_commitment_switched,5,52.75154200353427,False,0,CLOCKWISE,{},"{""1"": 226.215, ""2"": 103.931, ""3"": 153.929, ""4"": 71.626, ""5"": 169.238, ""6"": 222.852}"
5.55,AUTO,34.353,232.354,-92.137,12.489,12.489,12.489,92.0,24.0,24.0,0.0,64.4,,,,,,,,,,,,,25.364,70.567,25.364,False,MANEUVERING,MANEUVERING,,,flexible_commitment_switched,5,52.75154200353427,False,0,CLOCKWISE,{},"{""1"": 225.741, ""2"": 104.159, ""3"": 154.159, ""4"": 70.567, ""5"": 168.195, ""6"": 221.989}"
5.6,AUTO,34.33,231.154,-91.07,12.489,12.489,12.489,92.0,24.0,24.0,0.0,64.4,,,,,,,,,,,,,25.534,69.508,25.534,False,MANEUVERING,MANEUVERING,,,flexible_commitment_switched,5,52.75154200353427,False,0,CLOCKWISE,{},"{""1"": 225.253, ""2"": 104.374, ""3"": 154.374, ""4"": 69.508, ""5"": 167.148, ""6"": 221.116}"
5.65,AUTO,34.322,229.955,-90.387,7.989,0.0,0.0,92.0,24.0,24.0,0.0,,,,,,,,,,,,,,25.651,68.409,25.651,False,MANEUVERING,MANEUVERING,,,flexible_commitment_switched,5,52.64754100062419,False,0,CLOCKWISE,{},"{""1"": 224.81, ""2"": 104.507, ""3"": 154.507, ""4"": 68.409, ""5"": 166.071, ""6"": 220.249}"
5.7,AUTO,34.32,228.755,-90.088,3.489,0.0,0.0,92.0,24.0,24.0,0.0,,,,,,,,,,,,,,25.704,67.269,25.704,False,MANEUVERING,MANEUVERING,,,flexible_commitment_switched,5,52.64754100062419,False,0,CLOCKWISE,{},"{""1"": 224.418, ""2"": 104.563, ""3"": 154.563, ""4"": 67.269, ""5"": 164.963, ""6"": 219.39}"
5.75,AUTO,34.318,227.555,-90.088,0.0,0.0,0.0,92.0,24.0,24.0,0.0,,,,,,,,,,,,,,25.702,66.098,25.702,False,MANEUVERING,MANEUVERING,,,flexible_commitment_switched,5,52.64754100062419,False,0,CLOCKWISE,{},"{""1"": 224.072, ""2"": 104.565, ""3"": 154.565, ""4"": 66.098, ""5"": 163.832, ""6"": 218.541}"
5.8,AUTO,34.317,226.355,-90.088,0.0,0.0,0.0,92.0,24.0,24.0,0.0,,,,,,,,,,,,,,25.7,64.929,25.7,False,MANEUVERING,MANEUVERING,,,flexible_commitment_switched,5,52.64754100062419,False,0,CLOCKWISE,{},"{""1"": 223.731, ""2"": 104.569, ""3"": 154.568, ""4"": 64.929, ""5"": 162.701, ""6"": 217.696}"
5.85,AUTO,34.315,225.155,-90.088,0.0,0.0,0.0,92.0,24.0,24.0,0.0,,,,,,,,,,,,,,25.698,63.761,25.698,False,MANEUVERING,MANEUVERING,,,flexible_commitment_switched,5,52.64754100062419,False,0,CLOCKWISE,{},"{""1"": 223.397, ""2"": 104.584, ""3"": 154.579, ""4"": 63.761, ""5"": 161.572, ""6"": 216.854}"
5.9,AUTO,34.313,223.955,-90.088,0.0,0.0,0.0,92.0,24.0,24.0,0.0,,,,,,,,,,,,,,25.697,62.594,25.697,False,MANEUVERING,MANEUVERING,,,flexible_commitment_switched,5,52.64754100062419,False,0,CLOCKWISE,{},"{""1"": 223.068, ""2"": 104.613, ""3"": 154.6, ""4"": 62.594, ""5"": 160.444, ""6"": 216.016}"
5.95,AUTO,34.311,222.755,-90.088,0.0,0.0,0.0,92.0,24.0,24.0,0.0,,,,,,,,,,,,,,25.695,61.428,25.695,False,FOLLOW,FOLLOW,,,flexible_commitment_kept,5,52.449875001912005,False,0,CLOCKWISE,{},"{""1"": 222.745, ""2"": 104.656, ""3"": 154.629, ""4"": 61.428, ""5"": 159.316, ""6"": 215.181}"
6.0,AUTO,34.309,221.555,-90.088,0.0,0.0,0.0,92.0,24.0,24.0,0.0,,,,,,,,,,,,,,25.693,60.263,25.693,False,FOLLOW,FOLLOW,,,flexible_commitment_kept,5,52.449875001912005,False,0,CLOCKWISE,{},"{""1"": 222.429, ""2"": 104.713, ""3"": 154.668, ""4"": 60.263, ""5"": 158.19, ""6"": 214.349}"
6.05,AUTO,34.307,220.355,-90.088,0.0,0.0,0.0,92.0,24.0,24.0,0.0,,,,,,,,,,,,,,25.691,59.1,25.691,False,FOLLOW,FOLLOW,,,flexible_commitment_kept,5,52.449875001912005,False,0,CLOCKWISE,{},"{""1"": 222.118, ""2"": 104.783, ""3"": 154.717, ""4"": 59.1, ""5"": 157.065, ""6"": 213.521}"
6.1,AUTO,34.305,219.155,-90.088,0.0,0.0,0.0,92.0,24.0,24.0,0.0,,,,,,,,,,,,,,25.689,57.939,25.689,False,FOLLOW,FOLLOW,,,flexible_commitment_kept,5,52.449875001912005,False,0,CLOCKWISE,{},"{""1"": 221.814, ""2"": 104.868, ""3"": 154.774, ""4"": 57.939, ""5"": 155.941, ""6"": 212.697}"
6.15,AUTO,34.304,217.955,-90.088,0.0,0.0,0.0,92.0,24.0,24.0,0.0,,,,,,,,,,,,,,25.687,56.779,25.687,False,FOLLOW,FOLLOW,,,flexible_commitment_kept,5,52.449875001912005,False,0,CLOCKWISE,{},"{""1"": 221.515, ""2"": 104.965, ""3"": 154.841, ""4"": 56.779, ""5"": 154.819, ""6"": 211.876}"
6.2,AUTO,34.302,216.755,-90.088,0.0,0.0,0.0,92.0,24.0,24.0,0.0,,,,,,,,,,,,,,25.685,55.621,25.685,False,FOLLOW,FOLLOW,,,flexible_commitment_kept,5,52.449875001912005,False,0,CLOCKWISE,{},"{""1"": 221.223, ""2"": 105.077, ""3"": 154.917, ""4"": 55.621, ""5"": 153.697, ""6"": 211.058}"
6.25,AUTO,34.3,215.555,-90.088,0.0,0.0,0.0,92.0,24.0,24.0,0.0,,,,,,,,,,,,,,25.684,54.464,25.684,False,MANEUVERING,MANEUVERING,,,flexible_commitment_switched,5,52.246415994886775,False,0,CLOCKWISE,{},"{""1"": 220.936, ""2"": 105.202, ""3"": 155.002, ""4"": 54.464, ""5"": 152.577, ""6"": 210.245}"
6.3,AUTO,34.298,214.355,-90.088,0.0,0.0,0.0,92.0,24.0,24.0,0.0,,,,,,,,,,,,,,25.682,53.31,25.682,False,MANEUVERING,MANEUVERING,,,flexible_commitment_switched,5,52.246415994886775,False,0,CLOCKWISE,{},"{""1"": 220.656, ""2"": 105.34, ""3"": 155.097, ""4"": 53.31, ""5"": 151.457, ""6"": 209.435}"
6.35,AUTO,34.296,213.155,-90.088,0.0,0.0,0.0,92.0,24.0,24.0,0.0,,,,,,,,,,,,,,25.68,52.157,25.68,False,MANEUVERING,MANEUVERING,,,flexible_commitment_switched,5,52.246415994886775,False,0,CLOCKWISE,{},"{""1"": 220.382, ""2"": 105.492, ""3"": 155.201, ""4"": 52.157, ""5"": 150.339, ""6"": 208.629}"
6.4,AUTO,34.294,211.955,-90.088,0.0,0.0,0.0,92.0,24.0,24.0,0.0,,,,,,,,,,,,,,25.678,51.007,25.678,False,MANEUVERING,MANEUVERING,,,flexible_commitment_switched,5,52.246415994886775,False,0,CLOCKWISE,{},"{""1"": 220.115, ""2"": 105.657, ""3"": 155.314, ""4"": 51.007, ""5"": 149.223, ""6"": 207.826}"
6.45,AUTO,34.292,210.755,-90.088,0.0,0.0,0.0,92.0,24.0,24.0,0.0,,,,,,,,,,,,,,25.676,49.859,25.676,False,MANEUVERING,MANEUVERING,,,flexible_commitment_switched,5,52.246415994886775,False,0,CLOCKWISE,{},"{""1"": 219.853, ""2"": 105.836, ""3"": 155.436, ""4"": 49.859, ""5"": 148.107, ""6"": 207.028}"
6.5,AUTO,34.291,209.555,-90.088,0.0,0.0,0.0,92.0,24.0,24.0,0.0,,,,,,,,,,,,,,25.674,48.714,25.674,False,MANEUVERING,MANEUVERING,,,flexible_commitment_switched,5,52.246415994886775,False,0,CLOCKWISE,{},"{""1"": 219.598, ""2"": 106.028, ""3"": 155.567, ""4"": 48.714, ""5"": 146.993, ""6"": 206.233}"
6.55,AUTO,34.289,208.355,-90.088,0.0,0.0,0.0,92.0,24.0,24.0,0.0,,,,,,,,,,,,,,25.672,47.571,25.672,False,FOLLOW,FOLLOW,,,flexible_commitment_kept,5,52.65279200102668,False,0,CLOCKWISE,{},"{""1"": 219.349, ""2"": 106.233, ""3"": 155.708, ""4"": 47.571, ""5"": 145.881, ""6"": 205.443}"
6.6,AUTO,34.287,207.155,-90.088,0.0,0.0,0.0,92.0,24.0,24.0,0.0,,,,,,,,,,,,,,25.671,46.431,25.671,False,FOLLOW,FOLLOW,,,flexible_commitment_kept,5,52.65279200102668,False,0,CLOCKWISE,{},"{""1"": 219.106, ""2"": 106.451, ""3"": 155.857, ""4"": 46.431, ""5"": 144.769, ""6"": 204.656}"
6.65,AUTO,34.285,205.955,-90.088,0.0,0.0,0.0,92.0,24.0,24.0,0.0,,,,,,,,,,,,,,25.669,45.295,25.669,False,FOLLOW,FOLLOW,,,flexible_commitment_kept,5,52.65279200102668,False,0,CLOCKWISE,{},"{""1"": 218.87, ""2"": 106.683, ""3"": 156.016, ""4"": 45.295, ""5"": 143.659, ""6"": 203.873}"
6.7,AUTO,34.283,204.755,-90.088,0.0,0.0,0.0,92.0,24.0,24.0,0.0,,,,,,,,,,,,,,25.667,44.161,25.667,False,FOLLOW,FOLLOW,,,flexible_commitment_kept,5,52.65279200102668,False,0,CLOCKWISE,{},"{""1"": 218.64, ""2"": 106.927, ""3"": 156.184, ""4"": 44.161, ""5"": 142.551, ""6"": 203.095}"
6.75,AUTO,34.281,203.555,-90.088,0.0,0.0,0.0,92.0,24.0,24.0,0.0,,,,,,,,,,,,,,25.665,43.031,25.665,False,FOLLOW,FOLLOW,,,flexible_commitment_kept,5,52.65279200102668,False,0,CLOCKWISE,{},"{""1"": 218.416, ""2"": 107.184, ""3"": 156.361, ""4"": 43.031, ""5"": 141.444, ""6"": 202.32}"
6.8,AUTO,34.28,202.355,-90.088,0.0,0.0,0.0,92.0,24.0,24.0,0.0,,,,,,,,,,,,,,25.663,41.906,25.663,False,FOLLOW,FOLLOW,,,flexible_commitment_kept,5,52.65279200102668,False,0,CLOCKWISE,{},"{""1"": 218.199, ""2"": 107.454, ""3"": 156.547, ""4"": 41.906, ""5"": 140.339, ""6"": 201.55}"
6.85,AUTO,34.27,201.155,-90.463,-4.5,-9.615,-9.615,92.0,24.0,24.0,0.0,86.0,,,,,,,,,,,,,25.585,40.76,25.585,False,MANEUVERING,MANEUVERING,,,flexible_commitment_switched,5,52.96937499952037,False,0,CLOCKWISE,{},"{""1"": 218.054, ""2"": 107.691, ""3"": 156.69, ""4"": 40.76, ""5"": 139.214, ""6"": 200.808}"
6.9,AUTO,34.244,199.955,-91.211,-9.0,-9.615,-9.615,92.0,24.0,24.0,0.0,86.0,,,,,,,,,,,,,25.423,39.603,25.423,False,MANEUVERING,MANEUVERING,,,flexible_commitment_switched,5,52.96937499952037,False,0,CLOCKWISE,{},"{""1"": 217.993, ""2"": 107.906, ""3"": 156.803, ""4"": 39.603, ""5"": 138.076, ""6"": 200.103}"
6.95,AUTO,34.202,198.756,-92.01,-9.615,-9.615,-9.615,92.0,24.0,24.0,0.0,86.0,,,,,,,,,,,,,25.237,38.462,25.237,False,MANEUVERING,MANEUVERING,,,flexible_commitment_switched,5,52.96937499952037,False,0,CLOCKWISE,{},"{""1"": 217.965, ""2"": 108.149, ""3"": 156.937, ""4"": 38.462, ""5"": 136.948, ""6"": 199.423}"
7.0,AUTO,34.144,197.557,-92.81,-9.615,-9.615,-9.615,92.0,24.0,24.0,0.0,86.0,,,,,,,,,,,,,25.035,37.345,25.035,False,MANEUVERING,MANEUVERING,,,flexible_commitment_switched,5,52.96937499952037,False,0,CLOCKWISE,{},"{""1"": 217.965, ""2"": 108.425, ""3"": 157.101, ""4"": 37.345, ""5"": 135.833, ""6"": 198.765}"
7.05,AUTO,34.068,196.359,-93.609,-9.615,-9.615,-9.615,92.0,24.0,24.0,0.0,86.0,,,,,,,,,,,,,24.819,36.252,24.819,False,MANEUVERING,MANEUVERING,,,flexible_commitment_switched,5,52.96937499952037,False,0,CLOCKWISE,{},"{""1"": 217.991, ""2"": 108.734, ""3"": 157.294, ""4"": 36.252, ""5"": 134.733, ""6"": 198.131}"
7.1,AUTO,33.976,195.163,-94.409,-9.615,-9.615,-9.615,92.0,24.0,24.0,0.0,86.0,,,,,,,,,,,,,24.588,35.186,24.588,False,MANEUVERING,MANEUVERING,,,flexible_commitment_switched,5,52.96937499952037,False,0,CLOCKWISE,{},"{""1"": 218.044, ""2"": 109.077, ""3"": 157.516, ""4"": 35.186, ""5"": 133.647, ""6"": 197.52}"
7.15,AUTO,33.875,193.967,-94.834,-5.115,0.0,0.0,92.0,24.0,24.0,0.0,,,,,,,,,,,,,,24.414,34.156,24.414,False,MANEUVERING,MANEUVERING,,,flexible_commitment_switched,5,52.61899999459274,False,0,CLOCKWISE,{},"{""1"": 218.049, ""2"": 109.487, ""3"": 157.809, ""4"": 34.156, ""5"": 132.587, ""6"": 196.898}"
7.2,AUTO,33.772,192.772,-94.885,-0.615,0.0,0.0,92.0,24.0,24.0,0.0,,,,,,,,,,,,,,24.303,33.152,24.303,False,MANEUVERING,MANEUVERING,,,flexible_commitment_switched,5,52.61899999459274,False,0,CLOCKWISE,{},"{""1"": 217.997, ""2"": 109.952, ""3"": 158.162, ""4"": 33.152, ""5"": 131.546, ""6"": 196.255}"
7.25,AUTO,33.67,191.576,-94.885,0.0,0.0,0.0,92.0,24.0,24.0,0.0,,,,,,,,,,,,,,24.201,32.162,24.201,False,MANEUVERING,MANEUVERING,,,flexible_commitment_switched,5,52.61899999459274,False,0,CLOCKWISE,{},"{""1"": 217.943, ""2"": 110.434, ""3"": 158.53, ""4"": 32.162, ""5"": 130.509, ""6"": 195.614}"
7.3,AUTO,33.568,190.38,-94.885,0.0,0.0,0.0,92.0,24.0,24.0,0.0,,,,,,,,,,,,,,24.099,31.188,24.099,False,MANEUVERING,MANEUVERING,,,flexible_commitment_switched,5,52.61899999459274,False,0,CLOCKWISE,{},"{""1"": 217.895, ""2"": 110.927, ""3"": 158.906, ""4"": 31.188, ""5"": 129.475, ""6"": 194.978}"
7.35,AUTO,33.466,189.185,-94.885,0.0,0.0,0.0,92.0,24.0,24.0,0.0,,,,,,,,,,,,,,23.997,30.229,23.997,False,MANEUVERING,MANEUVERING,,,flexible_commitment_switched,5,52.61899999459274,False,0,CLOCKWISE,{},"{""1"": 217.854, ""2"": 111.431, ""3"": 159.29, ""4"": 30.229, ""5"": 128.444, ""6"": 194.348}"
7.4,AUTO,33.364,187.989,-94.885,0.0,0.0,0.0,92.0,24.0,24.0,0.0,,,,,,,,,,,,,,23.894,29.288,23.894,False,MANEUVERING,MANEUVERING,,,flexible_commitment_switched,5,52.61899999459274,False,0,CLOCKWISE,{},"{""1"": 217.819, ""2"": 111.946, ""3"": 159.683, ""4"": 29.288, ""5"": 127.416, ""6"": 193.723}"
7.45,AUTO,33.261,186.793,-94.885,0.0,0.0,0.0,92.0,24.0,24.0,0.0,,,,,,,,,,,,,,23.792,28.367,23.792,False,MANEUVERING,MANEUVERING,,,flexible_commitment_switched,5,42.90170800231863,False,0,CLOCKWISE,{},"{""1"": 217.791, ""2"": 112.47, ""3"": 160.083, ""4"": 28.367, ""5"": 126.391, ""6"": 193.103}"
7.5,AUTO,33.159,185.598,-94.885,0.0,0.0,0.0,92.0,24.0,24.0,0.0,,,,,,,,,,,,,,23.69,27.468,23.69,False,MANEUVERING,MANEUVERING,,,flexible_commitment_switched,5,42.90170800231863,False,0,CLOCKWISE,{},"{""1"": 217.769, ""2"": 113.006, ""3"": 160.491, ""4"": 27.468, ""5"": 125.369, ""6"": 192.489}"
7.55,AUTO,33.057,184.402,-94.885,0.0,0.0,0.0,92.0,24.0,24.0,0.0,,,,,,,,,,,,,,23.588,26.592,23.588,False,MANEUVERING,MANEUVERING,,,flexible_commitment_switched,5,42.90170800231863,False,0,CLOCKWISE,{},"{""1"": 217.754, ""2"": 113.551, ""3"": 160.907, ""4"": 26.592, ""5"": 124.351, ""6"": 191.88}"
7.6,AUTO,32.955,183.206,-94.885,0.0,0.0,0.0,92.0,24.0,24.0,0.0,,,,,,,,,,,,,,23.486,25.742,23.486,False,MANEUVERING,MANEUVERING,,,flexible_commitment_switched,5,42.90170800231863,False,0,CLOCKWISE,{},"{""1"": 217.746, ""2"": 114.106, ""3"": 161.331, ""4"": 25.742, ""5"": 123.335, ""6"": 191.277}"
7.65,AUTO,32.853,182.011,-94.885,0.0,0.0,0.0,92.0,24.0,24.0,0.0,,,,,,,,,,,,,,23.383,24.921,23.383,False,MANEUVERING,MANEUVERING,,,flexible_commitment_switched,5,42.90170800231863,False,0,CLOCKWISE,{},"{""1"": 217.744, ""2"": 114.671, ""3"": 161.763, ""4"": 24.921, ""5"": 122.323, ""6"": 190.68}"
7.7,AUTO,32.751,180.815,-94.885,0.0,0.0,0.0,92.0,24.0,24.0,0.0,,,,,,,,,,,,,,23.281,24.132,23.281,False,MANEUVERING,MANEUVERING,,,flexible_commitment_switched,5,42.90170800231863,False,0,CLOCKWISE,{},"{""1"": 217.744, ""2"": 115.246, ""3"": 162.203, ""4"": 24.132, ""5"": 121.314, ""6"": 190.088}"
7.75,AUTO,32.648,179.62,-94.885,0.0,0.0,0.0,92.0,24.0,24.0,0.0,,,,,,,,,,,,,,23.179,23.378,23.179,False,MANEUVERING,MANEUVERING,,,flexible_commitment_switched,5,44.915708000189625,False,0,CLOCKWISE,{},"{""1"": 217.744, ""2"": 115.831, ""3"": 162.65, ""4"": 23.378, ""5"": 120.309, ""6"": 189.502}"
7.8,AUTO,32.546,178.424,-94.885,0.0,0.0,0.0,92.0,24.0,24.0,0.0,,,,,,,,,,,,,,22.662,22.662,23.077,False,MANEUVERING,MANEUVERING,,,flexible_commitment_switched,5,44.915708000189625,False,0,CLOCKWISE,{},"{""1"": 217.744, ""2"": 116.425, ""3"": 163.105, ""4"": 22.662, ""5"": 119.308, ""6"": 188.922}"
7.85,AUTO,32.444,177.228,-94.885,0.0,0.0,0.0,92.0,24.0,24.0,0.0,,,,,,,,,,,,,,21.988,21.988,22.975,False,MANEUVERING,MANEUVERING,,,flexible_commitment_switched,5,44.915708000189625,False,0,CLOCKWISE,{},"{""1"": 217.744, ""2"": 117.028, ""3"": 163.567, ""4"": 21.988, ""5"": 118.31, ""6"": 188.347}"
7.9,AUTO,32.342,176.033,-94.885,0.0,0.0,0.0,92.0,24.0,24.0,0.0,,,,,,,,,,,,,,21.361,21.361,22.872,False,MANEUVERING,MANEUVERING,,,flexible_commitment_switched,5,44.915708000189625,False,0,CLOCKWISE,{},"{""1"": 217.744, ""2"": 117.64, ""3"": 164.037, ""4"": 21.361, ""5"": 117.316, ""6"": 187.779}"
7.95,AUTO,32.24,174.837,-94.885,0.0,0.0,0.0,92.0,24.0,24.0,0.0,,,,,,,,,,,,,,20.784,20.784,22.77,False,MANEUVERING,MANEUVERING,,,flexible_commitment_switched,5,44.915708000189625,False,0,CLOCKWISE,{},"{""1"": 217.744, ""2"": 118.262, ""3"": 164.514, ""4"": 20.784, ""5"": 116.325, ""6"": 187.217}"
8.0,AUTO,32.137,173.641,-94.885,0.0,0.0,0.0,92.0,24.0,24.0,0.0,,,,,,,,,,,,,,20.262,20.262,22.668,False,MANEUVERING,MANEUVERING,,,flexible_commitment_switched,5,44.915708000189625,False,0,CLOCKWISE,{},"{""1"": 217.744, ""2"": 118.892, ""3"": 164.999, ""4"": 20.262, ""5"": 115.339, ""6"": 186.66}"
8.05,AUTO,32.035,172.446,-94.885,0.0,0.0,0.0,92.0,24.0,24.0,0.0,,,,,,,,,,,,,,19.799,19.799,22.566,False,MANEUVERING,MANEUVERING,,,flexible_commitment_switched,5,44.542292002006434,False,0,CLOCKWISE,{},"{""1"": 217.744, ""2"": 119.531, ""3"": 165.491, ""4"": 19.799, ""5"": 114.357, ""6"": 186.11}"
8.1,AUTO,31.933,171.25,-94.885,0.0,0.0,0.0,92.0,24.0,24.0,0.0,,,,,,,,,,,,,,19.399,19.399,22.464,False,MANEUVERING,MANEUVERING,,,flexible_commitment_switched,5,44.542292002006434,False,0,CLOCKWISE,{},"{""1"": 217.744, ""2"": 120.178, ""3"": 165.99, ""4"": 19.399, ""5"": 113.379, ""6"": 185.566}"
8.15,AUTO,31.831,170.054,-94.885,0.0,0.0,0.0,92.0,24.0,24.0,0.0,,,,,,,,,,,,,,19.067,19.067,22.361,False,MANEUVERING,MANEUVERING,,,flexible_commitment_switched,5,44.542292002006434,False,0,CLOCKWISE,{},"{""1"": 217.744, ""2"": 120.834, ""3"": 166.496, ""4"": 19.067, ""5"": 112.406, ""6"": 185.028}"
8.2,AUTO,31.729,168.859,-94.885,0.0,0.0,0.0,92.0,24.0,24.0,0.0,,,,,,,,,,,,,,18.805,18.805,22.259,False,MANEUVERING,MANEUVERING,,,flexible_commitment_switched,5,44.542292002006434,False,0,CLOCKWISE,{},"{""1"": 217.744, ""2"": 121.499, ""3"": 167.009, ""4"": 18.805, ""5"": 111.436, ""6"": 184.496}"
8.25,AUTO,31.626,167.663,-94.885,0.0,0.0,0.0,92.0,24.0,24.0,0.0,,,,,,,,,,,,,,18.617,18.617,22.157,False,MANEUVERING,MANEUVERING,,,flexible_commitment_switched,5,44.542292002006434,False,0,CLOCKWISE,{},"{""1"": 217.744, ""2"": 122.171, ""3"": 167.53, ""4"": 18.617, ""5"": 110.472, ""6"": 183.97}"
8.3,AUTO,31.524,166.468,-94.885,0.0,0.0,0.0,92.0,24.0,24.0,0.0,,,,,,,,,,,,,,18.505,18.505,22.055,False,MANEUVERING,MANEUVERING,,,flexible_commitment_switched,5,44.542292002006434,False,0,CLOCKWISE,{},"{""1"": 217.744, ""2"": 122.852, ""3"": 168.057, ""4"": 18.505, ""5"": 109.512, ""6"": 183.451}"
8.35,AUTO,31.422,165.272,-94.885,0.0,0.0,0.0,92.0,24.0,24.0,0.0,,,,,,,,,,,,,,18.471,18.471,21.953,False,MANEUVERING,MANEUVERING,,,flexible_commitment_switched,5,44.54187500232365,False,0,CLOCKWISE,{},"{""1"": 217.744, ""2"": 123.54, ""3"": 168.591, ""4"": 18.471, ""5"": 108.556, ""6"": 182.938}"
8.4,AUTO,31.32,164.076,-94.885,0.0,0.0,0.0,92.0,24.0,24.0,0.0,,,,,,,,,,,,,,18.471,18.471,21.85,False,MANEUVERING,MANEUVERING,,,flexible_commitment_switched,5,44.54187500232365,False,0,CLOCKWISE,{},"{""1"": 217.744, ""2"": 124.236, ""3"": 169.132, ""4"": 18.471, ""5"": 107.606, ""6"": 182.432}"
8.45,AUTO,31.218,162.881,-94.885,0.0,0.0,0.0,92.0,24.0,24.0,0.0,,,,,,,,,,,,,,18.471,18.471,21.748,False,MANEUVERING,MANEUVERING,,,flexible_commitment_switched,5,44.54187500232365,False,0,CLOCKWISE,{},"{""1"": 217.744, ""2"": 124.94, ""3"": 169.68, ""4"": 18.471, ""5"": 106.661, ""6"": 181.932}"
8.5,AUTO,31.115,161.685,-94.885,0.0,0.0,0.0,92.0,24.0,24.0,0.0,,,,,,,,,,,,,,18.471,18.471,21.646,False,MANEUVERING,MANEUVERING,,,flexible_commitment_switched,5,44.54187500232365,False,0,CLOCKWISE,{},"{""1"": 217.744, ""2"": 125.652, ""3"": 170.235, ""4"": 18.471, ""5"": 105.721, ""6"": 181.439}"
8.55,AUTO,31.013,160.489,-94.885,0.0,0.0,0.0,92.0,24.0,24.0,0.0,,,,,,,,,,,,,,18.471,18.471,21.544,False,MANEUVERING,MANEUVERING,,,flexible_commitment_switched,5,44.54187500232365,False,0,CLOCKWISE,{},"{""1"": 217.746, ""2"": 126.37, ""3"": 170.796, ""4"": 18.471, ""5"": 104.786, ""6"": 180.952}"
8.6,AUTO,30.911,159.294,-94.885,0.0,0.0,0.0,92.0,24.0,24.0,0.0,,,,,,,,,,,,,,18.471,18.471,21.442,False,MANEUVERING,MANEUVERING,,,flexible_commitment_switched,5,44.54187500232365,False,0,CLOCKWISE,{},"{""1"": 217.753, ""2"": 127.096, ""3"": 171.363, ""4"": 18.471, ""5"": 103.856, ""6"": 180.472}"
8.65,AUTO,30.817,158.097,-94.501,4.5,12.489,12.489,92.0,24.0,24.0,0.0,64.4,,,,,,,,,,,,,18.44,18.44,21.414,False,MANEUVERING,MANEUVERING,,,flexible_commitment_switched,5,44.89820799790323,False,0,CLOCKWISE,{},"{""1"": 217.829, ""2"": 127.844, ""3"": 171.965, ""4"": 18.44, ""5"": 102.927, ""6"": 179.949}"
8.7,AUTO,30.739,156.9,-93.731,9.0,12.489,12.489,92.0,24.0,24.0,0.0,64.4,,,,,,,,,,,,,18.391,18.391,21.469,False,MANEUVERING,MANEUVERING,,,flexible_commitment_switched,5,44.89820799790323,False,0,CLOCKWISE,{},"{""1"": 217.967, ""2"": 128.607, ""3"": 172.595, ""4"": 18.391, ""5"": 101.991, ""6"": 179.376}"
8.75,AUTO,30.683,155.701,-92.664,12.489,12.489,12.489,92.0,24.0,24.0,0.0,64.4,,,,,,,,,,,,,18.337,18.337,21.601,False,MANEUVERING,MANEUVERING,,,flexible_commitment_switched,5,44.89820799790323,False,0,CLOCKWISE,{},"{""1"": 218.121, ""2"": 129.377, ""3"": 173.239, ""4"": 18.337, ""5"": 101.049, ""6"": 178.758}"
8.8,AUTO,30.65,154.502,-91.596,12.489,12.489,12.489,92.0,24.0,24.0,0.0,64.4,,,,,,,,,,,,,18.296,18.296,21.758,False,MANEUVERING,MANEUVERING,,,flexible_commitment_switched,5,44.89820799790323,False,0,CLOCKWISE,{},"{""1"": 218.218, ""2"": 130.137, ""3"": 173.872, ""4"": 18.296, ""5"": 100.1, ""6"": 178.128}"
8.85,AUTO,30.639,153.302,-90.528,12.489,12.489,12.489,92.0,24.0,24.0,0.0,64.4,,,,,,,,,,,,,18.268,18.268,21.941,False,MANEUVERING,MANEUVERING,,,flexible_commitment_switched,5,44.89820799790323,False,0,CLOCKWISE,{},"{""1"": 218.259, ""2"": 130.888, ""3"": 174.494, ""4"": 18.268, ""5"": 99.144, ""6"": 177.486}"
8.9,AUTO,30.65,152.102,-89.461,12.489,12.489,12.489,92.0,24.0,24.0,0.0,64.4,,,,,,,,,,,,,18.206,18.206,21.951,False,MANEUVERING,MANEUVERING,,,flexible_commitment_switched,5,44.89820799790323,False,0,CLOCKWISE,{},"{""1"": 218.197, ""2"": 131.629, ""3"": 175.103, ""4"": 18.206, ""5"": 98.182, ""6"": 176.833}"
8.95,AUTO,30.683,150.902,-88.393,12.489,12.489,12.489,92.0,24.0,24.0,0.0,64.4,,,,,,,,,,,,,18.111,18.111,21.79,False,MANEUVERING,MANEUVERING,,,flexible_commitment_switched,5,234.59899999579648,False,0,CLOCKWISE,{},"{""1"": 218.032, ""2"": 132.36, ""3"": 175.701, ""4"": 18.111, ""5"": 97.213, ""6"": 176.168}"
9.0,AUTO,30.739,149.704,-87.325,12.489,12.489,12.489,92.0,24.0,24.0,0.0,64.4,,,,,,,,,,,,,18.029,18.029,21.655,False,MANEUVERING,MANEUVERING,,,flexible_commitment_switched,5,234.59899999579648,False,0,CLOCKWISE,{},"{""1"": 217.822, ""2"": 133.082, ""3"": 176.287, ""4"": 18.029, ""5"": 96.239, ""6"": 175.491}"
9.05,AUTO,30.818,148.506,-86.258,12.489,12.489,12.489,92.0,24.0,24.0,0.0,64.4,,,,,,,,,,,,,17.96,17.96,21.546,False,MANEUVERING,MANEUVERING,,,flexible_commitment_switched,5,234.59899999579648,False,0,CLOCKWISE,{},"{""1"": 217.596, ""2"": 133.794, ""3"": 176.861, ""4"": 17.96, ""5"": 95.259, ""6"": 174.804}"
9.1,AUTO,30.918,147.31,-85.19,12.489,12.489,12.489,92.0,24.0,24.0,0.0,64.4,,,,,,,,,,,,,17.904,17.904,21.462,False,MANEUVERING,MANEUVERING,,,flexible_commitment_switched,5,234.59899999579648,False,0,CLOCKWISE,{},"{""1"": 217.356, ""2"": 134.495, ""3"": 177.423, ""4"": 17.904, ""5"": 94.273, ""6"": 174.104}"
9.15,AUTO,31.041,146.117,-84.123,12.489,12.489,12.489,92.0,24.0,24.0,0.0,64.4,,,,,,,,,,,,,17.861,17.861,21.404,False,MANEUVERING,MANEUVERING,,,flexible_commitment_switched,5,234.59899999579648,False,0,CLOCKWISE,{},"{""1"": 217.101, ""2"": 135.187, ""3"": 177.972, ""4"": 17.861, ""5"": 93.281, ""6"": 173.394}"
9.2,AUTO,31.186,144.925,-83.055,12.489,12.489,12.489,92.0,24.0,24.0,0.0,64.4,,,,,,,,,,,,,17.832,17.832,21.371,False,MANEUVERING,MANEUVERING,,,flexible_commitment_switched,5,234.59899999579648,False,0,CLOCKWISE,{},"{""1"": 216.832, ""2"": 135.868, ""3"": 178.51, ""4"": 17.832, ""5"": 92.284, ""6"": 172.673}"
9.25,AUTO,31.354,143.737,-81.987,12.489,12.489,12.489,92.0,24.0,24.0,0.0,64.4,,,,,,,,,,,,,17.816,17.816,21.364,False,MANEUVERING,MANEUVERING,,,flexible_commitment_switched,5,61.29812500148546,False,0,CLOCKWISE,{},"{""1"": 216.549, ""2"": 136.539, ""3"": 179.034, ""4"": 17.816, ""5"": 91.282, ""6"": 171.941}"
9.3,AUTO,31.543,142.552,-80.92,12.489,12.489,12.489,92.0,24.0,24.0,0.0,64.4,,,,,,,,,,,,,17.813,17.813,21.382,False,MANEUVERING,MANEUVERING,,,flexible_commitment_switched,5,61.29812500148546,False,0,CLOCKWISE,{},"{""1"": 216.252, ""2"": 137.2, ""3"": 179.547, ""4"": 17.813, ""5"": 90.274, ""6"": 171.198}"
9.35,AUTO,31.754,141.371,-79.852,12.489,12.489,12.489,92.0,24.0,24.0,0.0,64.4,,,,,,,,,,,,,17.823,17.823,21.426,False,MANEUVERING,MANEUVERING,,,flexible_commitment_switched,5,61.29812500148546,False,0,CLOCKWISE,{},"{""1"": 215.94, ""2"": 137.85, ""3"": 180.047, ""4"": 17.823, ""5"": 89.262, ""6"": 170.444}"
9.4,AUTO,31.988,140.194,-78.784,12.489,12.489,12.489,92.0,24.0,24.0,0.0,64.4,,,,,,,,,,,,,17.846,17.846,21.495,False,MANEUVERING,MANEUVERING,,,flexible_commitment_switched,5,61.29812500148546,False,0,CLOCKWISE,{},"{""1"": 215.614, ""2"": 138.49, ""3"": 180.534, ""4"": 17.846, ""5"": 88.245, ""6"": 169.68}"
9.45,AUTO,32.243,139.021,-77.717,12.489,12.489,12.489,92.0,24.0,24.0,0.0,64.4,,,,,,,,,,,,,17.882,17.882,21.59,False,MANEUVERING,MANEUVERING,,,flexible_commitment_switched,5,61.29812500148546,False,0,CLOCKWISE,{},"{""1"": 215.275, ""2"": 139.119, ""3"": 181.009, ""4"": 17.882, ""5"": 87.224, ""6"": 168.905}"
9.5,AUTO,32.52,137.854,-76.649,12.489,12.489,12.489,92.0,24.0,24.0,0.0,64.4,,,,,,,,,,,,,17.932,17.932,21.711,False,MANEUVERING,MANEUVERING,,,flexible_commitment_switched,5,61.29812500148546,False,0,CLOCKWISE,{},"{""1"": 214.921, ""2"": 139.737, ""3"": 181.472, ""4"": 17.932, ""5"": 86.198, ""6"": 168.12}"
9.55,AUTO,32.811,136.69,-75.966,7.989,0.0,0.0,92.0,24.0,24.0,0.0,,,,,,,,,,,,,,17.973,17.973,21.904,False,MANEUVERING,MANEUVERING,,,flexible_commitment_switched,5,60.63445800100453,False,0,CLOCKWISE,{},"{""1"": 214.622, ""2"": 140.312, ""3"": 181.875, ""4"": 17.973, ""5"": 85.15, ""6"": 167.352}"
9.6,AUTO,33.108,135.527,-75.668,3.489,0.0,0.0,92.0,24.0,24.0,0.0,,,,,,,,,,,,,,17.996,17.996,22.158,False,MANEUVERING,MANEUVERING,,,flexible_commitment_switched,5,60.63445800100453,False,0,CLOCKWISE,{},"{""1"": 214.385, ""2"": 140.849, ""3"": 182.226, ""4"": 17.996, ""5"": 84.079, ""6"": 166.606}"
9.65,AUTO,33.405,134.364,-75.668,0.0,0.0,0.0,92.0,24.0,24.0,0.0,,,,,,,,,,,,,,22.455,82.994,22.455,False,MANEUVERING,MANEUVERING,,,flexible_commitment_switched,5,60.63445800100453,False,0,CLOCKWISE,{},"{""1"": 214.202, ""2"": 141.364, ""3"": 182.543, ""5"": 82.994, ""6"": 165.882}"
9.7,AUTO,33.702,133.202,-75.668,0.0,0.0,0.0,92.0,24.0,24.0,0.0,,,,,,,,,,,,,,22.752,81.913,22.752,False,MANEUVERING,MANEUVERING,,,flexible_commitment_switched,5,60.63445800100453,False,0,CLOCKWISE,{},"{""1"": 214.025, ""2"": 141.887, ""3"": 182.867, ""5"": 81.913, ""6"": 165.164}"
9.75,AUTO,33.999,132.039,-75.668,0.0,0.0,0.0,92.0,24.0,24.0,0.0,,,,,,,,,,,,,,23.049,80.834,23.049,False,MANEUVERING,MANEUVERING,,,flexible_commitment_switched,5,60.63445800100453,False,0,CLOCKWISE,{},"{""1"": 213.854, ""2"": 142.418, ""3"": 183.198, ""5"": 80.834, ""6"": 164.452}"
9.8,AUTO,34.296,130.876,-75.668,0.0,0.0,0.0,92.0,24.0,24.0,0.0,,,,,,,,,,,,,,23.346,79.76,23.346,False,MANEUVERING,MANEUVERING,,,flexible_commitment_switched,5,60.63445800100453,False,0,CLOCKWISE,{},"{""1"": 213.69, ""2"": 142.957, ""3"": 183.536, ""5"": 79.76, ""6"": 163.745}"
9.85,AUTO,34.594,129.714,-75.668,0.0,0.0,0.0,92.0,24.0,24.0,0.0,,,,,,,,,,,,,,23.643,78.688,23.643,False,FOLLOW,FOLLOW,,,flexible_commitment_switched,4,58.26041699765483,False,0,CLOCKWISE,{},"{""1"": 213.533, ""2"": 143.504, ""3"": 183.882, ""5"": 78.688, ""6"": 163.043}"
9.9,AUTO,34.891,128.551,-75.668,0.0,0.0,0.0,92.0,24.0,24.0,0.0,,,,,,,,,,,,,,23.941,77.621,23.941,False,FOLLOW,FOLLOW,,,flexible_commitment_switched,4,58.26041699765483,False,0,CLOCKWISE,{},"{""1"": 213.383, ""2"": 144.059, ""3"": 184.235, ""5"": 77.621, ""6"": 162.348}"
9.95,AUTO,35.188,127.388,-75.668,0.0,0.0,0.0,92.0,24.0,24.0,0.0,,,,,,,,,,,,,,24.238,76.558,24.238,False,FOLLOW,FOLLOW,,,flexible_commitment_switched,4,58.26041699765483,False,0,CLOCKWISE,{},"{""1"": 213.239, ""2"": 144.622, ""3"": 184.595, ""5"": 76.558, ""6"": 161.659}"
10.0,AUTO,35.485,126.226,-75.668,0.0,0.0,0.0,92.0,24.0,24.0,0.0,,,,,,,,,,,,,,24.535,75.498,24.535,False,FOLLOW,FOLLOW,,,flexible_commitment_switched,4,58.26041699765483,False,0,CLOCKWISE,{},"{""1"": 213.102, ""2"": 145.193, ""3"": 184.962, ""5"": 75.498, ""6"": 160.975}"
10.05,AUTO,35.782,125.063,-75.668,0.0,0.0,0.0,92.0,24.0,24.0,0.0,,,,,,,,,,,,,,24.832,74.443,24.832,False,FOLLOW,FOLLOW,,,flexible_commitment_switched,4,58.26041699765483,False,0,CLOCKWISE,{},"{""1"": 212.971, ""2"": 145.771, ""3"": 185.336, ""5"": 74.443, ""6"": 160.298}"
10.1,AUTO,36.079,123.9,-75.668,0.0,0.0,0.0,92.0,24.0,24.0,0.0,,,,,,,,,,,,,,25.129,73.392,25.129,False,FOLLOW,FOLLOW,,,flexible_commitment_switched,4,58.26041699765483,False,0,CLOCKWISE,{},"{""1"": 212.847, ""2"": 146.357, ""3"": 185.718, ""5"": 73.392, ""6"": 159.627}"
10.15,AUTO,36.376,122.738,-75.668,0.0,0.0,0.0,92.0,24.0,24.0,0.0,,,,,,,,,,,,,,25.426,72.346,25.426,False,MANEUVERING,MANEUVERING,,,flexible_commitment_switched,5,58.79175000154646,False,0,CLOCKWISE,{},"{""1"": 212.73, ""2"": 146.95, ""3"": 186.106, ""5"": 72.346, ""6"": 158.962}"
10.2,AUTO,36.673,121.575,-75.668,0.0,0.0,0.0,92.0,24.0,24.0,0.0,,,,,,,,,,,,,,25.723,71.305,25.723,False,MANEUVERING,MANEUVERING,,,flexible_commitment_switched,5,58.79175000154646,False,0,CLOCKWISE,{},"{""1"": 212.62, ""2"": 147.551, ""3"": 186.501, ""5"": 71.305, ""6"": 158.303}"
10.25,AUTO,36.97,120.412,-75.668,0.0,0.0,0.0,92.0,24.0,24.0,0.0,,,,,,,,,,,,,,26.02,70.269,26.02,False,MANEUVERING,MANEUVERING,,,flexible_commitment_switched,5,58.79175000154646,False,0,CLOCKWISE,{},"{""1"": 212.516, ""2"": 148.159, ""3"": 186.903, ""5"": 70.269, ""6"": 157.651}"
10.3,AUTO,37.267,119.25,-75.668,0.0,0.0,0.0,92.0,24.0,24.0,0.0,,,,,,,,,,,,,,26.317,69.238,26.317,False,MANEUVERING,MANEUVERING,,,flexible_commitment_switched,5,58.79175000154646,False,0,CLOCKWISE,{},"{""1"": 212.419, ""2"": 148.774, ""3"": 187.311, ""5"": 69.238, ""6"": 157.005}"
10.35,AUTO,37.564,118.087,-75.668,0.0,0.0,0.0,92.0,24.0,24.0,0.0,,,,,,,,,,,,,,26.614,68.213,26.614,False,MANEUVERING,MANEUVERING,,,flexible_commitment_switched,5,58.79175000154646,False,0,CLOCKWISE,{},"{""1"": 212.329, ""2"": 149.396, ""3"": 187.727, ""5"": 68.213, ""6"": 156.366}"
10.4,AUTO,37.861,116.925,-75.668,0.0,0.0,0.0,92.0,24.0,24.0,0.0,,,,,,,,,,,,,,26.911,67.194,26.911,False,MANEUVERING,MANEUVERING,,,flexible_commitment_switched,5,58.79175000154646,False,0,CLOCKWISE,{},"{""1"": 212.246, ""2"": 150.026, ""3"": 188.149, ""5"": 67.194, ""6"": 155.733}"
10.45,AUTO,38.158,115.762,-75.668,0.0,0.0,0.0,92.0,24.0,24.0,0.0,,,,,,,,,,,,,,27.208,66.18,27.208,False,MANEUVERING,MANEUVERING,,,flexible_commitment_switched,5,58.165499998722225,False,0,CLOCKWISE,{},"{""1"": 212.169, ""2"": 150.662, ""3"": 188.578, ""5"": 66.18, ""6"": 155.107}"
10.5,AUTO,38.455,114.599,-75.668,0.0,0.0,0.0,92.0,24.0,24.0,0.0,,,,,,,,,,,,,,27.505,65.173,27.505,False,MANEUVERING,MANEUVERING,,,flexible_commitment_switched,5,58.165499998722225,False,0,CLOCKWISE,{},"{""1"": 212.099, ""2"": 151.305, ""3"": 189.014, ""5"": 65.173, ""6"": 154.488}"
10.55,AUTO,38.752,113.437,-75.668,0.0,0.0,0.0,92.0,24.0,24.0,0.0,,,,,,,,,,,,,,27.802,64.173,27.802,False,MANEUVERING,MANEUVERING,,,flexible_commitment_switched,5,58.165499998722225,False,0,CLOCKWISE,{},"{""1"": 212.036, ""2"": 151.955, ""3"": 189.456, ""5"": 64.173, ""6"": 153.876}"
10.6,AUTO,39.049,112.274,-75.668,0.0,0.0,0.0,92.0,24.0,24.0,0.0,,,,,,,,,,,,,,28.099,63.179,28.099,False,MANEUVERING,MANEUVERING,,,flexible_commitment_switched,5,58.165499998722225,False,0,CLOCKWISE,{},"{""1"": 211.979, ""2"": 152.611, ""3"": 189.905, ""5"": 63.179, ""6"": 153.27}"
10.65,AUTO,39.346,111.111,-75.668,0.0,0.0,0.0,92.0,24.0,24.0,0.0,,,,,,,,,,,,,,28.396,62.193,28.396,False,MANEUVERING,MANEUVERING,,,flexible_commitment_switched,5,58.165499998722225,False,0,CLOCKWISE,{},"{""1"": 211.929, ""2"": 153.274, ""3"": 190.36, ""5"": 62.193, ""6"": 152.672}"
10.7,AUTO,39.643,109.949,-75.668,0.0,0.0,0.0,92.0,24.0,24.0,0.0,,,,,,,,,,,,,,28.693,61.214,28.693,False,MANEUVERING,MANEUVERING,,,flexible_commitment_switched,5,81.7818340001395,False,0,CLOCKWISE,{},"{""1"": 211.887, ""2"": 153.944, ""3"": 190.822, ""5"": 61.214, ""6"": 152.081}"
10.75,AUTO,39.94,108.786,-75.668,0.0,0.0,0.0,92.0,24.0,24.0,0.0,,,,,,,,,,,,,,28.99,60.244,28.99,False,MANEUVERING,MANEUVERING,,,flexible_commitment_switched,5,81.7818340001395,False,0,CLOCKWISE,{},"{""1"": 211.851, ""2"": 154.62, ""3"": 191.29, ""5"": 60.244, ""6"": 151.497}"
10.8,AUTO,40.237,107.623,-75.668,0.0,0.0,0.0,92.0,24.0,24.0,0.0,,,,,,,,,,,,,,29.287,59.282,29.287,False,MANEUVERING,MANEUVERING,,,flexible_commitment_switched,5,81.7818340001395,False,0,CLOCKWISE,{},"{""1"": 211.821, ""2"": 155.302, ""3"": 191.764, ""5"": 59.282, ""6"": 150.92}"
10.85,AUTO,40.534,106.461,-75.668,0.0,0.0,0.0,92.0,24.0,24.0,0.0,,,,,,,,,,,,,,29.584,58.328,29.584,False,MANEUVERING,MANEUVERING,,,flexible_commitment_switched,5,81.7818340001395,False,0,CLOCKWISE,{},"{""1"": 211.799, ""2"": 155.991, ""3"": 192.245, ""5"": 58.328, ""6"": 150.35}"
10.9,AUTO,40.832,105.298,-75.668,0.0,0.0,0.0,92.0,24.0,24.0,0.0,,,,,,,,,,,,,,29.881,57.384,29.881,False,MANEUVERING,MANEUVERING,,,flexible_commitment_switched,5,81.7818340001395,False,0,CLOCKWISE,{},"{""1"": 211.783, ""2"": 156.685, ""3"": 192.732, ""5"": 57.384, ""6"": 149.789}"
10.95,AUTO,41.129,104.135,-75.668,0.0,0.0,0.0,92.0,24.0,24.0,0.0,,,,,,,,,,,,,,30.178,56.45,30.178,False,MANEUVERING,MANEUVERING,,,flexible_commitment_switched,5,57.9457089988864,False,0,CLOCKWISE,{},"{""1"": 211.774, ""2"": 157.386, ""3"": 193.225, ""5"": 56.45, ""6"": 149.234}"
11.0,AUTO,41.426,102.973,-75.668,0.0,0.0,0.0,92.0,24.0,24.0,0.0,,,,,,,,,,,,,,30.476,55.526,30.476,False,MANEUVERING,MANEUVERING,,,flexible_commitment_switched,5,57.9457089988864,False,0,CLOCKWISE,{},"{""1"": 211.772, ""2"": 158.093, ""3"": 193.725, ""5"": 55.526, ""6"": 148.687}"
11.05,AUTO,41.723,101.81,-75.668,0.0,0.0,0.0,92.0,24.0,24.0,0.0,,,,,,,,,,,,,,30.773,54.612,30.773,False,MANEUVERING,MANEUVERING,,,flexible_commitment_switched,5,57.9457089988864,False,0,CLOCKWISE,{},"{""1"": 211.772, ""2"": 158.806, ""3"": 194.23, ""5"": 54.612, ""6"": 148.148}"
11.1,AUTO,42.02,100.647,-75.668,0.0,0.0,0.0,92.0,24.0,24.0,0.0,,,,,,,,,,,,,,31.07,53.71,31.07,False,MANEUVERING,MANEUVERING,,,flexible_commitment_switched,5,57.9457089988864,False,0,CLOCKWISE,{},"{""1"": 211.772, ""2"": 159.524, ""3"": 194.742, ""5"": 53.71, ""6"": 147.617}"
11.15,AUTO,42.317,99.485,-75.668,0.0,0.0,0.0,92.0,24.0,24.0,0.0,,,,,,,,,,,,,,31.367,52.82,31.367,False,MANEUVERING,MANEUVERING,,,flexible_commitment_switched,5,57.9457089988864,False,0,CLOCKWISE,{},"{""1"": 211.772, ""2"": 160.248, ""3"": 195.26, ""5"": 52.82, ""6"": 147.094}"
11.2,AUTO,42.614,98.322,-75.668,0.0,0.0,0.0,92.0,24.0,24.0,0.0,,,,,,,,,,,,,,31.664,51.942,31.664,False,MANEUVERING,MANEUVERING,,,flexible_commitment_switched,5,58.328083003289066,False,0,CLOCKWISE,{},"{""1"": 211.772, ""2"": 160.978, ""3"": 195.784, ""5"": 51.942, ""6"": 146.578}"
11.25,AUTO,42.911,97.159,-75.668,0.0,0.0,0.0,92.0,24.0,24.0,0.0,,,,,,,,,,,,,,31.961,51.077,31.961,False,MANEUVERING,MANEUVERING,,,flexible_commitment_switched,5,58.328083003289066,False,0,CLOCKWISE,{},"{""1"": 211.772, ""2"": 161.714, ""3"": 196.313, ""5"": 51.077, ""6"": 146.071}"
11.3,AUTO,43.208,95.997,-75.668,0.0,0.0,0.0,92.0,24.0,24.0,0.0,,,,,,,,,,,,,,32.258,50.226,32.258,False,MANEUVERING,MANEUVERING,,,flexible_commitment_switched,5,58.328083003289066,False,0,CLOCKWISE,{},"{""1"": 211.772, ""2"": 162.455, ""3"": 196.849, ""5"": 50.226, ""6"": 145.572}"
11.35,AUTO,43.505,94.834,-75.668,0.0,0.0,0.0,92.0,24.0,24.0,0.0,,,,,,,,,,,,,,32.555,49.39,32.555,False,MANEUVERING,MANEUVERING,,,flexible_commitment_switched,5,58.328083003289066,False,0,CLOCKWISE,{},"{""1"": 211.772, ""2"": 163.202, ""3"": 197.39, ""5"": 49.39, ""6"": 145.08}"
11.4,AUTO,43.802,93.671,-75.668,0.0,0.0,0.0,92.0,24.0,24.0,0.0,,,,,,,,,,,,,,32.852,48.568,32.852,False,MANEUVERING,MANEUVERING,,,flexible_commitment_switched,5,58.328083003289066,False,0,CLOCKWISE,{},"{""1"": 211.772, ""2"": 163.954, ""3"": 197.937, ""5"": 48.568, ""6"": 144.598}"
11.45,AUTO,44.099,92.509,-75.668,0.0,0.0,0.0,92.0,24.0,24.0,0.0,,,,,,,,,,,,,,33.149,47.763,33.149,False,MANEUVERING,MANEUVERING,,,flexible_commitment_switched,5,58.879959004116245,False,0,CLOCKWISE,{},"{""1"": 211.772, ""2"": 164.711, ""3"": 198.49, ""5"": 47.763, ""6"": 144.123}"
11.5,AUTO,44.396,91.346,-75.668,0.0,0.0,0.0,92.0,24.0,24.0,0.0,,,,,,,,,,,,,,33.446,46.975,33.446,False,MANEUVERING,MANEUVERING,,,flexible_commitment_switched,5,58.879959004116245,False,0,CLOCKWISE,{},"{""1"": 211.772, ""2"": 165.474, ""3"": 199.049, ""5"": 46.975, ""6"": 143.657}"
11.55,AUTO,44.693,90.183,-75.668,0.0,0.0,0.0,92.0,24.0,24.0,0.0,,,,,,,,,,,,,,33.743,46.204,33.743,False,MANEUVERING,MANEUVERING,,,flexible_commitment_switched,5,58.879959004116245,False,0,CLOCKWISE,{},"{""1"": 211.772, ""2"": 166.241, ""3"": 199.613, ""5"": 46.204, ""6"": 143.2}"
11.6,AUTO,44.99,89.021,-75.668,0.0,0.0,0.0,92.0,24.0,24.0,0.0,,,,,,,,,,,,,,34.04,45.452,34.04,False,MANEUVERING,MANEUVERING,,,flexible_commitment_switched,5,58.879959004116245,False,0,CLOCKWISE,{},"{""1"": 211.772, ""2"": 167.014, ""3"": 200.183, ""5"": 45.452, ""6"": 142.751}"
11.65,AUTO,45.287,87.858,-75.668,0.0,0.0,0.0,92.0,24.0,24.0,0.0,,,,,,,,,,,,,,34.337,44.72,34.337,False,MANEUVERING,MANEUVERING,,,flexible_commitment_switched,5,58.879959004116245,False,0,CLOCKWISE,{},"{""1"": 211.772, ""2"": 167.792, ""3"": 200.758, ""5"": 44.72, ""6"": 142.311}"
11.7,AUTO,45.577,86.694,-76.042,-4.5,-9.615,-9.615,92.0,24.0,24.0,0.0,86.0,,,,,,,,,,,,,34.68,44.038,34.68,False,MANEUVERING,MANEUVERING,,,flexible_commitment_switched,5,58.931874998961575,False,0,CLOCKWISE,{},"{""1"": 211.733, ""2"": 168.566, ""3"": 201.314, ""5"": 44.038, ""6"": 141.932}"
11.75,AUTO,45.851,85.525,-76.791,-9.0,-9.615,-9.615,92.0,24.0,24.0,0.0,86.0,,,,,,,,,,,,,35.062,43.422,35.062,False,MANEUVERING,MANEUVERING,,,flexible_commitment_switched,5,58.931874998961575,False,0,CLOCKWISE,{},"{""1"": 211.616, ""2"": 169.344, ""3"": 201.858, ""5"": 43.422, ""6"": 141.625}"
11.8,AUTO,46.109,84.353,-77.59,-9.615,-9.615,-9.615,92.0,24.0,24.0,0.0,86.0,,,,,,,,,,,,,35.437,42.859,35.437,False,MANEUVERING,MANEUVERING,,,flexible_commitment_switched,5,58.931874998961575,False,0,CLOCKWISE,{},"{""1"": 211.499, ""2"": 170.141, ""3"": 202.422, ""5"": 42.859, ""6"": 141.354}"
11.85,AUTO,46.35,83.178,-78.389,-9.615,-9.615,-9.615,92.0,24.0,24.0,0.0,86.0,,,,,,,,,,,,,35.798,42.348,35.798,False,MANEUVERING,MANEUVERING,,,flexible_commitment_switched,5,58.931874998961575,False,0,CLOCKWISE,{},"{""1"": 211.408, ""2"": 170.96, ""3"": 203.009, ""5"": 42.348, ""6"": 141.113}"
11.9,AUTO,46.575,81.999,-79.189,-9.615,-9.615,-9.615,92.0,24.0,24.0,0.0,86.0,,,,,,,,,,,,,36.144,41.89,36.144,False,MANEUVERING,MANEUVERING,,,flexible_commitment_switched,5,58.931874998961575,False,0,CLOCKWISE,{},"{""1"": 211.345, ""2"": 171.8, ""3"": 203.62, ""5"": 41.89, ""6"": 140.902}"
11.95,AUTO,46.784,80.818,-79.988,-9.615,-9.615,-9.615,92.0,24.0,24.0,0.0,86.0,,,,,,,,,,,,,36.477,41.487,36.477,False,MANEUVERING,MANEUVERING,,,flexible_commitment_switched,5,58.691124999313615,False,0,CLOCKWISE,{},"{""1"": 211.308, ""2"": 172.66, ""3"": 204.255, ""5"": 41.487, ""6"": 140.723}"
12.0,AUTO,46.976,79.633,-80.788,-9.615,-9.615,-9.615,92.0,24.0,24.0,0.0,86.0,,,,,,,,,,,,,36.794,41.141,36.794,False,MANEUVERING,MANEUVERING,,,flexible_commitment_switched,5,58.691124999313615,False,0,CLOCKWISE,{},"{""1"": 211.298, ""2"": 173.54, ""3"": 204.912, ""5"": 41.141, ""6"": 140.574}"
12.05,AUTO,47.152,78.446,-81.587,-9.615,-9.615,-9.615,92.0,24.0,24.0,0.0,86.0,,,,,,,,,,,,,37.097,40.854,37.097,False,MANEUVERING,MANEUVERING,,,flexible_commitment_switched,5,58.691124999313615,False,0,CLOCKWISE,{},"{""1"": 211.315, ""2"": 174.439, ""3"": 205.591, ""5"": 40.854, ""6"": 140.456}"
12.1,AUTO,47.311,77.256,-82.387,-9.615,-9.615,-9.615,92.0,24.0,24.0,0.0,86.0,,,,,,,,,,,,,37.385,40.627,37.385,False,MANEUVERING,MANEUVERING,,,flexible_commitment_switched,5,58.691124999313615,False,0,CLOCKWISE,{},"{""1"": 211.359, ""2"": 175.357, ""3"": 206.292, ""5"": 40.627, ""6"": 140.369}"
12.15,AUTO,47.453,76.065,-83.186,-9.615,-9.615,-9.615,92.0,24.0,24.0,0.0,86.0,,,,,,,,,,,,,37.659,40.46,37.659,False,MANEUVERING,MANEUVERING,,,flexible_commitment_switched,5,58.691124999313615,False,0,CLOCKWISE,{},"{""1"": 211.429, ""2"": 176.293, ""3"": 207.016, ""5"": 40.46, ""6"": 140.313}"
12.2,AUTO,47.587,74.872,-83.612,-5.115,12.489,12.489,92.0,24.0,24.0,0.0,64.4,,,,,,,,,,,,,37.863,40.289,37.863,False,MANEUVERING,MANEUVERING,,,flexible_commitment_switched,5,58.71000000479398,False,0,CLOCKWISE,{},"{""1"": 211.576, ""2"": 177.24, ""3"": 207.77, ""5"": 40.289, ""6"": 140.219}"
12.25,AUTO,47.719,73.68,-83.663,-0.615,12.489,12.489,92.0,24.0,24.0,0.0,64.4,,,,,,,,,,,,,38.004,40.099,38.004,False,MANEUVERING,MANEUVERING,,,flexible_commitment_switched,5,58.71000000479398,False,0,CLOCKWISE,{},"{""1"": 211.79, ""2"": 178.19, ""3"": 208.547, ""5"": 40.099, ""6"": 140.076}"
12.3,AUTO,47.858,72.488,-83.331,3.885,12.489,12.489,92.0,24.0,24.0,0.0,64.4,,,,,,,,,,,,,38.088,39.875,38.088,False,MANEUVERING,MANEUVERING,,,flexible_commitment_switched,5,58.71000000479398,False,0,CLOCKWISE,{},"{""1"": 212.062, ""2"": 179.136, ""3"": 209.338, ""5"": 39.875, ""6"": 139.873}"
12.35,AUTO,48.013,71.298,-82.614,8.385,12.489,12.489,92.0,24.0,24.0,0.0,64.4,,,,,,,,,,,,,38.125,39.599,38.125,False,MANEUVERING,MANEUVERING,,,flexible_commitment_switched,5,58.71000000479398,False,0,CLOCKWISE,{},"{""1"": 212.384, ""2"": 180.074, ""3"": 210.139, ""5"": 39.599, ""6"": 139.599}"
12.4,AUTO,48.189,70.111,-81.546,12.489,12.489,12.489,92.0,24.0,24.0,0.0,64.4,,,,,,,,,,,,,38.128,39.25,38.128,False,MANEUVERING,MANEUVERING,,,flexible_commitment_switched,5,58.71000000479398,False,0,CLOCKWISE,{},"{""1"": 212.746, ""2"": 181.002, ""3"": 210.945, ""5"": 39.25, ""6"": 139.25}"
12.45,AUTO,48.388,68.927,-80.479,12.489,12.489,12.489,92.0,24.0,24.0,0.0,64.4,,,,,,,,,,,,,38.157,38.882,38.157,False,MANEUVERING,MANEUVERING,,,flexible_commitment_switched,5,59.3935419965419,False,0,CLOCKWISE,{},"{""1"": 213.095, ""2"": 181.922, ""3"": 211.739, ""5"": 38.882, ""6"": 138.882}"
12.5,AUTO,48.608,67.748,-79.411,12.489,12.489,12.489,92.0,24.0,24.0,0.0,64.4,,,,,,,,,,,,,38.211,38.495,38.211,False,MANEUVERING,MANEUVERING,,,flexible_commitment_switched,5,59.3935419965419,False,0,CLOCKWISE,{},"{""1"": 213.429, ""2"": 182.833, ""3"": 212.523, ""5"": 38.495, ""6"": 138.495}"
12.55,AUTO,48.85,66.573,-78.343,12.489,12.489,12.489,92.0,24.0,24.0,0.0,64.4,,,,,,,,,,,,,38.09,38.09,38.291,False,MANEUVERING,MANEUVERING,,,flexible_commitment_switched,5,59.3935419965419,False,0,CLOCKWISE,{},"{""1"": 213.75, ""2"": 183.736, ""3"": 213.296, ""5"": 38.09, ""6"": 138.09}"
12.6,AUTO,49.115,65.402,-77.276,12.489,12.489,12.489,92.0,24.0,24.0,0.0,64.4,,,,,,,,,,,,,37.671,37.671,38.397,False,MANEUVERING,MANEUVERING,,,flexible_commitment_switched,5,59.3935419965419,False,0,CLOCKWISE,{},"{""1"": 214.056, ""2"": 184.63, ""3"": 214.058, ""5"": 37.671, ""6"": 137.668}"
12.65,AUTO,49.401,64.237,-76.208,12.489,12.489,12.489,92.0,24.0,24.0,0.0,64.4,,,,,,,,,,,,,37.256,37.256,38.528,False,MANEUVERING,MANEUVERING,,,flexible_commitment_switched,5,59.3935419965419,False,0,CLOCKWISE,{},"{""1"": 214.349, ""2"": 185.516, ""3"": 214.809, ""5"": 37.256, ""6"": 137.234}"
12.7,AUTO,49.709,63.077,-75.141,12.489,12.489,12.489,92.0,24.0,24.0,0.0,64.4,,,,,,,,,,,,,36.848,36.848,38.684,False,MANEUVERING,MANEUVERING,,,flexible_commitment_switched,5,59.162666999327485,False,0,CLOCKWISE,{},"{""1"": 214.627, ""2"": 186.392, ""3"": 215.548, ""5"": 36.848, ""6"": 136.789}"
12.75,AUTO,50.038,61.923,-74.073,12.489,12.489,12.489,92.0,24.0,24.0,0.0,64.4,,,,,,,,,,,,,36.448,36.448,38.866,False,MANEUVERING,MANEUVERING,,,flexible_commitment_switched,5,59.162666999327485,False,0,CLOCKWISE,{},"{""1"": 214.891, ""2"": 187.259, ""3"": 216.276, ""5"": 36.448, ""6"": 136.332}"
12.8,AUTO,50.389,60.775,-73.005,12.489,12.489,12.489,92.0,24.0,24.0,0.0,64.4,,,,,,,,,,,,,36.056,36.056,39.073,False,MANEUVERING,MANEUVERING,,,flexible_commitment_switched,5,59.162666999327485,False,0,CLOCKWISE,{},"{""1"": 215.141, ""2"": 188.117, ""3"": 216.993, ""5"": 36.056, ""6"": 135.865}"
12.85,AUTO,50.761,59.634,-71.938,12.489,12.489,12.489,92.0,24.0,24.0,0.0,64.4,,,,,,,,,,,,,35.673,35.673,39.306,False,MANEUVERING,MANEUVERING,,,flexible_commitment_switched,5,59.162666999327485,False,0,CLOCKWISE,{},"{""1"": 215.376, ""2"": 188.965, ""3"": 217.697, ""5"": 35.673, ""6"": 135.386}"
12.9,AUTO,51.154,58.501,-70.87,12.489,12.489,12.489,92.0,24.0,24.0,0.0,64.4,,,,,,,,,,,,,35.299,35.299,39.563,False,MANEUVERING,MANEUVERING,,,flexible_commitment_switched,5,59.162666999327485,False,0,CLOCKWISE,{},"{""1"": 215.598, ""2"": 189.804, ""3"": 218.39, ""5"": 35.299, ""6"": 134.897}"
12.95,AUTO,51.568,57.374,-69.802,12.489,12.489,12.489,92.0,24.0,24.0,0.0,64.4,,,,,,,,,,,,,34.935,34.935,39.846,False,MANEUVERING,MANEUVERING,,,flexible_commitment_switched,5,58.981290996598545,False,0,CLOCKWISE,{},"{""1"": 215.805, ""2"": 190.633, ""3"": 219.071, ""5"": 34.935, ""6"": 134.396}"
13.0,AUTO,52.003,56.256,-68.735,12.489,12.489,12.489,92.0,24.0,24.0,0.0,64.4,,,,,,,,,,,,,34.58,34.58,40.154,False,MANEUVERING,MANEUVERING,,,flexible_commitment_switched,5,58.981290996598545,False,0,CLOCKWISE,{},"{""1"": 215.997, ""2"": 191.451, ""3"": 219.739, ""5"": 34.58, ""6"": 133.885}"
13.05,AUTO,52.459,55.146,-67.667,12.489,12.489,12.489,92.0,24.0,24.0,0.0,64.4,,,,,,,,,,,,,34.236,34.236,40.486,False,MANEUVERING,MANEUVERING,,,flexible_commitment_switched,5,58.981290996598545,False,0,CLOCKWISE,{},"{""1"": 216.154, ""2"": 192.26, ""3"": 220.396, ""5"": 34.236, ""6"": 133.362}"
13.1,AUTO,52.936,54.045,-66.6,12.489,12.489,12.489,92.0,24.0,24.0,0.0,64.4,,,,,,,,,,,,,33.902,33.902,40.843,False,MANEUVERING,MANEUVERING,,,flexible_commitment_switched,5,58.981290996598545,False,0,CLOCKWISE,{},"{""1"": 216.255, ""2"": 193.058, ""3"": 221.04, ""5"": 33.902, ""6"": 132.829}"
13.15,AUTO,53.433,52.953,-65.532,12.489,12.489,12.489,92.0,24.0,24.0,0.0,64.4,,,,,,,,,,,,,33.58,33.58,39.765,False,MANEUVERING,MANEUVERING,,,flexible_commitment_switched,5,58.981290996598545,False,0,CLOCKWISE,{},"{""1"": 216.3, ""2"": 193.846, ""3"": 221.671, ""5"": 33.58, ""6"": 132.285}"
13.2,AUTO,53.958,51.873,-64.08,16.989,24.978,24.978,92.0,24.0,24.0,0.0,32.2,,,,,,,,,,,,,33.196,33.196,38.603,False,MANEUVERING,MANEUVERING,,,flexible_commitment_switched,5,59.20095900364686,False,0,CLOCKWISE,{},"{""1"": 216.267, ""2"": 194.639, ""3"": 222.322, ""5"": 33.196, ""6"": 131.678}"
13.25,AUTO,54.517,50.811,-62.243,21.489,24.978,24.978,92.0,24.0,24.0,0.0,32.2,,,,,,,,,,,,,32.743,32.743,37.448,False,MANEUVERING,MANEUVERING,,,flexible_commitment_switched,5,59.20095900364686,False,0,CLOCKWISE,{},"{""1"": 216.056, ""2"": 195.436, ""3"": 222.992, ""5"": 32.743, ""6"": 131.003}"
13.3,AUTO,55.115,49.771,-60.107,24.978,24.978,24.978,92.0,24.0,24.0,0.0,32.2,,,,,,,,,,,,,32.229,32.229,36.317,False,MANEUVERING,MANEUVERING,,,flexible_commitment_switched,5,59.20095900364686,False,0,CLOCKWISE,{},"{""1"": 215.638, ""2"": 196.234, ""3"": 223.669, ""5"": 32.229, ""6"": 130.271}"
13.35,AUTO,55.751,48.754,-57.972,24.978,24.978,24.978,92.0,24.0,24.0,0.0,32.2,,,,,,,,,,,,,31.706,31.706,35.227,False,MANEUVERING,MANEUVERING,,,flexible_commitment_switched,5,59.20095900364686,False,0,CLOCKWISE,{},"{""1"": 215.184, ""2"": 197.013, ""3"": 224.323, ""5"": 31.706, ""6"": 129.519}"
13.4,AUTO,56.425,47.761,-55.837,24.978,24.978,24.978,92.0,24.0,24.0,0.0,32.2,,,,,,,,,,,,,31.173,31.173,34.181,False,MANEUVERING,MANEUVERING,,,flexible_commitment_switched,5,59.20095900364686,False,0,CLOCKWISE,{},"{""1"": 214.703, ""2"": 197.772, ""3"": 224.952, ""5"": 31.173, ""6"": 128.748}"
13.45,AUTO,57.135,46.794,-53.702,24.978,24.978,24.978,92.0,24.0,24.0,0.0,32.2,,,,,,,,,,,,,30.631,30.631,33.18,False,MANEUVERING,MANEUVERING,,,flexible_commitment_switched,5,71.97654100309592,False,0,CLOCKWISE,{},"{""1"": 214.193, ""2"": 198.511, ""3"": 225.557, ""5"": 30.631, ""6"": 127.957}"
13.5,AUTO,57.881,45.854,-51.566,24.978,24.978,24.978,92.0,24.0,24.0,0.0,32.2,,,,,,,,,,,,,30.081,30.081,32.224,False,MANEUVERING,MANEUVERING,,,flexible_commitment_switched,5,71.97654100309592,False,0,CLOCKWISE,{},"{""1"": 213.656, ""2"": 199.229, ""3"": 226.137, ""5"": 30.081, ""6"": 127.148}"
13.55,AUTO,58.662,44.942,-49.431,24.978,24.978,24.978,92.0,24.0,24.0,0.0,32.2,,,,,,,,,,,,,29.522,29.522,31.316,False,MANEUVERING,MANEUVERING,,,flexible_commitment_switched,5,71.97654100309592,False,0,CLOCKWISE,{},"{""1"": 213.092, ""2"": 199.926, ""3"": 226.69, ""5"": 29.522, ""6"": 126.322}"
13.6,AUTO,59.475,44.06,-47.296,24.978,24.978,24.978,92.0,24.0,24.0,0.0,32.2,,,,,,,,,,,,,28.954,28.954,30.456,False,MANEUVERING,MANEUVERING,,,flexible_commitment_switched,5,71.97654100309592,False,0,CLOCKWISE,{},"{""1"": 212.502, ""2"": 200.599, ""3"": 227.217, ""5"": 28.954, ""6"": 125.479}"
13.65,AUTO,60.322,43.209,-45.161,24.978,24.978,24.978,92.0,24.0,24.0,0.0,32.2,,,,,,,,,,,,,28.379,28.379,29.647,False,MANEUVERING,MANEUVERING,,,flexible_commitment_switched,5,71.97654100309592,False,0,CLOCKWISE,{},"{""1"": 211.885, ""2"": 201.25, ""3"": 227.717, ""5"": 28.379, ""6"": 124.62}"
13.7,AUTO,61.199,42.391,-43.025,24.978,24.978,24.978,92.0,24.0,24.0,0.0,32.2,,,,,,,,,,,,,27.796,27.796,28.888,False,MANEUVERING,MANEUVERING,,,flexible_commitment_kept,5,71.71104200097034,False,0,CLOCKWISE,{},"{""1"": 211.244, ""2"": 201.876, ""3"": 228.189, ""5"": 27.796, ""6"": 123.746}"
13.75,AUTO,62.106,41.605,-40.89,24.978,24.978,24.978,92.0,24.0,24.0,0.0,32.2,,,,,,,,,,,,,27.206,27.206,28.181,False,MANEUVERING,MANEUVERING,,,flexible_commitment_kept,5,71.71104200097034,False,0,CLOCKWISE,{},"{""1"": 210.579, ""2"": 202.478, ""3"": 228.633, ""5"": 27.206, ""6"": 122.858}"
13.8,AUTO,63.042,40.854,-38.755,24.978,24.978,24.978,92.0,24.0,24.0,0.0,32.2,,,,,,,,,,,,,26.609,26.609,27.527,False,MANEUVERING,MANEUVERING,,,flexible_commitment_kept,5,71.71104200097034,False,0,CLOCKWISE,{},"{""1"": 209.89, ""2"": 203.055, ""3"": 229.049, ""5"": 26.609, ""6"": 121.957}"
13.85,AUTO,64.005,40.138,-36.62,24.978,24.978,24.978,92.0,24.0,24.0,0.0,32.2,,,,,,,,,,,,,26.005,26.005,26.928,False,MANEUVERING,MANEUVERING,,,flexible_commitment_kept,5,71.71104200097034,False,0,CLOCKWISE,{},"{""1"": 209.178, ""2"": 203.605, ""3"": 229.435, ""5"": 26.005, ""6"": 121.045}"
13.9,AUTO,64.994,39.459,-34.484,24.978,24.978,24.978,92.0,24.0,24.0,0.0,32.2,,,,,,,,,,,,,25.395,25.395,26.382,False,MANEUVERING,MANEUVERING,,,flexible_commitment_kept,5,71.71104200097034,False,0,CLOCKWISE,{},"{""1"": 208.443, ""2"": 204.13, ""3"": 229.664, ""5"": 25.395, ""6"": 120.121}"
13.95,AUTO,66.003,38.81,-32.734,20.478,12.489,12.489,92.0,24.0,24.0,0.0,64.4,,,,,,,,,,,,,24.843,24.843,25.857,False,MANEUVERING,MANEUVERING,,,flexible_commitment_switched,5,71.7538750031963,False,0,CLOCKWISE,{},"{""1"": 207.732, ""2"": 204.573, ""3"": 229.642, ""5"": 24.843, ""6"": 119.194}"
14.0,AUTO,67.028,38.185,-31.368,15.978,12.489,12.489,92.0,24.0,24.0,0.0,64.4,,,,,,,,,,,,,24.357,24.357,25.337,False,MANEUVERING,MANEUVERING,,,flexible_commitment_switched,5,71.7538750031963,False,0,CLOCKWISE,{},"{""1"": 207.046, ""2"": 204.937, ""3"": 229.498, ""5"": 24.357, ""6"": 118.264}"
14.05,AUTO,68.064,37.58,-30.3,12.489,12.489,12.489,92.0,24.0,24.0,0.0,64.4,,,,,,,,,,,,,23.934,23.934,24.819,False,MANEUVERING,MANEUVERING,,,flexible_commitment_switched,5,71.7538750031963,False,0,CLOCKWISE,{},"{""1"": 206.377, ""2"": 205.239, ""3"": 229.315, ""5"": 23.934, ""6"": 117.329}"
14.1,AUTO,69.111,36.994,-29.233,12.489,12.489,12.489,92.0,24.0,24.0,0.0,64.4,,,,,,,,,,,,,23.533,23.533,24.324,False,MANEUVERING,MANEUVERING,,,flexible_commitment_switched,5,71.7538750031963,False,0,CLOCKWISE,{},"{""1"": 205.697, ""2"": 205.527, ""3"": 229.098, ""5"": 23.533, ""6"": 116.387}"
14.15,AUTO,70.169,36.427,-28.165,12.489,12.489,12.489,92.0,24.0,24.0,0.0,64.4,,,,,,,,,,,,,23.155,23.155,23.854,False,MANEUVERING,MANEUVERING,,,flexible_commitment_switched,5,71.7538750031963,False,0,CLOCKWISE,{},"{""1"": 205.004, ""2"": 205.801, ""3"": 228.866, ""5"": 23.155, ""6"": 115.438}"
14.2,AUTO,71.238,35.881,-27.098,12.489,12.489,12.489,92.0,24.0,24.0,0.0,64.4,,,,,,,,,,,,,22.802,22.802,23.408,False,MANEUVERING,MANEUVERING,,,flexible_commitment_kept,5,73.73958300013328,False,0,CLOCKWISE,{},"{""1"": 204.299, ""2"": 206.061, ""3"": 228.62, ""5"": 22.802, ""6"": 114.482}"
14.25,AUTO,72.316,35.354,-26.03,12.489,12.489,12.489,92.0,24.0,24.0,0.0,64.4,,,,,,,,,,,,,22.473,22.473,22.986,False,MANEUVERING,MANEUVERING,,,flexible_commitment_kept,5,73.73958300013328,False,0,CLOCKWISE,{},"{""1"": 203.583, ""2"": 206.307, ""3"": 228.359, ""5"": 22.473, ""6"": 113.519}"
14.3,AUTO,73.404,34.848,-24.962,12.489,12.489,12.489,92.0,24.0,24.0,0.0,64.4,,,,,,,,,,,,,22.172,22.172,22.588,False,MANEUVERING,MANEUVERING,,,flexible_commitment_kept,5,73.73958300013328,False,0,CLOCKWISE,{},"{""1"": 202.856, ""2"": 206.538, ""3"": 228.084, ""5"": 22.172, ""6"": 112.55}"
14.35,AUTO,74.501,34.361,-23.895,12.489,12.489,12.489,92.0,24.0,24.0,0.0,64.4,,,,,,,,,,,,,21.898,21.898,22.215,False,MANEUVERING,MANEUVERING,,,flexible_commitment_kept,5,73.73958300013328,False,0,CLOCKWISE,{},"{""1"": 202.117, ""2"": 206.756, ""3"": 227.794, ""5"": 21.898, ""6"": 111.575}"
14.4,AUTO,75.607,33.896,-22.827,12.489,12.489,12.489,92.0,24.0,24.0,0.0,64.4,,,,,,,,,,,,,21.653,21.653,21.867,False,MANEUVERING,MANEUVERING,,,flexible_commitment_kept,5,73.73958300013328,False,0,CLOCKWISE,{},"{""1"": 201.367, ""2"": 206.96, ""3"": 227.49, ""5"": 21.653, ""6"": 110.593}"
14.45,AUTO,76.721,33.451,-21.759,12.489,12.489,12.489,92.0,24.0,24.0,0.0,64.4,,,,,,,,,,,,,21.438,21.438,21.544,False,MANEUVERING,MANEUVERING,,,flexible_commitment_switched,5,73.76791600108845,False,0,CLOCKWISE,{},"{""1"": 200.605, ""2"": 207.148, ""3"": 227.172, ""5"": 21.438, ""6"": 109.606}"
14.5,AUTO,77.844,33.027,-20.692,12.489,12.489,12.489,92.0,24.0,24.0,0.0,64.4,,,,,,,,,,,,,21.24,21.24,21.245,False,MANEUVERING,MANEUVERING,,,flexible_commitment_switched,5,73.76791600108845,False,0,CLOCKWISE,{},"{""1"": 199.833, ""2"": 207.296, ""3"": 226.839, ""5"": 21.24, ""6"": 108.613}"
14.55,AUTO,78.974,32.624,-19.624,12.489,12.489,12.489,92.0,24.0,24.0,0.0,64.4,,,,,,,,,,,,,20.972,21.053,20.972,False,MANEUVERING,MANEUVERING,,,flexible_commitment_switched,5,73.76791600108845,False,0,CLOCKWISE,{},"{""1"": 199.05, ""2"": 207.39, ""3"": 226.492, ""5"": 21.053, ""6"": 107.614}"
14.6,AUTO,80.112,32.242,-18.557,12.489,12.489,12.489,92.0,24.0,24.0,0.0,64.4,,,,,,,,,,,,,20.724,20.878,20.724,False,MANEUVERING,MANEUVERING,,,flexible_commitment_switched,5,73.76791600108845,False,0,CLOCKWISE,{},"{""1"": 198.256, ""2"": 207.432, ""3"": 226.13, ""5"": 20.878, ""6"": 106.61}"
14.65,AUTO,81.256,31.882,-17.489,12.489,12.489,12.489,92.0,24.0,24.0,0.0,64.4,,,,,,,,,,,,,20.501,20.716,20.501,False,MANEUVERING,MANEUVERING,,,flexible_commitment_switched,5,73.76791600108845,False,0,CLOCKWISE,{},"{""1"": 197.452, ""2"": 207.421, ""3"": 225.755, ""5"": 20.716, ""6"": 105.601}"
14.7,AUTO,82.407,31.542,-16.421,12.489,12.489,12.489,92.0,24.0,24.0,0.0,64.4,,,,,,,,,,,,,20.304,20.565,20.304,False,MANEUVERING,MANEUVERING,,,flexible_commitment_kept,5,73.93266700091772,False,0,CLOCKWISE,{},"{""1"": 196.637, ""2"": 207.358, ""3"": 225.365, ""5"": 20.565, ""6"": 104.586}"
14.75,AUTO,83.565,31.225,-15.354,12.489,12.489,12.489,92.0,24.0,24.0,0.0,64.4,,,,,,,,,,,,,20.132,20.427,20.132,False,MANEUVERING,MANEUVERING,,,flexible_commitment_kept,5,73.93266700091772,False,0,CLOCKWISE,{},"{""1"": 195.812, ""2"": 207.242, ""3"": 224.962, ""5"": 20.427, ""6"": 103.567}"
14.8,AUTO,84.727,30.928,-14.286,12.489,12.489,12.489,92.0,24.0,24.0,0.0,64.4,,,,,,,,,,,,,19.985,20.302,19.985,False,MANEUVERING,MANEUVERING,,,flexible_commitment_kept,5,73.93266700091772,False,0,CLOCKWISE,{},"{""1"": 194.977, ""2"": 207.073, ""3"": 224.544, ""5"": 20.302, ""6"": 102.544}"
14.85,AUTO,85.896,30.654,-13.218,12.489,12.489,12.489,92.0,24.0,24.0,0.0,64.4,,,,,,,,,,,,,19.864,20.188,19.864,False,MANEUVERING,MANEUVERING,,,flexible_commitment_kept,5,73.93266700091772,False,0,CLOCKWISE,{},"{""1"": 194.132, ""2"": 206.863, ""3"": 224.113, ""5"": 20.188, ""6"": 101.516}"
14.9,AUTO,87.069,30.401,-12.151,12.489,12.489,12.489,92.0,24.0,24.0,0.0,64.4,,,,,,,,,,,,,19.768,20.087,19.768,False,MANEUVERING,MANEUVERING,,,flexible_commitment_kept,5,73.93266700091772,False,0,CLOCKWISE,{},"{""1"": 193.277, ""2"": 206.637, ""3"": 223.668, ""5"": 20.087, ""6"": 100.484}"
14.95,AUTO,88.246,30.171,-11.083,12.489,12.489,12.489,92.0,24.0,24.0,0.0,64.4,,,,,,,,,,,,,19.698,19.998,19.698,False,MANEUVERING,MANEUVERING,,,flexible_commitment_switched,5,89.05137499823468,False,0,CLOCKWISE,{},"{""1"": 192.413, ""2"": 206.397, ""3"": 223.209, ""5"": 19.998, ""6"": 99.448}"
15.0,AUTO,89.428,29.962,-10.016,12.489,12.489,12.489,92.0,24.0,24.0,0.0,64.4,,,,,,,,,,,,,19.654,19.922,19.654,False,MANEUVERING,MANEUVERING,,,flexible_commitment_switched,5,89.05137499823468,False,0,CLOCKWISE,{},"{""1"": 191.539, ""2"": 206.143, ""3"": 222.736, ""5"": 19.922, ""6"": 98.409}"
15.05,AUTO,90.614,29.775,-8.948,12.489,12.489,12.489,92.0,24.0,24.0,0.0,64.4,,,,,,,,,,,,,19.635,19.858,19.635,False,MANEUVERING,MANEUVERING,,,flexible_commitment_switched,5,89.05137499823468,False,0,CLOCKWISE,{},"{""1"": 190.656, ""2"": 205.875, ""3"": 222.25, ""5"": 19.858, ""6"": 97.366}"
15.1,AUTO,91.802,29.611,-7.88,12.489,12.489,12.489,92.0,24.0,24.0,0.0,64.4,,,,,,,,,,,,,19.642,19.807,19.642,False,MANEUVERING,MANEUVERING,,,flexible_commitment_switched,5,89.05137499823468,False,0,CLOCKWISE,{},"{""1"": 189.764, ""2"": 205.593, ""3"": 221.75, ""5"": 19.807, ""6"": 96.321}"
15.15,AUTO,92.994,29.469,-6.813,12.489,12.489,12.489,92.0,24.0,24.0,0.0,64.4,,,,,,,,,,,,,19.675,19.768,19.675,False,MANEUVERING,MANEUVERING,,,flexible_commitment_switched,5,89.05137499823468,False,0,CLOCKWISE,{},"{""1"": 188.864, ""2"": 205.297, ""3"": 221.236, ""5"": 19.768, ""6"": 95.272}"
15.2,AUTO,94.188,29.348,-5.745,12.489,12.489,12.489,92.0,24.0,24.0,0.0,64.4,,,,,,,,,,,,,19.733,19.742,19.733,False,MANEUVERING,MANEUVERING,,,flexible_commitment_switched,5,89.45375000621425,False,0,CLOCKWISE,{},"{""1"": 187.954, ""2"": 204.987, ""3"": 220.71, ""5"": 19.742, ""6"": 94.221}"
15.25,AUTO,95.384,29.251,-4.677,12.489,12.489,12.489,92.0,24.0,24.0,0.0,64.4,,,,,,,,,,,,,19.728,19.728,19.817,False,MANEUVERING,MANEUVERING,,,flexible_commitment_switched,5,89.45375000621425,False,0,CLOCKWISE,{},"{""1"": 187.036, ""2"": 204.664, ""3"": 220.17, ""5"": 19.728, ""6"": 93.168}"
15.3,AUTO,96.581,29.175,-3.61,12.489,12.489,12.489,92.0,24.0,24.0,0.0,64.4,,,,,,,,,,,,,19.727,19.727,19.926,False,MANEUVERING,MANEUVERING,,,flexible_commitment_switched,5,89.45375000621425,False,0,CLOCKWISE,{},"{""1"": 186.11, ""2"": 204.326, ""3"": 219.617, ""5"": 19.727, ""6"": 92.112}"
15.35,AUTO,97.78,29.122,-2.542,12.489,12.489,12.489,92.0,24.0,24.0,0.0,64.4,,,,,,,,,,,,,19.738,19.738,20.061,False,MANEUVERING,MANEUVERING,,,flexible_commitment_switched,5,89.45375000621425,False,0,CLOCKWISE,{},"{""1"": 185.175, ""2"": 203.975, ""3"": 219.051, ""5"": 19.738, ""6"": 91.055}"
15.4,AUTO,98.98,29.091,-1.475,12.489,12.489,12.489,92.0,24.0,24.0,0.0,64.4,,,,,,,,,,,,,19.762,19.762,20.222,False,MANEUVERING,MANEUVERING,,,flexible_commitment_switched,5,89.45375000621425,False,0,CLOCKWISE,{},"{""1"": 184.233, ""2"": 203.61, ""3"": 218.471, ""5"": 19.762, ""6"": 89.997}"
15.45,AUTO,100.18,29.082,-0.407,12.489,12.489,12.489,92.0,24.0,24.0,0.0,64.4,,,,,,,,,,,,,19.798,19.798,20.408,False,MANEUVERING,MANEUVERING,,,flexible_commitment_kept,5,89.751833002083,False,0,CLOCKWISE,{},"{""1"": 183.283, ""2"": 203.231, ""3"": 217.879, ""5"": 19.798, ""6"": 88.938}"
15.5,AUTO,101.38,29.096,0.661,12.489,12.489,12.489,92.0,24.0,24.0,0.0,64.4,,,,,,,,,,,,,19.789,19.789,20.375,False,MANEUVERING,MANEUVERING,,,flexible_commitment_kept,5,89.751833002083,False,0,CLOCKWISE,{},"{""1"": 182.326, ""2"": 202.839, ""3"": 217.274, ""5"": 19.789, ""6"": 87.878}"
15.55,AUTO,102.579,29.132,1.728,12.489,12.489,12.489,92.0,24.0,24.0,0.0,64.4,,,,,,,,,,,,,19.757,19.757,20.217,False,MANEUVERING,MANEUVERING,,,flexible_commitment_kept,5,89.751833002083,False,0,CLOCKWISE,{},"{""1"": 181.361, ""2"": 202.433, ""3"": 216.657, ""5"": 19.757, ""6"": 86.817}"
15.6,AUTO,103.778,29.191,2.796,12.489,12.489,12.489,92.0,24.0,24.0,0.0,64.4,,,,,,,,,,,,,19.738,19.738,20.085,False,MANEUVERING,MANEUVERING,,,flexible_commitment_kept,5,89.751833002083,False,0,CLOCKWISE,{},"{""1"": 180.39, ""2"": 202.014, ""3"": 216.027, ""5"": 19.738, ""6"": 85.757}"
15.65,AUTO,104.975,29.272,3.864,12.489,12.489,12.489,92.0,24.0,24.0,0.0,64.4,,,,,,,,,,,,,19.731,19.731,19.979,False,MANEUVERING,MANEUVERING,,,flexible_commitment_kept,5,89.751833002083,False,0,CLOCKWISE,{},"{""1"": 179.411, ""2"": 201.581, ""3"": 215.384, ""5"": 19.731, ""6"": 84.697}"
15.7,AUTO,106.171,29.375,4.931,12.489,12.489,12.489,92.0,24.0,24.0,0.0,64.4,,,,,,,,,,,,,19.736,19.736,19.898,False,MANEUVERING,MANEUVERING,,,flexible_commitment_switched,5,100.4004169953987,False,0,CLOCKWISE,{},"{""1"": 178.426, ""2"": 201.135, ""3"": 214.729, ""5"": 19.736, ""6"": 83.638}"
15.75,AUTO,107.364,29.5,5.999,12.489,12.489,12.489,92.0,24.0,24.0,0.0,64.4,,,,,,,,,,,,,19.755,19.755,19.842,False,MANEUVERING,MANEUVERING,,,flexible_commitment_switched,5,100.4004169953987,False,0,CLOCKWISE,{},"{""1"": 177.435, ""2"": 200.676, ""3"": 214.062, ""5"": 19.755, ""6"": 82.58}"
15.8,AUTO,108.555,29.648,7.066,12.489,12.489,12.489,92.0,24.0,24.0,0.0,64.4,,,,,,,,,,,,,19.785,19.785,19.812,False,MANEUVERING,MANEUVERING,,,flexible_commitment_switched,5,100.4004169953987,False,0,CLOCKWISE,{},"{""1"": 176.437, ""2"": 200.203, ""3"": 213.382, ""5"": 19.785, ""6"": 81.524}"
15.85,AUTO,109.743,29.818,8.134,12.489,12.489,12.489,92.0,24.0,24.0,0.0,64.4,,,,,,,,,,,,,19.808,19.828,19.808,False,MANEUVERING,MANEUVERING,,,flexible_commitment_switched,5,100.4004169953987,False,0,CLOCKWISE,{},"{""1"": 175.434, ""2"": 199.717, ""3"": 212.691, ""5"": 19.828, ""6"": 80.47}"
15.9,AUTO,110.927,30.01,9.202,12.489,12.489,12.489,92.0,24.0,24.0,0.0,64.4,,,,,,,,,,,,,19.829,19.884,19.829,False,MANEUVERING,MANEUVERING,,,flexible_commitment_switched,5,100.4004169953987,False,0,CLOCKWISE,{},"{""1"": 174.425, ""2"": 199.218, ""3"": 211.988, ""5"": 19.884, ""6"": 79.418}"
15.95,AUTO,112.108,30.224,10.269,12.489,12.489,12.489,92.0,24.0,24.0,0.0,64.4,,,,,,,,,,,,,19.876,19.952,19.876,False,MANEUVERING,MANEUVERING,,,flexible_commitment_switched,5,98.86025000014342,False,0,CLOCKWISE,{},"{""1"": 173.411, ""2"": 198.706, ""3"": 211.273, ""5"": 19.952, ""6"": 78.37}"
16.0,AUTO,113.285,30.46,11.337,12.489,12.489,12.489,92.0,24.0,24.0,0.0,64.4,,,,,,,,,,,,,19.949,20.033,19.949,False,MANEUVERING,MANEUVERING,,,flexible_commitment_switched,5,98.86025000014342,False,0,CLOCKWISE,{},"{""1"": 172.392, ""2"": 198.182, ""3"": 210.546, ""5"": 20.033, ""6"": 77.325}"
16.05,AUTO,114.457,30.717,12.405,12.489,12.489,12.489,92.0,24.0,24.0,0.0,64.4,,,,,,,,,,,,,20.046,20.126,20.046,False,MANEUVERING,MANEUVERING,,,flexible_commitment_switched,5,98.86025000014342,False,0,CLOCKWISE,{},"{""1"": 171.367, ""2"": 197.644, ""3"": 209.808, ""5"": 20.126, ""6"": 76.283}"
16.1,AUTO,115.624,30.997,13.472,12.489,12.489,12.489,92.0,24.0,24.0,0.0,64.4,,,,,,,,,,,,,20.17,75.223,20.17,False,MANEUVERING,MANEUVERING,,,flexible_commitment_switched,5,98.86025000014342,False,0,CLOCKWISE,{},"{""1"": 170.339, ""2"": 197.094, ""3"": 209.059, ""6"": 75.223}"
16.15,AUTO,116.785,31.298,14.54,12.489,12.489,12.489,92.0,24.0,24.0,0.0,64.4,,,,,,,,,,,,,20.319,74.133,20.319,False,MANEUVERING,MANEUVERING,,,flexible_commitment_switched,5,98.86025000014342,False,0,CLOCKWISE,{},"{""1"": 169.306, ""2"": 196.531, ""3"": 208.298, ""6"": 74.133}"
16.2,AUTO,117.943,31.613,15.223,7.989,0.0,0.0,92.0,24.0,24.0,0.0,,,,,,,,,,,,,,20.538,72.988,20.538,False,MANEUVERING,MANEUVERING,,,flexible_commitment_switched,4,97.30729200236965,False,0,CLOCKWISE,{},"{""1"": 168.247, ""2"": 196.007, ""3"": 207.557, ""6"": 72.988}"
16.25,AUTO,119.099,31.934,15.521,3.489,0.0,0.0,92.0,24.0,24.0,0.0,,,,,,,,,,,,,,20.818,71.808,20.818,False,MANEUVERING,MANEUVERING,,,flexible_commitment_switched,4,97.30729200236965,False,0,CLOCKWISE,{},"{""1"": 167.162, ""2"": 195.528, ""3"": 206.84, ""6"": 71.808}"
16.3,AUTO,120.256,32.255,15.521,0.0,0.0,0.0,92.0,24.0,24.0,0.0,,,,,,,,,,,,,,21.139,70.608,21.139,False,MANEUVERING,MANEUVERING,,,flexible_commitment_switched,4,97.30729200236965,False,0,CLOCKWISE,{},"{""1"": 166.06, ""2"": 195.091, ""3"": 206.146, ""6"": 70.608}"
16.35,AUTO,121.412,32.577,15.521,0.0,0.0,0.0,92.0,24.0,24.0,0.0,,,,,,,,,,,,,,21.46,69.408,21.46,False,MANEUVERING,MANEUVERING,,,flexible_commitment_switched,4,97.30729200236965,False,0,CLOCKWISE,{},"{""1"": 164.958, ""2"": 194.66, ""3"": 205.457, ""6"": 69.408}"
16.4,AUTO,122.568,32.898,15.521,0.0,0.0,0.0,92.0,24.0,24.0,0.0,,,,,,,,,,,,,,21.781,68.208,21.781,False,MANEUVERING,MANEUVERING,,,flexible_commitment_switched,4,97.30729200236965,False,0,CLOCKWISE,{},"{""1"": 163.858, ""2"": 194.235, ""3"": 204.773, ""6"": 68.208}"
16.45,AUTO,123.724,33.219,15.521,0.0,0.0,0.0,92.0,24.0,24.0,0.0,,,,,,,,,,,,,,22.103,67.008,22.103,False,FOLLOW,FOLLOW,,,flexible_commitment_switched,5,96.88187499705236,False,0,CLOCKWISE,{},"{""1"": 162.76, ""2"": 193.817, ""3"": 204.093, ""6"": 67.008}"
16.5,AUTO,124.881,33.54,15.521,0.0,0.0,0.0,92.0,24.0,24.0,0.0,,,,,,,,,,,,,,22.424,65.808,22.424,False,FOLLOW,FOLLOW,,,flexible_commitment_switched,5,96.88187499705236,False,0,CLOCKWISE,{},"{""1"": 161.663, ""2"": 193.406, ""3"": 203.418, ""6"": 65.808}"
16.55,AUTO,126.037,33.861,15.521,0.0,0.0,0.0,92.0,24.0,24.0,0.0,,,,,,,,,,,,,,22.745,64.608,22.745,False,FOLLOW,FOLLOW,,,flexible_commitment_switched,5,96.88187499705236,False,0,CLOCKWISE,{},"{""1"": 160.567, ""2"": 193.001, ""3"": 202.748, ""6"": 64.608}"
16.6,AUTO,127.193,34.182,15.521,0.0,0.0,0.0,92.0,24.0,24.0,0.0,,,,,,,,,,,,,,23.066,63.408,23.066,False,FOLLOW,FOLLOW,,,flexible_commitment_switched,5,96.88187499705236,False,0,CLOCKWISE,{},"{""1"": 159.473, ""2"": 192.603, ""3"": 202.083, ""6"": 63.408}"
16.65,AUTO,128.349,34.503,15.521,0.0,0.0,0.0,92.0,24.0,24.0,0.0,,,,,,,,,,,,,,23.387,62.208,23.387,False,FOLLOW,FOLLOW,,,flexible_commitment_switched,5,96.88187499705236,False,0,CLOCKWISE,{},"{""1"": 158.38, ""2"": 192.211, ""3"": 201.423, ""6"": 62.208}"
16.7,AUTO,129.505,34.824,15.521,0.0,0.0,0.0,92.0,24.0,24.0,0.0,,,,,,,,,,,,,,23.708,61.008,23.708,False,FOLLOW,FOLLOW,,,flexible_commitment_switched,5,98.16837499965914,False,0,CLOCKWISE,{},"{""1"": 157.289, ""2"": 191.826, ""3"": 200.768, ""6"": 61.008}"
16.75,AUTO,130.662,35.145,15.521,0.0,0.0,0.0,92.0,24.0,24.0,0.0,,,,,,,,,,,,,,24.029,59.808,24.029,False,FOLLOW,FOLLOW,,,flexible_commitment_switched,5,98.16837499965914,False,0,CLOCKWISE,{},"{""1"": 156.2, ""2"": 191.448, ""3"": 200.118, ""6"": 59.808}"
16.8,AUTO,131.818,35.467,15.521,0.0,0.0,0.0,92.0,24.0,24.0,0.0,,,,,,,,,,,,,,24.35,58.608,24.35,False,FOLLOW,FOLLOW,,,flexible_commitment_switched,5,98.16837499965914,False,0,CLOCKWISE,{},"{""1"": 155.112, ""2"": 191.076, ""3"": 199.473, ""6"": 58.608}"
16.85,AUTO,132.974,35.788,15.521,0.0,0.0,0.0,92.0,24.0,24.0,0.0,,,,,,,,,,,,,,24.671,57.408,24.671,False,FOLLOW,FOLLOW,,,flexible_commitment_switched,5,98.16837499965914,False,0,CLOCKWISE,{},"{""1"": 154.026, ""2"": 190.712, ""3"": 198.833, ""6"": 57.408}"
16.9,AUTO,134.13,36.109,15.521,0.0,0.0,0.0,92.0,24.0,24.0,0.0,,,,,,,,,,,,,,24.993,56.208,24.993,False,FOLLOW,FOLLOW,,,flexible_commitment_switched,5,98.16837499965914,False,0,CLOCKWISE,{},"{""1"": 152.941, ""2"": 190.354, ""3"": 198.199, ""6"": 56.208}"
16.95,AUTO,135.287,36.43,15.521,0.0,0.0,0.0,92.0,24.0,24.0,0.0,,,,,,,,,,,,,,25.314,55.008,25.314,False,FOLLOW,FOLLOW,,,flexible_commitment_switched,5,97.4689579961705,False,0,CLOCKWISE,{},"{""1"": 151.859, ""2"": 190.003, ""3"": 197.57, ""6"": 55.008}"
17.0,AUTO,136.443,36.751,15.521,0.0,0.0,0.0,92.0,24.0,24.0,0.0,,,,,,,,,,,,,,25.635,53.808,25.635,False,FOLLOW,FOLLOW,,,flexible_commitment_switched,5,97.4689579961705,False,0,CLOCKWISE,{},"{""1"": 150.778, ""2"": 189.659, ""3"": 196.946, ""6"": 53.808}"
17.05,AUTO,137.599,37.072,15.521,0.0,0.0,0.0,92.0,24.0,24.0,0.0,,,,,,,,,,,,,,25.956,52.608,25.956,False,FOLLOW,FOLLOW,,,flexible_commitment_switched,5,97.4689579961705,False,0,CLOCKWISE,{},"{""1"": 149.699, ""2"": 189.322, ""3"": 196.327, ""6"": 52.608}"
17.1,AUTO,138.755,37.393,15.521,0.0,0.0,0.0,92.0,24.0,24.0,0.0,,,,,,,,,,,,,,26.277,51.408,26.277,False,FOLLOW,FOLLOW,,,flexible_commitment_switched,5,97.4689579961705,False,0,CLOCKWISE,{},"{""1"": 148.621, ""2"": 188.993, ""3"": 195.714, ""6"": 51.408}"
17.15,AUTO,139.912,37.714,15.521,0.0,0.0,0.0,92.0,24.0,24.0,0.0,,,,,,,,,,,,,,26.598,50.208,26.598,False,FOLLOW,FOLLOW,,,flexible_commitment_switched,5,97.4689579961705,False,0,CLOCKWISE,{},"{""1"": 147.546, ""2"": 188.67, ""3"": 195.106, ""6"": 50.208}"
17.2,AUTO,141.068,38.035,15.521,0.0,0.0,0.0,92.0,24.0,24.0,0.0,,,,,,,,,,,,,,26.919,49.008,26.919,False,FOLLOW,FOLLOW,,,flexible_commitment_kept,5,97.17566699691815,False,0,CLOCKWISE,{},"{""1"": 146.473, ""2"": 188.348, ""3"": 194.504, ""6"": 49.008}"
17.25,AUTO,142.224,38.356,15.521,0.0,0.0,0.0,92.0,24.0,24.0,0.0,,,,,,,,,,,,,,27.24,47.808,27.24,False,FOLLOW,FOLLOW,,,flexible_commitment_kept,5,97.17566699691815,False,0,CLOCKWISE,{},"{""1"": 145.401, ""2"": 188.027, ""3"": 193.907, ""6"": 47.808}"
17.3,AUTO,143.38,38.678,15.521,0.0,0.0,0.0,92.0,24.0,24.0,0.0,,,,,,,,,,,,,,27.561,46.608,27.561,False,FOLLOW,FOLLOW,,,flexible_commitment_kept,5,97.17566699691815,False,0,CLOCKWISE,{},"{""1"": 144.332, ""2"": 187.706, ""3"": 193.316, ""6"": 46.608}"
17.35,AUTO,144.537,38.999,15.521,0.0,0.0,0.0,92.0,24.0,24.0,0.0,,,,,,,,,,,,,,27.883,45.408,27.883,False,FOLLOW,FOLLOW,,,flexible_commitment_kept,5,97.17566699691815,False,0,CLOCKWISE,{},"{""1"": 143.264, ""2"": 187.385, ""3"": 192.73, ""6"": 45.408}"
17.4,AUTO,145.693,39.32,15.521,0.0,0.0,0.0,92.0,24.0,24.0,0.0,,,,,,,,,,,,,,28.204,44.208,28.204,False,FOLLOW,FOLLOW,,,flexible_commitment_kept,5,97.17566699691815,False,0,CLOCKWISE,{},"{""1"": 142.199, ""2"": 187.067, ""3"": 192.151, ""6"": 44.208}"
17.45,AUTO,146.849,39.641,15.521,0.0,0.0,0.0,92.0,24.0,24.0,0.0,,,,,,,,,,,,,,28.525,43.008,28.525,False,FOLLOW,FOLLOW,,,flexible_commitment_kept,5,98.1908329995349,False,0,CLOCKWISE,{},"{""1"": 141.136, ""2"": 186.756, ""3"": 191.577, ""6"": 43.008}"
17.5,AUTO,148.005,39.962,15.521,0.0,0.0,0.0,92.0,24.0,24.0,0.0,,,,,,,,,,,,,,28.846,41.808,28.846,False,FOLLOW,FOLLOW,,,flexible_commitment_kept,5,98.1908329995349,False,0,CLOCKWISE,{},"{""1"": 140.075, ""2"": 186.453, ""3"": 191.008, ""6"": 41.808}"
17.55,AUTO,149.162,40.283,15.521,0.0,0.0,0.0,92.0,24.0,24.0,0.0,,,,,,,,,,,,,,29.167,40.608,29.167,False,FOLLOW,FOLLOW,,,flexible_commitment_kept,5,98.1908329995349,False,0,CLOCKWISE,{},"{""1"": 139.017, ""2"": 186.156, ""3"": 190.446, ""6"": 40.608}"
17.6,AUTO,150.318,40.604,15.521,0.0,0.0,0.0,92.0,24.0,24.0,0.0,,,,,,,,,,,,,,29.488,39.408,29.488,False,FOLLOW,FOLLOW,,,flexible_commitment_kept,5,98.1908329995349,False,0,CLOCKWISE,{},"{""1"": 137.96, ""2"": 185.867, ""3"": 189.89, ""6"": 39.408}"
17.65,AUTO,151.474,40.925,15.521,0.0,0.0,0.0,92.0,24.0,24.0,0.0,,,,,,,,,,,,,,29.809,38.208,29.809,False,FOLLOW,FOLLOW,,,flexible_commitment_kept,5,98.1908329995349,False,0,CLOCKWISE,{},"{""1"": 136.906, ""2"": 185.585, ""3"": 189.339, ""6"": 38.208}"
17.7,AUTO,152.63,41.246,15.521,0.0,0.0,0.0,92.0,24.0,24.0,0.0,,,,,,,,,,,,,,30.13,37.008,30.13,False,FOLLOW,FOLLOW,,,flexible_commitment_kept,5,97.97733400046127,False,0,CLOCKWISE,{},"{""1"": 135.855, ""2"": 185.311, ""3"": 188.795, ""6"": 37.008}"
17.75,AUTO,153.787,41.568,15.521,0.0,0.0,0.0,92.0,24.0,24.0,0.0,,,,,,,,,,,,,,30.451,35.808,30.451,False,FOLLOW,FOLLOW,,,flexible_commitment_kept,5,97.97733400046127,False,0,CLOCKWISE,{},"{""1"": 134.806, ""2"": 185.044, ""3"": 188.257, ""6"": 35.808}"
17.8,AUTO,154.943,41.889,15.521,0.0,0.0,0.0,92.0,24.0,24.0,0.0,,,,,,,,,,,,,,30.773,34.608,30.773,False,FOLLOW,FOLLOW,,,flexible_commitment_kept,5,97.97733400046127,False,0,CLOCKWISE,{},"{""1"": 133.759, ""2"": 184.784, ""3"": 187.724, ""6"": 34.608}"
17.85,AUTO,156.099,42.21,15.521,0.0,0.0,0.0,92.0,24.0,24.0,0.0,,,,,,,,,,,,,,31.094,33.408,31.094,False,FOLLOW,FOLLOW,,,flexible_commitment_kept,5,97.97733400046127,False,0,CLOCKWISE,{},"{""1"": 132.716, ""2"": 184.532, ""3"": 187.198, ""6"": 33.408}"
17.9,AUTO,157.255,42.531,15.521,0.0,0.0,0.0,92.0,24.0,24.0,0.0,,,,,,,,,,,,,,31.415,32.208,31.415,False,FOLLOW,FOLLOW,,,flexible_commitment_kept,5,97.97733400046127,False,0,CLOCKWISE,{},"{""1"": 131.674, ""2"": 184.287, ""3"": 186.678, ""6"": 32.208}"
17.95,AUTO,158.414,42.844,15.147,-4.5,-19.231,-19.231,92.0,24.0,24.0,0.0,43.0,,,,,,,,,,,,,30.983,30.983,31.78,False,MANEUVERING,MANEUVERING,,,flexible_commitment_switched,5,73.63262499711709,False,0,CLOCKWISE,{},"{""1"": 130.626, ""2"": 184.115, ""3"": 186.211, ""6"": 30.983}"
18.0,AUTO,159.576,43.143,14.398,-9.0,-19.231,-19.231,92.0,24.0,24.0,0.0,43.0,,,,,,,,,,,,,29.728,29.728,32.183,False,MANEUVERING,MANEUVERING,,,flexible_commitment_switched,5,73.63262499711709,False,0,CLOCKWISE,{},"{""1"": 129.579, ""2"": 184.025, ""3"": 185.806, ""6"": 29.728}"
18.05,AUTO,160.744,43.418,13.276,-13.5,-19.231,-19.231,92.0,24.0,24.0,0.0,43.0,,,,,,,,,,,,,28.433,28.433,32.62,False,MANEUVERING,MANEUVERING,,,flexible_commitment_switched,5,73.63262499711709,False,0,CLOCKWISE,{},"{""1"": 128.542, ""2"": 184.03, ""3"": 185.476, ""6"": 28.433}"
18.1,AUTO,161.919,43.663,11.779,-18.0,-19.231,-19.231,92.0,24.0,24.0,0.0,43.0,,,,,,,,,,,,,27.082,27.082,33.086,False,MANEUVERING,MANEUVERING,,,flexible_commitment_switched,5,73.63262499711709,False,0,CLOCKWISE,{},"{""1"": 127.529, ""2"": 184.142, ""3"": 185.235, ""6"": 27.082}"
18.15,AUTO,163.1,43.875,10.18,-19.231,-19.231,-19.231,92.0,24.0,24.0,0.0,43.0,,,,,,,,,,,,,25.692,25.692,33.542,False,MANEUVERING,MANEUVERING,,,flexible_commitment_switched,5,73.63262499711709,False,0,CLOCKWISE,{},"{""1"": 126.552, ""2"": 184.324, ""3"": 185.058, ""6"": 25.692}"
18.2,AUTO,164.286,44.055,8.581,-19.231,-19.231,-19.231,92.0,24.0,24.0,0.0,43.0,,,,,,,,,,,,,24.273,24.273,33.973,False,MANEUVERING,MANEUVERING,,,flexible_commitment_switched,5,68.52837499900488,False,0,CLOCKWISE,{},"{""1"": 125.617, ""2"": 184.558, ""3"": 184.933, ""6"": 24.273}"
18.25,AUTO,165.477,44.2,6.983,-19.231,-19.231,-19.231,92.0,24.0,24.0,0.0,43.0,,,,,,,,,,,,,22.838,22.838,34.379,False,MANEUVERING,MANEUVERING,,,flexible_commitment_switched,5,68.52837499900488,False,0,CLOCKWISE,{},"{""1"": 124.724, ""2"": 184.844, ""3"": 184.861, ""6"": 22.838}"
18.3,AUTO,166.672,44.313,5.384,-19.231,-19.231,-19.231,92.0,24.0,24.0,0.0,43.0,,,,,,,,,,,,,21.417,21.417,34.759,False,MANEUVERING,MANEUVERING,,,flexible_commitment_switched,5,68.52837499900488,False,0,CLOCKWISE,{},"{""1"": 123.876, ""2"": 185.064, ""3"": 184.842, ""6"": 21.417}"
18.35,AUTO,167.869,44.392,3.785,-19.231,-19.231,-19.231,92.0,24.0,24.0,0.0,43.0,,,,,,,,,,,,,20.016,20.016,35.113,False,MANEUVERING,MANEUVERING,,,flexible_commitment_switched,5,68.52837499900488,False,0,CLOCKWISE,{},"{""1"": 123.074, ""2"": 185.101, ""3"": 184.875, ""6"": 20.016}"
18.4,AUTO,169.069,44.438,2.186,-19.231,-19.231,-19.231,92.0,24.0,24.0,0.0,43.0,,,,,,,,,,,,,18.641,18.641,35.441,False,MANEUVERING,MANEUVERING,,,flexible_commitment_switched,5,68.52837499900488,False,0,CLOCKWISE,{},"{""1"": 122.32, ""2"": 184.953, ""3"": 184.962, ""6"": 18.641}"
18.45,AUTO,170.268,44.45,0.587,-19.231,-19.231,-19.231,92.0,24.0,24.0,0.0,43.0,,,,,,,,,,,,,17.299,17.299,35.742,False,MANEUVERING,MANEUVERING,,,flexible_commitment_kept,5,72.71037500322564,False,0,CLOCKWISE,{},"{""1"": 121.615, ""2"": 184.695, ""3"": 185.101, ""6"": 17.299}"
18.5,AUTO,171.468,44.429,-1.012,-19.231,-19.231,-19.231,92.0,24.0,24.0,0.0,43.0,,,,,,,,,,,,,16.0,16.0,35.644,False,MANEUVERING,MANEUVERING,,,flexible_commitment_kept,5,72.71037500322564,False,0,CLOCKWISE,{},"{""1"": 120.96, ""2"": 184.484, ""3"": 185.292, ""6"": 16.0}"
18.55,AUTO,172.667,44.374,-2.611,-19.231,-19.231,-19.231,92.0,24.0,24.0,0.0,43.0,,,,,,,,,,,,,14.756,14.756,35.302,False,MANEUVERING,MANEUVERING,,,flexible_commitment_kept,5,72.71037500322564,False,0,CLOCKWISE,{},"{""1"": 120.358, ""2"": 184.324, ""3"": 185.536, ""6"": 14.756}"
18.6,AUTO,173.864,44.286,-4.21,-19.231,-19.231,-19.231,92.0,24.0,24.0,0.0,43.0,,,,,,,,,,,,,13.584,13.584,34.933,False,MANEUVERING,MANEUVERING,,,flexible_commitment_kept,5,72.71037500322564,False,0,CLOCKWISE,{},"{""1"": 119.808, ""2"": 184.217, ""3"": 185.828, ""6"": 13.584}"
18.65,AUTO,175.058,44.165,-5.809,-19.231,-19.231,-19.231,92.0,24.0,24.0,0.0,43.0,,,,,,,,,,,,,12.504,12.504,34.539,False,MANEUVERING,MANEUVERING,,,flexible_commitment_kept,5,72.71037500322564,False,0,CLOCKWISE,{},"{""1"": 119.312, ""2"": 184.162, ""3"": 186.014, ""6"": 12.504}"
18.7,AUTO,176.249,44.018,-7.034,-14.731,-9.615,-9.615,92.0,24.0,24.0,0.0,86.0,,,,,,,,,,,,,11.537,11.537,34.188,False,MANEUVERING,MANEUVERING,,,flexible_commitment_switched,5,78.34404200548306,False,0,CLOCKWISE,{},"{""1"": 118.832, ""2"": 184.208, ""3"": 186.028, ""6"": 11.537}"
18.75,AUTO,177.437,43.853,-7.885,-10.231,-9.615,-9.615,92.0,24.0,24.0,0.0,86.0,,,,,,,,,,,,,10.676,10.676,33.884,False,MANEUVERING,MANEUVERING,,,flexible_commitment_switched,5,78.34404200548306,False,0,CLOCKWISE,{},"{""1"": 118.352, ""2"": 184.342, ""3"": 185.968, ""6"": 10.676}"
18.8,AUTO,178.623,43.672,-8.684,-9.615,-9.615,-9.615,92.0,24.0,24.0,0.0,86.0,,,,,,,,,,,,,9.934,9.934,33.574,False,MANEUVERING,MANEUVERING,,,flexible_commitment_switched,5,78.34404200548306,False,0,CLOCKWISE,{},"{""1"": 117.897, ""2"": 184.512, ""3"": 185.856, ""6"": 9.934}"
18.85,AUTO,179.807,43.474,-9.483,-9.615,-9.615,-9.615,92.0,24.0,24.0,0.0,86.0,,,,,,,,,,,,,9.341,9.341,33.25,False,MANEUVERING,MANEUVERING,,,flexible_commitment_switched,5,78.34404200548306,False,0,CLOCKWISE,{},"{""1"": 117.474, ""2"": 184.709, ""3"": 185.731, ""6"": 9.341}"
18.9,AUTO,180.988,43.26,-10.283,-9.615,-9.615,-9.615,92.0,24.0,24.0,0.0,86.0,,,,,,,,,,,,,8.926,8.926,32.911,False,MANEUVERING,MANEUVERING,,,flexible_commitment_switched,5,78.34404200548306,False,0,CLOCKWISE,{},"{""1"": 117.082, ""2"": 184.934, ""3"": 185.634, ""6"": 8.926}"
18.95,AUTO,182.167,43.037,-10.708,-5.115,0.0,0.0,92.0,24.0,24.0,0.0,,,,,,,,,,,,,,8.65,8.65,32.622,False,MANEUVERING,MANEUVERING,,,flexible_commitment_switched,5,77.29445800214307,False,0,CLOCKWISE,{},"{""1"": 116.671, ""2"": 185.228, ""3"": 185.622, ""6"": 8.65}"
19.0,AUTO,183.346,42.813,-10.759,-0.615,0.0,0.0,92.0,24.0,24.0,0.0,,,,,,,,,,,,,,8.491,8.491,32.39,False,MANEUVERING,MANEUVERING,,,flexible_commitment_switched,5,77.29445800214307,False,0,CLOCKWISE,{},"{""1"": 116.23, ""2"": 185.58, ""3"": 185.686, ""6"": 8.491}"
19.05,AUTO,184.525,42.589,-10.759,0.0,0.0,0.0,92.0,24.0,24.0,0.0,,,,,,,,,,,,,,8.471,8.471,32.166,False,MANEUVERING,MANEUVERING,,,flexible_commitment_switched,5,77.29445800214307,False,0,CLOCKWISE,{},"{""1"": 115.794, ""2"": 185.946, ""3"": 185.767, ""6"": 8.471}"
19.1,AUTO,185.704,42.365,-10.759,0.0,0.0,0.0,92.0,24.0,24.0,0.0,,,,,,,,,,,,,,8.471,8.471,31.942,False,MANEUVERING,MANEUVERING,,,flexible_commitment_switched,5,77.29445800214307,False,0,CLOCKWISE,{},"{""1"": 115.369, ""2"": 186.319, ""3"": 185.855, ""6"": 8.471}"
19.15,AUTO,186.883,42.141,-10.759,0.0,0.0,0.0,92.0,24.0,24.0,0.0,,,,,,,,,,,,,,8.471,8.471,31.718,False,MANEUVERING,MANEUVERING,,,flexible_commitment_switched,5,77.29445800214307,False,0,CLOCKWISE,{},"{""1"": 114.955, ""2"": 186.699, ""3"": 185.951, ""6"": 8.471}"
19.2,AUTO,188.063,41.925,-10.375,4.5,12.489,12.489,92.0,24.0,24.0,0.0,64.4,,,,,,,,,,,,,8.42,8.42,31.561,False,MANEUVERING,MANEUVERING,,,flexible_commitment_switched,5,77.41708299727179,False,0,CLOCKWISE,{},"{""1"": 114.497, ""2"": 187.127, ""3"": 186.112, ""6"": 8.42}"
19.25,AUTO,189.246,41.725,-9.605,9.0,12.489,12.489,92.0,24.0,24.0,0.0,64.4,,,,,,,,,,,,,8.331,8.331,31.481,False,MANEUVERING,MANEUVERING,,,flexible_commitment_switched,5,77.41708299727179,False,0,CLOCKWISE,{},"{""1"": 113.987, ""2"": 187.596, ""3"": 186.331, ""6"": 8.331}"
19.3,AUTO,190.433,41.547,-8.538,12.489,12.489,12.489,92.0,24.0,24.0,0.0,64.4,,,,,,,,,,,,,8.226,8.226,31.472,False,MANEUVERING,MANEUVERING,,,flexible_commitment_switched,5,77.41708299727179,False,0,CLOCKWISE,{},"{""1"": 113.43, ""2"": 188.089, ""3"": 186.587, ""6"": 8.226}"
19.35,AUTO,191.623,41.391,-7.47,12.489,12.489,12.489,92.0,24.0,24.0,0.0,64.4,,,,,,,,,,,,,8.137,8.137,31.489,False,MANEUVERING,MANEUVERING,,,flexible_commitment_switched,5,77.41708299727179,False,0,CLOCKWISE,{},"{""1"": 112.864, ""2"": 188.57, ""3"": 186.831, ""6"": 8.137}"
19.4,AUTO,192.815,41.257,-6.403,12.489,12.489,12.489,92.0,24.0,24.0,0.0,64.4,,,,,,,,,,,,,8.064,8.064,31.531,False,MANEUVERING,MANEUVERING,,,flexible_commitment_switched,5,77.41708299727179,False,0,CLOCKWISE,{},"{""1"": 112.288, ""2"": 189.038, ""3"": 187.06, ""6"": 8.064}"
19.45,AUTO,194.01,41.145,-5.335,12.489,12.489,12.489,92.0,24.0,24.0,0.0,64.4,,,,,,,,,,,,,8.008,8.008,31.599,False,MANEUVERING,MANEUVERING,,,flexible_commitment_kept,5,100.2581669963547,False,0,CLOCKWISE,{},"{""1"": 111.702, ""2"": 189.493, ""3"": 187.276, ""6"": 8.008}"
19.5,AUTO,195.207,41.056,-4.267,12.489,12.489,12.489,92.0,24.0,24.0,0.0,64.4,,,,,,,,,,,,,7.969,7.969,31.693,False,MANEUVERING,MANEUVERING,,,flexible_commitment_kept,5,100.2581669963547,False,0,CLOCKWISE,{},"{""1"": 111.107, ""2"": 189.935, ""3"": 187.478, ""6"": 7.969}"
19.55,AUTO,196.405,40.989,-3.2,12.489,12.489,12.489,92.0,24.0,24.0,0.0,64.4,,,,,,,,,,,,,7.946,7.946,31.812,False,MANEUVERING,MANEUVERING,,,flexible_commitment_kept,5,100.2581669963547,False,0,CLOCKWISE,{},"{""1"": 110.503, ""2"": 190.364, ""3"": 187.666, ""6"": 7.946}"
19.6,AUTO,197.604,40.944,-2.132,12.489,12.489,12.489,92.0,24.0,24.0,0.0,64.4,,,,,,,,,,,,,7.94,7.94,31.957,False,MANEUVERING,MANEUVERING,,,flexible_commitment_kept,5,100.2581669963547,False,0,CLOCKWISE,{},"{""1"": 109.889, ""2"": 190.779, ""3"": 187.816, ""6"": 7.94}"
19.65,AUTO,198.804,40.922,-1.064,12.489,12.489,12.489,92.0,24.0,24.0,0.0,64.4,,,,,,,,,,,,,7.951,7.951,32.127,False,MANEUVERING,MANEUVERING,,,flexible_commitment_kept,5,100.2581669963547,False,0,CLOCKWISE,{},"{""1"": 109.266, ""2"": 191.182, ""3"": 187.92, ""6"": 7.951}"
19.7,AUTO,200.004,40.922,0.003,12.489,12.489,12.489,92.0,24.0,24.0,0.0,64.4,,,,,,,,,,,,,7.978,7.978,32.322,False,MANEUVERING,MANEUVERING,,,flexible_commitment_switched,5,99.91333299694816,False,0,CLOCKWISE,{},"{""1"": 108.633, ""2"": 191.571, ""3"": 187.978, ""6"": 7.978}"
19.75,AUTO,201.203,40.945,1.071,12.489,12.489,12.489,92.0,24.0,24.0,0.0,64.4,,,,,,,,,,,,,7.928,7.928,32.148,False,MANEUVERING,MANEUVERING,,,flexible_commitment_switched,5,99.91333299694816,False,0,CLOCKWISE,{},"{""1"": 107.992, ""2"": 191.948, ""3"": 187.897, ""6"": 7.928}"
19.8,AUTO,202.403,40.989,2.138,12.489,12.489,12.489,92.0,24.0,24.0,0.0,64.4,,,,,,,,,,,,,7.896,7.896,32.001,False,MANEUVERING,MANEUVERING,,,flexible_commitment_switched,5,99.91333299694816,False,0,CLOCKWISE,{},"{""1"": 107.341, ""2"": 192.31, ""3"": 187.77, ""6"": 7.896}"
19.85,AUTO,203.601,41.056,3.206,12.489,12.489,12.489,92.0,24.0,24.0,0.0,64.4,,,,,,,,,,,,,7.879,7.879,31.878,False,MANEUVERING,MANEUVERING,,,flexible_commitment_switched,5,99.91333299694816,False,0,CLOCKWISE,{},"{""1"": 106.682, ""2"": 192.66, ""3"": 187.598, ""6"": 7.879}"
19.9,AUTO,204.797,41.146,4.274,12.489,12.489,12.489,92.0,24.0,24.0,0.0,64.4,,,,,,,,,,,,,7.88,7.88,31.782,False,MANEUVERING,MANEUVERING,,,flexible_commitment_switched,5,99.91333299694816,False,0,CLOCKWISE,{},"{""1"": 106.013, ""2"": 192.996, ""3"": 187.388, ""6"": 7.88}"
19.95,AUTO,205.992,41.258,5.341,12.489,12.489,12.489,92.0,24.0,24.0,0.0,64.4,,,,,,,,,,,,,7.897,7.897,31.71,False,MANEUVERING,MANEUVERING,,,flexible_commitment_kept,5,99.77466599957552,False,0,CLOCKWISE,{},"{""1"": 105.335, ""2"": 193.318, ""3"": 187.163, ""6"": 7.897}"
20.0,AUTO,207.185,41.392,6.409,12.489,12.489,12.489,92.0,24.0,24.0,0.0,64.4,,,,,,,,,,,,,7.931,7.931,31.665,False,MANEUVERING,MANEUVERING,,,flexible_commitment_kept,5,99.77466599957552,False,0,CLOCKWISE,{},"{""1"": 104.649, ""2"": 193.627, ""3"": 186.925, ""6"": 7.931}"
20.05,AUTO,208.375,41.548,7.477,12.489,12.489,12.489,92.0,24.0,24.0,0.0,64.4,,,,,,,,,,,,,7.981,7.981,31.645,False,MANEUVERING,MANEUVERING,,,flexible_commitment_kept,5,99.77466599957552,False,0,CLOCKWISE,{},"{""1"": 103.953, ""2"": 193.922, ""3"": 186.673, ""6"": 7.981}"
20.1,AUTO,209.561,41.726,8.544,12.489,12.489,12.489,92.0,24.0,24.0,0.0,64.4,,,,,,,,,,,,,8.048,8.048,31.65,False,MANEUVERING,MANEUVERING,,,flexible_commitment_kept,5,99.77466599957552,False,0,CLOCKWISE,{},"{""1"": 103.249, ""2"": 194.204, ""3"": 186.407, ""6"": 8.048}"
20.15,AUTO,210.744,41.926,9.612,12.489,12.489,12.489,92.0,24.0,24.0,0.0,64.4,,,,,,,,,,,,,8.132,8.132,31.681,False,MANEUVERING,MANEUVERING,,,flexible_commitment_kept,5,99.77466599957552,False,0,CLOCKWISE,{},"{""1"": 102.537, ""2"": 194.472, ""3"": 186.128, ""6"": 8.132}"
20.2,AUTO,211.922,42.157,11.064,16.989,24.978,24.978,92.0,24.0,24.0,0.0,32.2,,,,,,,,,,,,,8.266,8.266,31.687,False,MANEUVERING,MANEUVERING,,,flexible_commitment_switched,5,99.87704100058181,False,0,CLOCKWISE,{},"{""1"": 101.779, ""2"": 194.786, ""3"": 185.763, ""6"": 8.266}"
20.25,AUTO,213.092,42.425,12.901,21.489,24.978,24.978,92.0,24.0,24.0,0.0,32.2,,,,,,,,,,,,,8.46,8.46,31.681,False,MANEUVERING,MANEUVERING,,,flexible_commitment_switched,5,99.87704100058181,False,0,CLOCKWISE,{},"{""1"": 100.975, ""2"": 195.142, ""3"": 185.306, ""6"": 8.46}"
20.3,AUTO,214.251,42.736,15.036,24.978,24.978,24.978,92.0,24.0,24.0,0.0,32.2,,,,,,,,,,,,,8.707,8.707,31.687,False,MANEUVERING,MANEUVERING,,,flexible_commitment_switched,5,99.87704100058181,False,0,CLOCKWISE,{},"{""1"": 100.132, ""2"": 195.516, ""3"": 184.772, ""6"": 8.707}"
20.35,AUTO,215.397,43.09,17.172,24.978,24.978,24.978,92.0,24.0,24.0,0.0,32.2,,,,,,,,,,,,,31.751,99.273,31.751,False,MANEUVERING,MANEUVERING,,,flexible_commitment_switched,5,99.87704100058181,False,0,CLOCKWISE,{},"{""1"": 99.273, ""2"": 195.713, ""3"": 184.211}"
20.4,AUTO,216.53,43.487,19.307,24.978,24.978,24.978,92.0,24.0,24.0,0.0,32.2,,,,,,,,,,,,,31.874,98.4,31.874,False,MANEUVERING,MANEUVERING,,,flexible_commitment_switched,5,99.87704100058181,False,0,CLOCKWISE,{},"{""1"": 98.4, ""2"": 195.672, ""3"": 183.624}"
20.45,AUTO,217.65,43.918,21.057,20.478,12.489,12.489,92.0,24.0,24.0,0.0,64.4,,,,,,,,,,,,,32.093,97.535,32.093,False,MANEUVERING,MANEUVERING,,,flexible_commitment_switched,4,67.13562500226544,False,0,CLOCKWISE,{},"{""1"": 97.535, ""2"": 195.463, ""3"": 183.075}"
20.5,AUTO,218.759,44.376,22.423,15.978,12.489,12.489,92.0,24.0,24.0,0.0,64.4,,,,,,,,,,,,,32.392,96.677,32.392,False,MANEUVERING,MANEUVERING,,,flexible_commitment_switched,4,67.13562500226544,False,0,CLOCKWISE,{},"{""1"": 96.677, ""2"": 195.205, ""3"": 182.564}"
20.55,AUTO,219.859,44.854,23.491,12.489,12.489,12.489,92.0,24.0,24.0,0.0,64.4,,,,,,,,,,,,,32.752,95.824,32.752,False,MANEUVERING,MANEUVERING,,,flexible_commitment_switched,4,67.13562500226544,False,0,CLOCKWISE,{},"{""1"": 95.824, ""2"": 194.98, ""3"": 182.083}"
20.6,AUTO,220.951,45.353,24.559,12.489,12.489,12.489,92.0,24.0,24.0,0.0,64.4,,,,,,,,,,,,,33.136,94.963,33.136,False,MANEUVERING,MANEUVERING,,,flexible_commitment_switched,4,67.13562500226544,False,0,CLOCKWISE,{},"{""1"": 94.963, ""2"": 194.742, ""3"": 181.59}"
20.65,AUTO,222.033,45.872,25.626,12.489,12.489,12.489,92.0,24.0,24.0,0.0,64.4,,,,,,,,,,,,,33.544,94.095,33.544,False,MANEUVERING,MANEUVERING,,,flexible_commitment_switched,4,67.13562500226544,False,0,CLOCKWISE,{},"{""1"": 94.095, ""2"": 194.489, ""3"": 181.083}"
20.7,AUTO,223.105,46.411,26.694,12.489,12.489,12.489,92.0,24.0,24.0,0.0,64.4,,,,,,,,,,,,,33.977,93.219,33.977,False,MANEUVERING,MANEUVERING,,,flexible_commitment_switched,5,67.52499999856809,False,0,CLOCKWISE,{},"{""1"": 93.219, ""2"": 194.223, ""3"": 180.565}"
20.75,AUTO,224.167,46.97,27.761,12.489,12.489,12.489,92.0,24.0,24.0,0.0,64.4,,,,,,,,,,,,,34.434,92.336,34.434,False,MANEUVERING,MANEUVERING,,,flexible_commitment_switched,5,67.52499999856809,False,0,CLOCKWISE,{},"{""1"": 92.336, ""2"": 193.943, ""3"": 180.033}"
20.8,AUTO,225.218,47.548,28.829,12.489,12.489,12.489,92.0,24.0,24.0,0.0,64.4,,,,,,,,,,,,,34.915,91.446,34.915,False,MANEUVERING,MANEUVERING,,,flexible_commitment_switched,5,67.52499999856809,False,0,CLOCKWISE,{},"{""1"": 91.446, ""2"": 193.649, ""3"": 179.49}"
20.85,AUTO,226.258,48.147,29.897,12.489,12.489,12.489,92.0,24.0,24.0,0.0,64.4,,,,,,,,,,,,,35.42,90.549,35.42,False,MANEUVERING,MANEUVERING,,,flexible_commitment_switched,5,67.52499999856809,False,0,CLOCKWISE,{},"{""1"": 90.549, ""2"": 193.342, ""3"": 178.934}"
20.9,AUTO,227.287,48.764,30.964,12.489,12.489,12.489,92.0,24.0,24.0,0.0,64.4,,,,,,,,,,,,,35.949,89.645,35.949,False,MANEUVERING,MANEUVERING,,,flexible_commitment_switched,5,67.52499999856809,False,0,CLOCKWISE,{},"{""1"": 89.645, ""2"": 193.022, ""3"": 178.365}"
20.95,AUTO,228.305,49.4,32.032,12.489,12.489,12.489,92.0,24.0,24.0,0.0,64.4,,,,,,,,,,,,,36.501,88.734,36.501,False,MANEUVERING,MANEUVERING,,,flexible_commitment_switched,5,67.31054100237088,False,0,CLOCKWISE,{},"{""1"": 88.734, ""2"": 192.687, ""3"": 177.785}"
21.0,AUTO,229.31,50.056,33.1,12.489,12.489,12.489,92.0,24.0,24.0,0.0,64.4,,,,,,,,,,,,,37.076,87.816,37.076,False,MANEUVERING,MANEUVERING,,,flexible_commitment_switched,5,67.31054100237088,False,0,CLOCKWISE,{},"{""1"": 87.816, ""2"": 192.34, ""3"": 177.193}"
21.05,AUTO,230.303,50.73,34.167,12.489,12.489,12.489,92.0,24.0,24.0,0.0,64.4,,,,,,,,,,,,,37.675,86.891,37.675,False,MANEUVERING,MANEUVERING,,,flexible_commitment_switched,5,67.31054100237088,False,0,CLOCKWISE,{},"{""1"": 86.891, ""2"": 191.978, ""3"": 176.588}"
21.1,AUTO,231.283,51.422,35.235,12.489,12.489,12.489,92.0,24.0,24.0,0.0,64.4,,,,,,,,,,,,,38.297,85.961,38.297,False,MANEUVERING,MANEUVERING,,,flexible_commitment_switched,5,67.31054100237088,False,0,CLOCKWISE,{},"{""1"": 85.961, ""2"": 191.604, ""3"": 175.972}"
21.15,AUTO,232.25,52.133,36.302,12.489,12.489,12.489,92.0,24.0,24.0,0.0,64.4,,,,,,,,,,,,,38.941,85.023,38.941,False,MANEUVERING,MANEUVERING,,,flexible_commitment_switched,5,67.31054100237088,False,0,CLOCKWISE,{},"{""1"": 85.023, ""2"": 191.216, ""3"": 175.344}"
21.2,AUTO,233.204,52.861,37.37,12.489,12.489,12.489,92.0,24.0,24.0,0.0,64.4,,,,,,,,,,,,,39.608,84.08,39.608,False,MANEUVERING,MANEUVERING,,,flexible_commitment_switched,5,77.59237499703886,False,0,CLOCKWISE,{},"{""1"": 84.08, ""2"": 190.815, ""3"": 174.704}"
21.25,AUTO,234.144,53.607,38.438,12.489,12.489,12.489,92.0,24.0,24.0,0.0,64.4,,,,,,,,,,,,,40.297,83.13,40.297,False,MANEUVERING,MANEUVERING,,,flexible_commitment_switched,5,77.59237499703886,False,0,CLOCKWISE,{},"{""1"": 83.13, ""2"": 190.401, ""3"": 174.053}"
21.3,AUTO,235.07,54.37,39.505,12.489,12.489,12.489,92.0,24.0,24.0,0.0,64.4,,,,,,,,,,,,,41.007,82.174,41.007,False,MANEUVERING,MANEUVERING,,,flexible_commitment_switched,5,77.59237499703886,False,0,CLOCKWISE,{},"{""1"": 82.174, ""2"": 189.973, ""3"": 173.39}"
21.35,AUTO,235.981,55.151,40.573,12.489,12.489,12.489,92.0,24.0,24.0,0.0,64.4,,,,,,,,,,,,,41.74,81.212,41.74,False,MANEUVERING,MANEUVERING,,,flexible_commitment_switched,5,77.59237499703886,False,0,CLOCKWISE,{},"{""1"": 81.212, ""2"": 189.532, ""3"": 172.715}"
21.4,AUTO,236.878,55.948,41.641,12.489,12.489,12.489,92.0,24.0,24.0,0.0,64.4,,,,,,,,,,,,,42.494,80.244,42.494,False,MANEUVERING,MANEUVERING,,,flexible_commitment_switched,5,77.59237499703886,False,0,CLOCKWISE,{},"{""1"": 80.244, ""2"": 189.079, ""3"": 172.029}"
21.45,AUTO,237.76,56.762,42.708,12.489,12.489,12.489,92.0,24.0,24.0,0.0,64.4,,,,,,,,,,,,,43.27,79.271,43.27,False,MANEUVERING,MANEUVERING,,,flexible_commitment_switched,5,101.25562499888474,False,0,CLOCKWISE,{},"{""1"": 79.271, ""2"": 188.612, ""3"": 171.333}"
21.5,AUTO,238.626,57.592,43.776,12.489,12.489,12.489,92.0,24.0,24.0,0.0,64.4,,,,,,,,,,,,,44.066,78.292,44.066,False,MANEUVERING,MANEUVERING,,,flexible_commitment_switched,5,101.25562499888474,False,0,CLOCKWISE,{},"{""1"": 78.292, ""2"": 188.133, ""3"": 170.624}"
21.55,AUTO,239.477,58.438,44.843,12.489,12.489,12.489,92.0,24.0,24.0,0.0,64.4,,,,,,,,,,,,,44.884,77.308,44.884,False,MANEUVERING,MANEUVERING,,,flexible_commitment_switched,5,101.25562499888474,False,0,CLOCKWISE,{},"{""1"": 77.308, ""2"": 187.64, ""3"": 169.905}"
21.6,AUTO,240.312,59.3,45.911,12.489,12.489,12.489,92.0,24.0,24.0,0.0,64.4,,,,,,,,,,,,,45.721,76.318,45.721,False,MANEUVERING,MANEUVERING,,,flexible_commitment_switched,5,101.25562499888474,False,0,CLOCKWISE,{},"{""1"": 76.318, ""2"": 187.135, ""3"": 169.175}"
21.65,AUTO,241.131,60.178,46.979,12.489,12.489,12.489,92.0,24.0,24.0,0.0,64.4,,,,,,,,,,,,,45.367,75.323,45.367,False,MANEUVERING,MANEUVERING,,,flexible_commitment_switched,5,101.25562499888474,False,0,CLOCKWISE,{},"{""1"": 75.323, ""2"": 186.617, ""3"": 168.435}"
21.7,AUTO,241.933,61.07,48.046,12.489,12.489,12.489,92.0,24.0,24.0,0.0,64.4,,,,,,,,,,,,,44.602,74.324,44.602,False,MANEUVERING,MANEUVERING,,,flexible_commitment_switched,5,100.9442089998629,False,0,CLOCKWISE,{},"{""1"": 74.324, ""2"": 186.087, ""3"": 167.683}"
21.75,AUTO,242.718,61.977,49.114,12.489,12.489,12.489,92.0,24.0,24.0,0.0,64.4,,,,,,,,,,,,,43.858,73.319,43.858,False,MANEUVERING,MANEUVERING,,,flexible_commitment_switched,5,100.9442089998629,False,0,CLOCKWISE,{},"{""1"": 73.319, ""2"": 185.544, ""3"": 166.921}"
21.8,AUTO,243.487,62.899,50.182,12.489,12.489,12.489,92.0,24.0,24.0,0.0,64.4,,,,,,,,,,,,,43.136,72.31,43.136,False,MANEUVERING,MANEUVERING,,,flexible_commitment_switched,5,100.9442089998629,False,0,CLOCKWISE,{},"{""1"": 72.31, ""2"": 184.988, ""3"": 166.149}"
21.85,AUTO,244.238,63.835,51.249,12.489,12.489,12.489,92.0,24.0,24.0,0.0,64.4,,,,,,,,,,,,,42.436,71.296,42.436,False,MANEUVERING,MANEUVERING,,,flexible_commitment_switched,5,100.9442089998629,False,0,CLOCKWISE,{},"{""1"": 71.296, ""2"": 184.421, ""3"": 165.366}"
21.9,AUTO,244.971,64.784,52.317,12.489,12.489,12.489,92.0,24.0,24.0,0.0,64.4,,,,,,,,,,,,,41.758,70.278,41.758,False,MANEUVERING,MANEUVERING,,,flexible_commitment_switched,5,100.9442089998629,False,0,CLOCKWISE,{},"{""1"": 70.278, ""2"": 183.84, ""3"": 164.573}"
21.95,AUTO,245.687,65.748,53.384,12.489,12.489,12.489,92.0,24.0,24.0,0.0,64.4,,,,,,,,,,,,,41.103,69.255,41.103,False,MANEUVERING,MANEUVERING,,,flexible_commitment_switched,5,100.89766600140138,False,0,CLOCKWISE,{},"{""1"": 69.255, ""2"": 183.248, ""3"": 163.77}"
22.0,AUTO,246.385,66.724,54.452,12.489,12.489,12.489,92.0,24.0,24.0,0.0,64.4,,,,,,,,,,,,,40.47,68.229,40.47,False,MANEUVERING,MANEUVERING,,,flexible_commitment_switched,5,100.89766600140138,False,0,CLOCKWISE,{},"{""1"": 68.229, ""2"": 182.644, ""3"": 162.957}"
22.05,AUTO,247.064,67.713,55.52,12.489,12.489,12.489,92.0,24.0,24.0,0.0,64.4,,,,,,,,,,,,,39.86,67.199,39.86,False,MANEUVERING,MANEUVERING,,,flexible_commitment_switched,5,100.89766600140138,False,0,CLOCKWISE,{},"{""1"": 67.199, ""2"": 182.027, ""3"": 162.135}"
22.1,AUTO,247.725,68.715,56.587,12.489,12.489,12.489,92.0,24.0,24.0,0.0,64.4,,,,,,,,,,,,,39.273,66.165,39.273,False,MANEUVERING,MANEUVERING,,,flexible_commitment_switched,5,100.89766600140138,False,0,CLOCKWISE,{},"{""1"": 66.165, ""2"": 181.398, ""3"": 161.302}"
22.15,AUTO,248.367,69.729,57.655,12.489,12.489,12.489,92.0,24.0,24.0,0.0,64.4,,,,,,,,,,,,,38.71,65.128,38.71,False,MANEUVERING,MANEUVERING,,,flexible_commitment_switched,5,100.89766600140138,False,0,CLOCKWISE,{},"{""1"": 65.128, ""2"": 180.758, ""3"": 160.461}"
22.2,AUTO,248.99,70.754,58.723,12.489,12.489,12.489,92.0,24.0,24.0,0.0,64.4,,,,,,,,,,,,,38.17,64.087,38.17,False,MANEUVERING,MANEUVERING,,,flexible_commitment_switched,5,100.43558399775065,False,0,CLOCKWISE,{},"{""1"": 64.087, ""2"": 180.106, ""3"": 159.609}"
22.25,AUTO,249.594,71.791,59.79,12.489,12.489,12.489,92.0,24.0,24.0,0.0,64.4,,,,,,,,,,,,,37.653,63.044,37.653,False,MANEUVERING,MANEUVERING,,,flexible_commitment_switched,5,100.43558399775065,False,0,CLOCKWISE,{},"{""1"": 63.044, ""2"": 179.442, ""3"": 158.749}"
22.3,AUTO,250.178,72.839,60.858,12.489,12.489,12.489,92.0,24.0,24.0,0.0,64.4,,,,,,,,,,,,,37.161,61.997,37.161,False,MANEUVERING,MANEUVERING,,,flexible_commitment_switched,5,100.43558399775065,False,0,CLOCKWISE,{},"{""1"": 61.997, ""2"": 178.767, ""3"": 157.88}"
22.35,AUTO,250.743,73.898,61.925,12.489,12.489,12.489,92.0,24.0,24.0,0.0,64.4,,,,,,,,,,,,,36.692,60.948,36.692,False,MANEUVERING,MANEUVERING,,,flexible_commitment_switched,5,100.43558399775065,False,0,CLOCKWISE,{},"{""1"": 60.948, ""2"": 178.08, ""3"": 157.001}"
22.4,AUTO,251.288,74.967,62.993,12.489,12.489,12.489,92.0,24.0,24.0,0.0,64.4,,,,,,,,,,,,,36.248,59.897,36.248,False,MANEUVERING,MANEUVERING,,,flexible_commitment_switched,5,100.43558399775065,False,0,CLOCKWISE,{},"{""1"": 59.897, ""2"": 177.382, ""3"": 156.114}"
22.45,AUTO,251.813,76.046,64.061,12.489,12.489,12.489,92.0,24.0,24.0,0.0,64.4,,,,,,,,,,,,,35.828,58.843,35.828,False,MANEUVERING,MANEUVERING,,,flexible_commitment_switched,5,101.01008300262038,False,0,CLOCKWISE,{},"{""1"": 58.843, ""2"": 176.673, ""3"": 155.219}"
22.5,AUTO,252.317,77.135,65.128,12.489,12.489,12.489,92.0,24.0,24.0,0.0,64.4,,,,,,,,,,,,,35.433,57.788,35.433,False,MANEUVERING,MANEUVERING,,,flexible_commitment_switched,5,101.01008300262038,False,0,CLOCKWISE,{},"{""1"": 57.788, ""2"": 175.952, ""3"": 154.314}"
22.55,AUTO,252.802,78.233,66.196,12.489,12.489,12.489,92.0,24.0,24.0,0.0,64.4,,,,,,,,,,,,,35.062,56.731,35.062,False,MANEUVERING,MANEUVERING,,,flexible_commitment_switched,5,101.01008300262038,False,0,CLOCKWISE,{},"{""1"": 56.731, ""2"": 175.221, ""3"": 153.402}"
22.6,AUTO,253.266,79.34,67.263,12.489,12.489,12.489,92.0,24.0,24.0,0.0,64.4,,,,,,,,,,,,,34.716,55.672,34.716,False,MANEUVERING,MANEUVERING,,,flexible_commitment_switched,5,101.01008300262038,False,0,CLOCKWISE,{},"{""1"": 55.672, ""2"": 174.479, ""3"": 152.482}"
22.65,AUTO,253.709,80.455,68.331,12.489,12.489,12.489,92.0,24.0,24.0,0.0,64.4,,,,,,,,,,,,,34.394,54.613,34.394,False,MANEUVERING,MANEUVERING,,,flexible_commitment_switched,5,101.01008300262038,False,0,CLOCKWISE,{},"{""1"": 54.613, ""2"": 173.725, ""3"": 151.553}"
22.7,AUTO,254.131,81.578,69.399,12.489,12.489,12.489,92.0,24.0,24.0,0.0,64.4,,,,,,,,,,,,,34.098,53.553,34.098,False,MANEUVERING,MANEUVERING,,,flexible_commitment_kept,5,101.04962499463,False,0,CLOCKWISE,{},"{""1"": 53.553, ""2"": 172.962, ""3"": 150.617}"
22.75,AUTO,254.532,82.709,70.466,12.489,12.489,12.489,92.0,24.0,24.0,0.0,64.4,,,,,,,,,,,,,33.827,52.493,33.827,False,MANEUVERING,MANEUVERING,,,flexible_commitment_kept,5,101.04962499463,False,0,CLOCKWISE,{},"{""1"": 52.493, ""2"": 172.187, ""3"": 149.674}"
22.8,AUTO,254.912,83.847,71.534,12.489,12.489,12.489,92.0,24.0,24.0,0.0,64.4,,,,,,,,,,,,,33.581,51.433,33.581,False,MANEUVERING,MANEUVERING,,,flexible_commitment_kept,5,101.04962499463,False,0,CLOCKWISE,{},"{""1"": 51.433, ""2"": 171.403, ""3"": 148.723}"
22.85,AUTO,255.271,84.993,72.602,12.489,12.489,12.489,92.0,24.0,24.0,0.0,64.4,,,,,,,,,,,,,33.36,50.373,33.36,False,MANEUVERING,MANEUVERING,,,flexible_commitment_kept,5,101.04962499463,False,0,CLOCKWISE,{},"{""1"": 50.373, ""2"": 170.608, ""3"": 147.765}"
22.9,AUTO,255.608,86.144,73.669,12.489,12.489,12.489,92.0,24.0,24.0,0.0,64.4,,,,,,,,,,,,,33.165,49.314,33.165,False,MANEUVERING,MANEUVERING,,,flexible_commitment_kept,5,101.04962499463,False,0,CLOCKWISE,{},"{""1"": 49.314, ""2"": 169.803, ""3"": 146.799}"
22.95,AUTO,255.924,87.302,74.737,12.489,12.489,12.489,92.0,24.0,24.0,0.0,64.4,,,,,,,,,,,,,32.995,48.256,32.995,False,MANEUVERING,MANEUVERING,,,flexible_commitment_kept,5,99.8077500044019,False,0,CLOCKWISE,{},"{""1"": 48.256, ""2"": 168.988, ""3"": 145.828}"
23.0,AUTO,256.219,88.465,75.804,12.489,12.489,12.489,92.0,24.0,24.0,0.0,64.4,,,,,,,,,,,,,32.851,47.2,32.851,False,MANEUVERING,MANEUVERING,,,flexible_commitment_kept,5,99.8077500044019,False,0,CLOCKWISE,{},"{""1"": 47.2, ""2"": 168.163, ""3"": 144.849}"
23.05,AUTO,256.491,89.634,76.872,12.489,12.489,12.489,92.0,24.0,24.0,0.0,64.4,,,,,,,,,,,,,32.732,46.146,32.732,False,MANEUVERING,MANEUVERING,,,flexible_commitment_kept,5,99.8077500044019,False,0,CLOCKWISE,{},"{""1"": 46.146, ""2"": 167.328, ""3"": 143.864}"
23.1,AUTO,256.742,90.807,77.94,12.489,12.489,12.489,92.0,24.0,24.0,0.0,64.4,,,,,,,,,,,,,32.638,45.094,32.638,False,MANEUVERING,MANEUVERING,,,flexible_commitment_kept,5,99.8077500044019,False,0,CLOCKWISE,{},"{""1"": 45.094, ""2"": 166.484, ""3"": 142.873}"
23.15,AUTO,256.971,91.985,79.007,12.489,12.489,12.489,92.0,24.0,24.0,0.0,64.4,,,,,,,,,,,,,32.571,44.046,32.571,False,MANEUVERING,MANEUVERING,,,flexible_commitment_kept,5,99.8077500044019,False,0,CLOCKWISE,{},"{""1"": 44.046, ""2"": 165.63, ""3"": 141.876}"
23.2,AUTO,257.178,93.167,80.075,12.489,12.489,12.489,92.0,24.0,24.0,0.0,64.4,,,,,,,,,,,,,32.528,43.002,32.528,False,MANEUVERING,MANEUVERING,,,flexible_commitment_kept,5,95.62716700020246,False,0,CLOCKWISE,{},"{""1"": 43.002, ""2"": 164.768, ""3"": 140.874}"
23.25,AUTO,257.362,94.353,81.143,12.489,12.489,12.489,92.0,24.0,24.0,0.0,64.4,,,,,,,,,,,,,32.512,41.959,32.512,False,MANEUVERING,MANEUVERING,,,flexible_commitment_kept,5,95.62716700020246,False,0,CLOCKWISE,{},"{""1"": 41.959, ""2"": 163.896, ""3"": 139.866}"
23.3,AUTO,257.525,95.542,82.21,12.489,12.489,12.489,92.0,24.0,24.0,0.0,64.4,,,,,,,,,,,,,32.521,40.9,32.521,False,MANEUVERING,MANEUVERING,,,flexible_commitment_kept,5,95.62716700020246,False,0,CLOCKWISE,{},"{""1"": 40.9, ""2"": 163.015, ""3"": 138.852}"
23.35,AUTO,257.665,96.734,83.278,12.489,12.489,12.489,92.0,24.0,24.0,0.0,64.4,,,,,,,,,,,,,32.556,39.823,32.556,False,MANEUVERING,MANEUVERING,,,flexible_commitment_kept,5,95.62716700020246,False,0,CLOCKWISE,{},"{""1"": 39.823, ""2"": 162.125, ""3"": 137.834}"
23.4,AUTO,257.784,97.928,84.345,12.489,12.489,12.489,92.0,24.0,24.0,0.0,64.4,,,,,,,,,,,,,32.616,38.728,32.616,False,MANEUVERING,MANEUVERING,,,flexible_commitment_kept,5,95.62716700020246,False,0,CLOCKWISE,{},"{""1"": 38.728, ""2"": 161.227, ""3"": 136.811}"
23.45,AUTO,257.88,99.124,85.413,12.489,12.489,12.489,92.0,24.0,24.0,0.0,64.4,,,,,,,,,,,,,32.702,37.616,32.702,False,MANEUVERING,MANEUVERING,,,flexible_commitment_kept,5,121.94049999379786,False,0,CLOCKWISE,{},"{""1"": 37.616, ""2"": 160.32, ""3"": 135.784}"
23.5,AUTO,257.953,100.322,86.481,12.489,12.489,12.489,92.0,24.0,24.0,0.0,64.4,,,,,,,,,,,,,32.814,36.486,32.814,False,MANEUVERING,MANEUVERING,,,flexible_commitment_kept,5,121.94049999379786,False,0,CLOCKWISE,{},"{""1"": 36.486, ""2"": 159.405, ""3"": 134.752}"
23.55,AUTO,258.005,101.521,87.548,12.489,12.489,12.489,92.0,24.0,24.0,0.0,64.4,,,,,,,,,,,,,32.951,35.341,32.951,False,MANEUVERING,MANEUVERING,,,flexible_commitment_kept,5,121.94049999379786,False,0,CLOCKWISE,{},"{""1"": 35.341, ""2"": 158.482, ""3"": 133.716}"
23.6,AUTO,258.034,102.72,88.616,12.489,12.489,12.489,92.0,24.0,24.0,0.0,64.4,,,,,,,,,,,,,33.114,34.179,33.114,False,MANEUVERING,MANEUVERING,,,flexible_commitment_kept,5,121.94049999379786,False,0,CLOCKWISE,{},"{""1"": 34.179, ""2"": 157.551, ""3"": 132.676}"
23.65,AUTO,258.04,103.92,89.684,12.489,12.489,12.489,92.0,24.0,24.0,0.0,64.4,,,,,,,,,,,,,33.001,33.001,33.302,False,MANEUVERING,MANEUVERING,,,flexible_commitment_kept,5,121.94049999379786,False,0,CLOCKWISE,{},"{""1"": 33.001, ""2"": 156.612, ""3"": 131.634}"
23.7,AUTO,258.024,105.12,90.751,12.489,12.489,12.489,92.0,24.0,24.0,0.0,64.4,,,,,,,,,,,,,31.742,31.742,33.238,False,MANEUVERING,MANEUVERING,,,flexible_commitment_switched,5,105.78949999762699,False,0,CLOCKWISE,{},"{""1"": 31.742, ""2"": 155.666, ""3"": 130.587}"
23.75,AUTO,257.986,106.32,91.819,12.489,12.489,12.489,92.0,24.0,24.0,0.0,64.4,,,,,,,,,,,,,30.441,30.441,33.082,False,MANEUVERING,MANEUVERING,,,flexible_commitment_switched,5,105.78949999762699,False,0,CLOCKWISE,{},"{""1"": 30.441, ""2"": 154.712, ""3"": 129.539}"
23.8,AUTO,257.926,107.518,92.886,12.489,12.489,12.489,92.0,24.0,24.0,0.0,64.4,,,,,,,,,,,,,29.126,29.126,32.952,False,MANEUVERING,MANEUVERING,,,flexible_commitment_switched,5,105.78949999762699,False,0,CLOCKWISE,{},"{""1"": 29.126, ""2"": 153.751, ""3"": 128.487}"
23.85,AUTO,257.843,108.715,93.954,12.489,12.489,12.489,92.0,24.0,24.0,0.0,64.4,,,,,,,,,,,,,27.796,27.796,32.848,False,MANEUVERING,MANEUVERING,,,flexible_commitment_switched,5,105.78949999762699,False,0,CLOCKWISE,{},"{""1"": 27.796, ""2"": 152.783, ""3"": 127.433}"
23.9,AUTO,257.738,109.911,95.022,12.489,12.489,12.489,92.0,24.0,24.0,0.0,64.4,,,,,,,,,,,,,26.453,26.453,32.769,False,MANEUVERING,MANEUVERING,,,flexible_commitment_switched,5,105.78949999762699,False,0,CLOCKWISE,{},"{""1"": 26.453, ""2"": 151.809, ""3"": 126.378}"
23.95,AUTO,257.603,111.103,96.474,16.989,24.978,24.978,92.0,24.0,24.0,0.0,32.2,,,,,,,,,,,,,25.041,25.041,32.66,False,MANEUVERING,MANEUVERING,,,flexible_commitment_switched,5,98.27137499814853,False,0,CLOCKWISE,{},"{""1"": 25.041, ""2"": 150.833, ""3"": 125.356}"
24.0,AUTO,257.429,112.29,98.311,21.489,24.978,24.978,92.0,24.0,24.0,0.0,32.2,,,,,,,,,,,,,23.58,23.58,32.532,False,MANEUVERING,MANEUVERING,,,flexible_commitment_switched,5,98.27137499814853,False,0,CLOCKWISE,{},"{""1"": 23.58, ""2"": 149.859, ""3"": 124.373}"
24.05,AUTO,257.212,113.47,100.446,24.978,24.978,24.978,92.0,24.0,24.0,0.0,32.2,,,,,,,,,,,,,22.106,22.106,32.413,False,MANEUVERING,MANEUVERING,,,flexible_commitment_switched,5,98.27137499814853,False,0,CLOCKWISE,{},"{""1"": 22.106, ""2"": 148.889, ""3"": 123.427}"
24.1,AUTO,256.95,114.642,102.581,24.978,24.978,24.978,92.0,24.0,24.0,0.0,32.2,,,,,,,,,,,,,20.671,20.671,32.353,False,MANEUVERING,MANEUVERING,,,flexible_commitment_switched,5,98.27137499814853,False,0,CLOCKWISE,{},"{""1"": 20.671, ""2"": 147.917, ""3"": 122.491}"
24.15,AUTO,256.646,115.802,104.717,24.978,24.978,24.978,92.0,24.0,24.0,0.0,32.2,,,,,,,,,,,,,19.285,19.285,32.35,False,MANEUVERING,MANEUVERING,,,flexible_commitment_switched,5,98.27137499814853,False,0,CLOCKWISE,{},"{""1"": 19.285, ""2"": 146.944, ""3"": 121.567}"
24.2,AUTO,256.298,116.951,106.852,24.978,24.978,24.978,92.0,24.0,24.0,0.0,32.2,,,,,,,,,,,,,17.935,17.935,32.406,False,MANEUVERING,MANEUVERING,,,flexible_commitment_kept,5,100.79141599999275,False,0,CLOCKWISE,{},"{""1"": 17.935, ""2"": 145.972, ""3"": 120.655}"
24.25,AUTO,255.907,118.085,108.987,24.978,24.978,24.978,92.0,24.0,24.0,0.0,32.2,,,,,,,,,,,,,16.617,16.617,32.52,False,MANEUVERING,MANEUVERING,,,flexible_commitment_kept,5,100.79141599999275,False,0,CLOCKWISE,{},"{""1"": 16.617, ""2"": 145.001, ""3"": 119.758}"
24.3,AUTO,255.475,119.205,111.122,24.978,24.978,24.978,92.0,24.0,24.0,0.0,32.2,,,,,,,,,,,,,15.332,15.332,32.692,False,MANEUVERING,MANEUVERING,,,flexible_commitment_kept,5,100.79141599999275,False,0,CLOCKWISE,{},"{""1"": 15.332, ""2"": 144.034, ""3"": 118.862}"
24.35,AUTO,255.001,120.307,113.258,24.978,24.978,24.978,92.0,24.0,24.0,0.0,32.2,,,,,,,,,,,,,14.081,14.081,32.922,False,MANEUVERING,MANEUVERING,,,flexible_commitment_kept,5,100.79141599999275,False,0,CLOCKWISE,{},"{""1"": 14.081, ""2"": 143.071, ""3"": 117.825}"
24.4,AUTO,254.486,121.391,115.393,24.978,24.978,24.978,92.0,24.0,24.0,0.0,32.2,,,,,,,,,,,,,12.867,12.867,33.21,False,MANEUVERING,MANEUVERING,,,flexible_commitment_kept,5,100.79141599999275,False,0,CLOCKWISE,{},"{""1"": 12.867, ""2"": 142.114, ""3"": 116.609}"
24.45,AUTO,253.939,122.459,117.144,20.478,12.489,12.489,92.0,24.0,24.0,0.0,64.4,,,,,,,,,,,,,11.73,11.73,33.584,False,MANEUVERING,MANEUVERING,,,flexible_commitment_switched,5,111.53750000084983,False,0,CLOCKWISE,{},"{""1"": 11.73, ""2"": 141.125, ""3"": 115.263}"
24.5,AUTO,253.366,123.514,118.509,15.978,12.489,12.489,92.0,24.0,24.0,0.0,64.4,,,,,,,,,,,,,10.713,10.713,34.029,False,MANEUVERING,MANEUVERING,,,flexible_commitment_switched,5,111.53750000084983,False,0,CLOCKWISE,{},"{""1"": 10.713, ""2"": 140.097, ""3"": 113.873}"
24.55,AUTO,252.774,124.557,119.577,12.489,12.489,12.489,92.0,24.0,24.0,0.0,64.4,,,,,,,,,,,,,9.816,9.816,34.527,False,MANEUVERING,MANEUVERING,,,flexible_commitment_switched,5,111.53750000084983,False,0,CLOCKWISE,{},"{""1"": 9.816, ""2"": 139.037, ""3"": 112.517}"
24.6,AUTO,252.162,125.59,120.645,12.489,12.489,12.489,92.0,24.0,24.0,0.0,64.4,,,,,,,,,,,,,9.062,9.062,35.049,False,MANEUVERING,MANEUVERING,,,flexible_commitment_switched,5,111.53750000084983,False,0,CLOCKWISE,{},"{""1"": 9.062, ""2"": 137.978, ""3"": 111.167}"
24.65,AUTO,251.531,126.611,121.712,12.489,12.489,12.489,92.0,24.0,24.0,0.0,64.4,,,,,,,,,,,,,8.491,8.491,35.594,False,MANEUVERING,MANEUVERING,,,flexible_commitment_switched,5,111.53750000084983,False,0,CLOCKWISE,{},"{""1"": 8.491, ""2"": 136.919, ""3"": 109.822}"
24.7,AUTO,250.889,127.624,122.395,7.989,-9.615,-9.615,92.0,24.0,24.0,0.0,86.0,,,,,,,,,,,,,8.084,8.084,36.184,False,MANEUVERING,MANEUVERING,,,flexible_commitment_switched,5,112.9780419942108,False,0,CLOCKWISE,{},"{""1"": 8.084, ""2"": 135.814, ""3"": 108.534}"
24.75,AUTO,250.24,128.634,122.693,3.489,-9.615,-9.615,92.0,24.0,24.0,0.0,86.0,,,,,,,,,,,,,7.823,7.823,36.81,False,MANEUVERING,MANEUVERING,,,flexible_commitment_switched,5,112.9780419942108,False,0,CLOCKWISE,{},"{""1"": 7.823, ""2"": 134.659, ""3"": 107.3}"
24.8,AUTO,249.594,129.645,122.609,-1.011,-9.615,-9.615,92.0,24.0,24.0,0.0,86.0,,,,,,,,,,,,,7.685,7.685,36.65,False,MANEUVERING,MANEUVERING,,,flexible_commitment_switched,5,112.9780419942108,False,0,CLOCKWISE,{},"{""1"": 7.685, ""2"": 133.456, ""3"": 106.116}"
24.85,AUTO,248.955,130.661,122.151,-5.511,-9.615,-9.615,92.0,24.0,24.0,0.0,86.0,,,,,,,,,,,,,7.596,7.596,36.046,False,MANEUVERING,MANEUVERING,,,flexible_commitment_switched,5,112.9780419942108,False,0,CLOCKWISE,{},"{""1"": 7.596, ""2"": 132.207, ""3"": 104.982}"
24.9,AUTO,248.331,131.685,121.352,-9.615,-9.615,-9.615,92.0,24.0,24.0,0.0,86.0,,,,,,,,,,,,,7.459,7.459,35.484,False,MANEUVERING,MANEUVERING,,,flexible_commitment_switched,5,112.9780419942108,False,0,CLOCKWISE,{},"{""1"": 7.459, ""2"": 130.918, ""3"": 103.893}"
24.95,AUTO,247.721,132.719,120.552,-9.615,-9.615,-9.615,92.0,24.0,24.0,0.0,86.0,,,,,,,,,,,,,7.335,7.335,34.939,False,MANEUVERING,MANEUVERING,,,flexible_commitment_switched,5,128.4489579993533,False,0,CLOCKWISE,{},"{""1"": 7.335, ""2"": 129.636, ""3"": 102.805}"
25.0,AUTO,247.125,133.761,119.753,-9.615,-9.615,-9.615,92.0,24.0,24.0,0.0,86.0,,,,,,,,,,,,,7.225,7.225,34.411,False,MANEUVERING,MANEUVERING,,,flexible_commitment_switched,5,128.4489579993533,False,0,CLOCKWISE,{},"{""1"": 7.225, ""2"": 128.359, ""3"": 101.719}"
25.05,AUTO,246.544,134.811,118.953,-9.615,-9.615,-9.615,92.0,24.0,24.0,0.0,86.0,,,,,,,,,,,,,7.129,7.129,33.9,False,MANEUVERING,MANEUVERING,,,flexible_commitment_switched,5,128.4489579993533,False,0,CLOCKWISE,{},"{""1"": 7.129, ""2"": 127.089, ""3"": 100.634}"
25.1,AUTO,245.978,135.869,118.154,-9.615,-9.615,-9.615,92.0,24.0,24.0,0.0,86.0,,,,,,,,,,,,,7.047,7.047,33.406,False,MANEUVERING,MANEUVERING,,,flexible_commitment_switched,5,128.4489579993533,False,0,CLOCKWISE,{},"{""1"": 7.047, ""2"": 125.826, ""3"": 99.552}"
25.15,AUTO,245.427,136.934,117.354,-9.615,-9.615,-9.615,92.0,24.0,24.0,0.0,86.0,,,,,,,,,,,,,6.978,6.978,32.929,False,MANEUVERING,MANEUVERING,,,flexible_commitment_switched,5,128.4489579993533,False,0,CLOCKWISE,{},"{""1"": 6.978, ""2"": 124.57, ""3"": 98.47}"
25.2,AUTO,244.89,138.008,116.555,-9.615,-9.615,-9.615,92.0,24.0,24.0,0.0,86.0,,,,,,,,,,,,,6.923,6.923,32.47,False,MANEUVERING,MANEUVERING,,,flexible_commitment_switched,5,129.00375000026543,False,0,CLOCKWISE,{},"{""1"": 6.923, ""2"": 123.321, ""3"": 97.372}"
25.25,AUTO,244.369,139.089,115.755,-9.615,-9.615,-9.615,92.0,24.0,24.0,0.0,86.0,,,,,,,,,,,,,6.882,6.882,32.028,False,MANEUVERING,MANEUVERING,,,flexible_commitment_switched,5,129.00375000026543,False,0,CLOCKWISE,{},"{""1"": 6.882, ""2"": 122.082, ""3"": 96.253}"
25.3,AUTO,243.863,140.177,114.956,-9.615,-9.615,-9.615,92.0,24.0,24.0,0.0,86.0,,,,,,,,,,,,,6.854,6.854,31.604,False,MANEUVERING,MANEUVERING,,,flexible_commitment_switched,5,129.00375000026543,False,0,CLOCKWISE,{},"{""1"": 6.854, ""2"": 120.85, ""3"": 95.113}"
25.35,AUTO,243.371,141.271,114.156,-9.615,-9.615,-9.615,92.0,24.0,24.0,0.0,86.0,,,,,,,,,,,,,6.84,6.84,31.197,False,MANEUVERING,MANEUVERING,,,flexible_commitment_switched,5,129.00375000026543,False,0,CLOCKWISE,{},"{""1"": 6.84, ""2"": 119.629, ""3"": 93.953}"
25.4,AUTO,242.896,142.373,113.357,-9.615,-9.615,-9.615,92.0,24.0,24.0,0.0,86.0,,,,,,,,,,,,,6.84,6.84,30.808,False,MANEUVERING,MANEUVERING,,,flexible_commitment_switched,5,129.00375000026543,False,0,CLOCKWISE,{},"{""1"": 6.84, ""2"": 118.417, ""3"": 92.772}"
25.45,AUTO,242.435,143.481,112.557,-9.615,-9.615,-9.615,92.0,24.0,24.0,0.0,86.0,,,,,,,,,,,,,6.854,6.854,30.437,False,MANEUVERING,MANEUVERING,,,flexible_commitment_switched,5,128.26250000216532,False,0,CLOCKWISE,{},"{""1"": 6.854, ""2"": 117.215, ""3"": 91.57}"
25.5,AUTO,241.991,144.596,111.758,-9.615,-9.615,-9.615,92.0,24.0,24.0,0.0,86.0,,,,,,,,,,,,,6.881,6.881,30.083,False,MANEUVERING,MANEUVERING,,,flexible_commitment_switched,5,128.26250000216532,False,0,CLOCKWISE,{},"{""1"": 6.881, ""2"": 116.025, ""3"": 90.349}"
25.55,AUTO,241.561,145.716,110.959,-9.615,-9.615,-9.615,92.0,24.0,24.0,0.0,86.0,,,,,,,,,,,,,6.922,6.922,29.748,False,MANEUVERING,MANEUVERING,,,flexible_commitment_switched,5,128.26250000216532,False,0,CLOCKWISE,{},"{""1"": 6.922, ""2"": 114.846, ""3"": 89.108}"
25.6,AUTO,241.148,146.843,110.159,-9.615,-9.615,-9.615,92.0,24.0,24.0,0.0,86.0,,,,,,,,,,,,,6.977,6.977,29.43,False,MANEUVERING,MANEUVERING,,,flexible_commitment_switched,5,128.26250000216532,False,0,CLOCKWISE,{},"{""1"": 6.977, ""2"": 113.679, ""3"": 87.847}"
25.65,AUTO,240.75,147.975,109.36,-9.615,-9.615,-9.615,92.0,24.0,24.0,0.0,86.0,,,,,,,,,,,,,7.045,7.045,29.131,False,MANEUVERING,MANEUVERING,,,flexible_commitment_switched,5,128.26250000216532,False,0,CLOCKWISE,{},"{""1"": 7.045, ""2"": 112.525, ""3"": 86.568}"
25.7,AUTO,240.368,149.113,108.56,-9.615,-9.615,-9.615,92.0,24.0,24.0,0.0,86.0,,,,,,,,,,,,,7.128,7.128,28.849,False,MANEUVERING,MANEUVERING,,,flexible_commitment_switched,5,128.86391699430533,False,0,CLOCKWISE,{},"{""1"": 7.128, ""2"": 111.384, ""3"": 85.269}"
25.75,AUTO,240.002,150.255,107.761,-9.615,-9.615,-9.615,92.0,24.0,24.0,0.0,86.0,,,,,,,,,,,,,7.224,7.224,28.586,False,MANEUVERING,MANEUVERING,,,flexible_commitment_switched,5,128.86391699430533,False,0,CLOCKWISE,{},"{""1"": 7.224, ""2"": 110.257, ""3"": 83.953}"
25.8,AUTO,239.652,151.403,106.961,-9.615,-9.615,-9.615,92.0,24.0,24.0,0.0,86.0,,,,,,,,,,,,,7.333,7.333,28.341,False,MANEUVERING,MANEUVERING,,,flexible_commitment_switched,5,128.86391699430533,False,0,CLOCKWISE,{},"{""1"": 7.333, ""2"": 109.145, ""3"": 82.635}"
25.85,AUTO,239.318,152.556,106.162,-9.615,-9.615,-9.615,92.0,24.0,24.0,0.0,86.0,,,,,,,,,,,,,7.456,7.456,28.114,False,MANEUVERING,MANEUVERING,,,flexible_commitment_switched,5,128.86391699430533,False,0,CLOCKWISE,{},"{""1"": 7.456, ""2"": 108.048, ""3"": 81.32}"
25.9,AUTO,239.0,153.713,105.362,-9.615,-9.615,-9.615,92.0,24.0,24.0,0.0,86.0,,,,,,,,,,,,,7.6,7.6,27.906,False,MANEUVERING,MANEUVERING,,,flexible_commitment_switched,5,128.86391699430533,False,0,CLOCKWISE,{},"{""1"": 7.6, ""2"": 106.967, ""3"": 80.009}"
25.95,AUTO,238.698,154.874,104.563,-9.615,-9.615,-9.615,92.0,24.0,24.0,0.0,86.0,,,,,,,,,,,,,7.85,7.85,27.716,False,MANEUVERING,MANEUVERING,,,flexible_commitment_kept,5,128.9326250043814,False,0,CLOCKWISE,{},"{""1"": 7.85, ""2"": 105.903, ""3"": 78.702}"
26.0,AUTO,238.413,156.04,103.763,-9.615,-9.615,-9.615,92.0,24.0,24.0,0.0,86.0,,,,,,,,,,,,,8.218,8.218,27.544,False,MANEUVERING,MANEUVERING,,,flexible_commitment_kept,5,128.9326250043814,False,0,CLOCKWISE,{},"{""1"": 8.218, ""2"": 104.857, ""3"": 77.398}"
26.05,AUTO,238.144,157.209,102.964,-9.615,-9.615,-9.615,92.0,24.0,24.0,0.0,86.0,,,,,,,,,,,,,8.603,8.603,27.39,False,MANEUVERING,MANEUVERING,,,flexible_commitment_kept,5,128.9326250043814,False,0,CLOCKWISE,{},"{""1"": 8.603, ""2"": 103.828, ""3"": 76.1}"
26.1,AUTO,237.891,158.382,102.164,-9.615,-9.615,-9.615,92.0,24.0,24.0,0.0,86.0,,,,,,,,,,,,,8.974,8.974,27.255,False,MANEUVERING,MANEUVERING,,,flexible_commitment_kept,5,128.9326250043814,False,0,CLOCKWISE,{},"{""1"": 8.974, ""2"": 102.818, ""3"": 74.807}"
26.15,AUTO,237.654,159.559,101.365,-9.615,-9.615,-9.615,92.0,24.0,24.0,0.0,86.0,,,,,,,,,,,,,9.331,9.331,27.139,False,MANEUVERING,MANEUVERING,,,flexible_commitment_kept,5,128.9326250043814,False,0,CLOCKWISE,{},"{""1"": 9.331, ""2"": 101.829, ""3"": 73.52}"
26.2,AUTO,237.442,160.74,100.191,-14.115,-19.231,-19.231,92.0,24.0,24.0,0.0,43.0,,,,,,,,,,,,,9.723,9.723,27.107,False,MANEUVERING,MANEUVERING,,,flexible_commitment_switched,5,129.5193330006441,False,0,CLOCKWISE,{},"{""1"": 9.723, ""2"": 100.861, ""3"": 72.196}"
26.25,AUTO,237.262,161.926,98.643,-18.615,-19.231,-19.231,92.0,24.0,24.0,0.0,43.0,,,,,,,,,,,,,10.15,10.15,27.17,False,MANEUVERING,MANEUVERING,,,flexible_commitment_switched,5,129.5193330006441,False,0,CLOCKWISE,{},"{""1"": 10.15, ""2"": 99.93, ""3"": 70.845}"
26.3,AUTO,237.114,163.117,97.044,-19.231,-19.231,-19.231,92.0,24.0,24.0,0.0,43.0,,,,,,,,,,,,,10.619,10.619,27.282,False,MANEUVERING,MANEUVERING,,,flexible_commitment_switched,5,129.5193330006441,False,0,CLOCKWISE,{},"{""1"": 10.619, ""2"": 99.045, ""3"": 69.51}"
26.35,AUTO,237.001,164.312,95.445,-19.231,-19.231,-19.231,92.0,24.0,24.0,0.0,43.0,,,,,,,,,,,,,27.436,68.199,27.436,False,MANEUVERING,MANEUVERING,,,flexible_commitment_switched,5,129.5193330006441,False,0,CLOCKWISE,{},"{""2"": 98.207, ""3"": 68.199}"
26.4,AUTO,236.92,165.509,93.847,-19.231,-19.231,-19.231,92.0,24.0,24.0,0.0,43.0,,,,,,,,,,,,,27.63,66.915,27.63,False,MANEUVERING,MANEUVERING,,,flexible_commitment_switched,5,129.5193330006441,False,0,CLOCKWISE,{},"{""2"": 97.42, ""3"": 66.915}"
26.45,AUTO,236.865,166.708,92.622,-14.731,-9.615,-9.615,92.0,24.0,24.0,0.0,86.0,,,,,,,,,,,,,27.79,65.685,27.79,False,MANEUVERING,MANEUVERING,,,flexible_commitment_switched,4,107.01495799730765,False,0,CLOCKWISE,{},"{""2"": 96.662, ""3"": 65.685}"
26.5,AUTO,236.828,167.907,91.771,-10.231,-9.615,-9.615,92.0,24.0,24.0,0.0,86.0,,,,,,,,,,,,,27.905,64.502,27.905,False,MANEUVERING,MANEUVERING,,,flexible_commitment_switched,4,107.01495799730765,False,0,CLOCKWISE,{},"{""2"": 95.922, ""3"": 64.502}"
26.55,AUTO,236.808,169.107,90.972,-9.615,-9.615,-9.615,92.0,24.0,24.0,0.0,86.0,,,,,,,,,,,,,28.03,63.338,28.03,False,MANEUVERING,MANEUVERING,,,flexible_commitment_switched,4,107.01495799730765,False,0,CLOCKWISE,{},"{""2"": 95.209, ""3"": 63.338}"
26.6,AUTO,236.804,170.307,90.172,-9.615,-9.615,-9.615,92.0,24.0,24.0,0.0,86.0,,,,,,,,,,,,,28.172,62.19,28.172,False,MANEUVERING,MANEUVERING,,,flexible_commitment_switched,4,107.01495799730765,False,0,CLOCKWISE,{},"{""2"": 94.524, ""3"": 62.19}"
26.65,AUTO,236.817,171.507,89.373,-9.615,-9.615,-9.615,92.0,24.0,24.0,0.0,86.0,,,,,,,,,,,,,28.102,61.059,28.102,False,MANEUVERING,MANEUVERING,,,flexible_commitment_switched,4,107.01495799730765,False,0,CLOCKWISE,{},"{""2"": 93.87, ""3"": 61.059}"
26.7,AUTO,236.847,172.707,88.573,-9.615,-9.615,-9.615,92.0,24.0,24.0,0.0,86.0,,,,,,,,,,,,,27.986,59.946,27.986,False,MANEUVERING,MANEUVERING,,,flexible_commitment_switched,5,109.15691699483432,False,0,CLOCKWISE,{},"{""2"": 93.246, ""3"": 59.946}"
26.75,AUTO,236.894,173.906,87.774,-9.615,-9.615,-9.615,92.0,24.0,24.0,0.0,86.0,,,,,,,,,,,,,27.889,58.852,27.889,False,MANEUVERING,MANEUVERING,,,flexible_commitment_switched,5,109.15691699483432,False,0,CLOCKWISE,{},"{""2"": 92.654, ""3"": 58.852}"
26.8,AUTO,236.957,175.104,86.974,-9.615,-9.615,-9.615,92.0,24.0,24.0,0.0,86.0,,,,,,,,,,,,,27.811,57.78,27.811,False,MANEUVERING,MANEUVERING,,,flexible_commitment_switched,5,109.15691699483432,False,0,CLOCKWISE,{},"{""2"": 92.093, ""3"": 57.78}"
26.85,AUTO,237.037,176.301,86.175,-9.615,-9.615,-9.615,92.0,24.0,24.0,0.0,86.0,,,,,,,,,,,,,27.751,56.729,27.751,False,MANEUVERING,MANEUVERING,,,flexible_commitment_switched,5,109.15691699483432,False,0,CLOCKWISE,{},"{""2"": 91.566, ""3"": 56.729}"
26.9,AUTO,237.134,177.498,85.375,-9.615,-9.615,-9.615,92.0,24.0,24.0,0.0,86.0,,,,,,,,,,,,,27.709,55.702,27.709,False,MANEUVERING,MANEUVERING,,,flexible_commitment_switched,5,109.15691699483432,False,0,CLOCKWISE,{},"{""2"": 91.073, ""3"": 55.702}"
26.95,AUTO,237.239,178.693,84.95,-5.115,0.0,0.0,92.0,24.0,24.0,0.0,,,,,,,,,,,,,,27.742,54.703,27.742,False,FOLLOW,FOLLOW,,,flexible_commitment_switched,5,108.5453330015298,False,0,CLOCKWISE,{},"{""2"": 90.569, ""3"": 54.703}"
27.0,AUTO,237.346,179.888,84.899,-0.615,0.0,0.0,92.0,24.0,24.0,0.0,,,,,,,,,,,,,,27.84,53.721,27.84,False,FOLLOW,FOLLOW,,,flexible_commitment_switched,5,108.5453330015298,False,0,CLOCKWISE,{},"{""2"": 90.044, ""3"": 53.721}"
27.05,AUTO,237.453,181.083,84.899,0.0,0.0,0.0,92.0,24.0,24.0,0.0,,,,,,,,,,,,,,27.947,52.749,27.947,False,FOLLOW,FOLLOW,,,flexible_commitment_switched,5,108.5453330015298,False,0,CLOCKWISE,{},"{""2"": 89.528, ""3"": 52.749}"
27.1,AUTO,237.56,182.279,84.899,0.0,0.0,0.0,92.0,24.0,24.0,0.0,,,,,,,,,,,,,,28.053,51.787,28.053,False,FOLLOW,FOLLOW,,,flexible_commitment_switched,5,108.5453330015298,False,0,CLOCKWISE,{},"{""2"": 89.024, ""3"": 51.787}"
27.15,AUTO,237.666,183.474,84.899,0.0,0.0,0.0,92.0,24.0,24.0,0.0,,,,,,,,,,,,,,28.16,50.835,28.16,False,FOLLOW,FOLLOW,,,flexible_commitment_switched,5,108.5453330015298,False,0,CLOCKWISE,{},"{""2"": 88.534, ""3"": 50.835}"
27.2,AUTO,237.773,184.669,84.899,0.0,0.0,0.0,92.0,24.0,24.0,0.0,,,,,,,,,,,,,,28.267,49.894,28.267,False,FOLLOW,FOLLOW,,,flexible_commitment_switched,5,108.32725000364007,False,0,CLOCKWISE,{},"{""2"": 88.057, ""3"": 49.894}"
27.25,AUTO,237.88,185.864,84.899,0.0,0.0,0.0,92.0,24.0,24.0,0.0,,,,,,,,,,,,,,28.373,48.964,28.373,False,FOLLOW,FOLLOW,,,flexible_commitment_switched,5,108.32725000364007,False,0,CLOCKWISE,{},"{""2"": 87.595, ""3"": 48.964}"
27.3,AUTO,237.986,187.06,84.899,0.0,0.0,0.0,92.0,24.0,24.0,0.0,,,,,,,,,,,,,,28.48,48.045,28.48,False,FOLLOW,FOLLOW,,,flexible_commitment_switched,5,108.32725000364007,False,0,CLOCKWISE,{},"{""2"": 87.146, ""3"": 48.045}"
27.35,AUTO,238.093,188.255,84.899,0.0,0.0,0.0,92.0,24.0,24.0,0.0,,,,,,,,,,,,,,28.587,47.14,28.587,False,FOLLOW,FOLLOW,,,flexible_commitment_switched,5,108.32725000364007,False,0,CLOCKWISE,{},"{""2"": 86.712, ""3"": 47.14}"
27.4,AUTO,238.2,189.45,84.899,0.0,0.0,0.0,92.0,24.0,24.0,0.0,,,,,,,,,,,,,,28.694,46.248,28.694,False,FOLLOW,FOLLOW,,,flexible_commitment_switched,5,108.32725000364007,False,0,CLOCKWISE,{},"{""2"": 86.292, ""3"": 46.248}"
27.45,AUTO,238.306,190.645,84.899,0.0,0.0,0.0,92.0,24.0,24.0,0.0,,,,,,,,,,,,,,28.8,45.37,28.8,False,MANEUVERING,MANEUVERING,,,flexible_commitment_switched,5,107.31558300176403,False,0,CLOCKWISE,{},"{""2"": 85.887, ""3"": 45.37}"
27.5,AUTO,238.413,191.841,84.899,0.0,0.0,0.0,92.0,24.0,24.0,0.0,,,,,,,,,,,,,,28.907,44.507,28.907,False,MANEUVERING,MANEUVERING,,,flexible_commitment_switched,5,107.31558300176403,False,0,CLOCKWISE,{},"{""2"": 85.497, ""3"": 44.507}"
27.55,AUTO,238.52,193.036,84.899,0.0,0.0,0.0,92.0,24.0,24.0,0.0,,,,,,,,,,,,,,29.014,43.66,29.014,False,MANEUVERING,MANEUVERING,,,flexible_commitment_switched,5,107.31558300176403,False,0,CLOCKWISE,{},"{""2"": 85.121, ""3"": 43.66}"
27.6,AUTO,238.627,194.231,84.899,0.0,0.0,0.0,92.0,24.0,24.0,0.0,,,,,,,,,,,,,,29.12,42.831,29.12,False,MANEUVERING,MANEUVERING,,,flexible_commitment_switched,5,107.31558300176403,False,0,CLOCKWISE,{},"{""2"": 84.762, ""3"": 42.831}"
27.65,AUTO,238.733,195.426,84.899,0.0,0.0,0.0,92.0,24.0,24.0,0.0,,,,,,,,,,,,,,29.227,42.018,29.227,False,MANEUVERING,MANEUVERING,,,flexible_commitment_switched,5,107.31558300176403,False,0,CLOCKWISE,{},"{""2"": 84.417, ""3"": 42.018}"
27.7,AUTO,238.84,196.622,84.899,0.0,0.0,0.0,92.0,24.0,24.0,0.0,,,,,,,,,,,,,,29.334,41.225,29.334,False,FOLLOW,FOLLOW,,,flexible_commitment_kept,5,108.09333300130675,False,0,CLOCKWISE,{},"{""2"": 84.089, ""3"": 41.225}"
27.75,AUTO,238.947,197.817,84.899,0.0,0.0,0.0,92.0,24.0,24.0,0.0,,,,,,,,,,,,,,29.44,40.452,29.44,False,FOLLOW,FOLLOW,,,flexible_commitment_kept,5,108.09333300130675,False,0,CLOCKWISE,{},"{""2"": 83.776, ""3"": 40.452}"
27.8,AUTO,239.053,199.012,84.899,0.0,0.0,0.0,92.0,24.0,24.0,0.0,,,,,,,,,,,,,,29.547,39.7,29.547,False,FOLLOW,FOLLOW,,,flexible_commitment_kept,5,108.09333300130675,False,0,CLOCKWISE,{},"{""2"": 83.48, ""3"": 39.7}"
27.85,AUTO,239.16,200.207,84.899,0.0,0.0,0.0,92.0,24.0,24.0,0.0,,,,,,,,,,,,,,29.654,38.971,29.654,False,FOLLOW,FOLLOW,,,flexible_commitment_kept,5,108.09333300130675,False,0,CLOCKWISE,{},"{""2"": 83.2, ""3"": 38.971}"
27.9,AUTO,239.267,201.403,84.899,0.0,0.0,0.0,92.0,24.0,24.0,0.0,,,,,,,,,,,,,,29.761,38.265,29.761,False,FOLLOW,FOLLOW,,,flexible_commitment_kept,5,108.09333300130675,False,0,CLOCKWISE,{},"{""2"": 82.936, ""3"": 38.265}"
27.95,AUTO,239.381,202.597,84.525,-4.5,-19.231,-19.231,92.0,24.0,24.0,0.0,43.0,,,,,,,,,,,,,29.811,37.618,29.811,False,MANEUVERING,MANEUVERING,,,flexible_commitment_switched,5,130.23700000485405,False,0,CLOCKWISE,{},"{""2"": 82.753, ""3"": 37.618}"
28.0,AUTO,239.511,203.79,83.776,-9.0,-19.231,-19.231,92.0,24.0,24.0,0.0,43.0,,,,,,,,,,,,,29.816,37.046,29.816,False,MANEUVERING,MANEUVERING,,,flexible_commitment_switched,5,130.23700000485405,False,0,CLOCKWISE,{},"{""2"": 82.663, ""3"": 37.046}"
28.05,AUTO,239.665,204.98,82.654,-13.5,-19.231,-19.231,92.0,24.0,24.0,0.0,43.0,,,,,,,,,,,,,29.783,36.57,29.783,False,MANEUVERING,MANEUVERING,,,flexible_commitment_switched,5,130.23700000485405,False,0,CLOCKWISE,{},"{""2"": 82.681, ""3"": 36.57}"
28.1,AUTO,239.849,206.166,81.157,-18.0,-19.231,-19.231,92.0,24.0,24.0,0.0,43.0,,,,,,,,,,,,,29.726,36.215,29.726,False,MANEUVERING,MANEUVERING,,,flexible_commitment_switched,5,130.23700000485405,False,0,CLOCKWISE,{},"{""2"": 82.821, ""3"": 36.215}"
28.15,AUTO,240.067,207.346,79.558,-19.231,-19.231,-19.231,92.0,24.0,24.0,0.0,43.0,,,,,,,,,,,,,29.693,35.968,29.693,False,MANEUVERING,MANEUVERING,,,flexible_commitment_switched,5,130.23700000485405,False,0,CLOCKWISE,{},"{""2"": 83.044, ""3"": 35.968}"
28.2,AUTO,240.309,208.521,78.333,-14.731,-9.615,-9.615,92.0,24.0,24.0,0.0,86.0,,,,,,,,,,,,,29.749,35.762,29.749,False,MANEUVERING,MANEUVERING,,,flexible_commitment_switched,5,260.99908399919514,False,0,CLOCKWISE,{},"{""2"": 83.255, ""3"": 35.762}"
28.25,AUTO,240.569,209.693,77.483,-10.231,-9.615,-9.615,92.0,24.0,24.0,0.0,86.0,,,,,,,,,,,,,29.907,35.578,29.907,False,MANEUVERING,MANEUVERING,,,flexible_commitment_switched,5,260.99908399919514,False,0,CLOCKWISE,{},"{""2"": 83.403, ""3"": 35.578}"
28.3,AUTO,240.846,210.86,76.683,-9.615,-9.615,-9.615,92.0,24.0,24.0,0.0,86.0,,,,,,,,,,,,,30.149,35.455,30.149,False,MANEUVERING,MANEUVERING,,,flexible_commitment_switched,5,260.99908399919514,False,0,CLOCKWISE,{},"{""2"": 83.506, ""3"": 35.455}"
28.35,AUTO,241.139,212.024,75.884,-9.615,-9.615,-9.615,92.0,24.0,24.0,0.0,86.0,,,,,,,,,,,,,30.465,35.399,30.465,False,MANEUVERING,MANEUVERING,,,flexible_commitment_switched,5,260.99908399919514,False,0,CLOCKWISE,{},"{""2"": 83.575, ""3"": 35.399}"
28.4,AUTO,241.447,213.184,75.084,-9.615,-9.615,-9.615,92.0,24.0,24.0,0.0,86.0,,,,,,,,,,,,,30.853,35.413,30.853,False,MANEUVERING,MANEUVERING,,,flexible_commitment_switched,5,260.99908399919514,False,0,CLOCKWISE,{},"{""2"": 83.609, ""3"": 35.413}"
28.45,AUTO,241.765,214.341,74.659,-5.115,0.0,0.0,92.0,24.0,24.0,0.0,,,,,,,,,,,,,,31.338,35.419,31.338,False,MANEUVERING,MANEUVERING,,,flexible_commitment_switched,5,131.10445799975423,False,0,CLOCKWISE,{},"{""2"": 83.611, ""3"": 35.419}"
28.5,AUTO,242.083,215.498,74.608,-0.615,0.0,0.0,92.0,24.0,24.0,0.0,,,,,,,,,,,,,,31.9,35.404,31.9,False,MANEUVERING,MANEUVERING,,,flexible_commitment_switched,5,131.10445799975423,False,0,CLOCKWISE,{},"{""2"": 83.61, ""3"": 35.404}"
28.55,AUTO,242.402,216.655,74.608,0.0,0.0,0.0,92.0,24.0,24.0,0.0,,,,,,,,,,,,,,32.501,35.403,32.501,False,MANEUVERING,MANEUVERING,,,flexible_commitment_switched,5,131.10445799975423,False,0,CLOCKWISE,{},"{""2"": 83.61, ""3"": 35.403}"
28.6,AUTO,242.72,217.812,74.608,0.0,0.0,0.0,92.0,24.0,24.0,0.0,,,,,,,,,,,,,,33.135,35.403,33.135,False,MANEUVERING,MANEUVERING,,,flexible_commitment_switched,5,131.10445799975423,False,0,CLOCKWISE,{},"{""2"": 83.61, ""3"": 35.403}"
28.65,AUTO,243.039,218.969,74.608,0.0,0.0,0.0,92.0,24.0,24.0,0.0,,,,,,,,,,,,,,33.8,35.403,33.8,False,MANEUVERING,MANEUVERING,,,flexible_commitment_switched,5,131.10445799975423,False,0,CLOCKWISE,{},"{""2"": 83.61, ""3"": 35.403}"
28.7,AUTO,243.35,220.128,74.993,4.5,12.489,12.489,92.0,24.0,24.0,0.0,64.4,,,,,,,,,,,,,34.511,35.355,34.511,False,MANEUVERING,MANEUVERING,,,flexible_commitment_switched,5,130.34683300065808,False,0,CLOCKWISE,{},"{""2"": 83.649, ""3"": 35.355}"
28.75,AUTO,243.645,221.291,75.762,9.0,12.489,12.489,92.0,24.0,24.0,0.0,64.4,,,,,,,,,,,,,35.255,35.267,35.255,False,MANEUVERING,MANEUVERING,,,flexible_commitment_switched,5,130.34683300065808,False,0,CLOCKWISE,{},"{""2"": 83.732, ""3"": 35.267}"
28.8,AUTO,243.918,222.46,76.83,12.489,12.489,12.489,92.0,24.0,24.0,0.0,64.4,,,,,,,,,,,,,35.156,35.156,36.019,False,MANEUVERING,MANEUVERING,,,flexible_commitment_switched,5,130.34683300065808,False,0,CLOCKWISE,{},"{""2"": 83.841, ""3"": 35.156}"
28.85,AUTO,244.17,223.633,77.897,12.489,12.489,12.489,92.0,24.0,24.0,0.0,64.4,,,,,,,,,,,,,35.051,35.051,36.784,False,MANEUVERING,MANEUVERING,,,flexible_commitment_switched,5,130.34683300065808,False,0,CLOCKWISE,{},"{""2"": 83.94, ""3"": 35.051}"
28.9,AUTO,244.399,224.811,78.965,12.489,12.489,12.489,92.0,24.0,24.0,0.0,64.4,,,,,,,,,,,,,34.954,34.954,37.55,False,MANEUVERING,MANEUVERING,,,flexible_commitment_switched,5,130.34683300065808,False,0,CLOCKWISE,{},"{""2"": 84.029, ""3"": 34.954}"
28.95,AUTO,244.607,225.993,80.032,12.489,12.489,12.489,92.0,24.0,24.0,0.0,64.4,,,,,,,,,,,,,34.863,34.863,38.317,False,MANEUVERING,MANEUVERING,,,flexible_commitment_switched,5,128.805457999988,False,0,CLOCKWISE,{},"{""2"": 84.109, ""3"": 34.863}"
29.0,AUTO,244.793,227.178,81.1,12.489,12.489,12.489,92.0,24.0,24.0,0.0,64.4,,,,,,,,,,,,,34.781,34.781,39.084,False,MANEUVERING,MANEUVERING,,,flexible_commitment_switched,5,128.805457999988,False,0,CLOCKWISE,{},"{""2"": 84.179, ""3"": 34.781}"
29.05,AUTO,244.956,228.367,82.168,12.489,12.489,12.489,92.0,24.0,24.0,0.0,64.4,,,,,,,,,,,,,34.705,34.705,39.851,False,MANEUVERING,MANEUVERING,,,flexible_commitment_switched,5,128.805457999988,False,0,CLOCKWISE,{},"{""2"": 84.238, ""3"": 34.705}"
29.1,AUTO,245.098,229.559,83.235,12.489,12.489,12.489,92.0,24.0,24.0,0.0,64.4,,,,,,,,,,,,,34.637,34.637,40.617,False,MANEUVERING,MANEUVERING,,,flexible_commitment_switched,5,128.805457999988,False,0,CLOCKWISE,{},"{""2"": 84.289, ""3"": 34.637}"
29.15,AUTO,245.217,230.753,84.303,12.489,12.489,12.489,92.0,24.0,24.0,0.0,64.4,,,,,,,,,,,,,34.576,34.576,41.383,False,MANEUVERING,MANEUVERING,,,flexible_commitment_switched,5,128.805457999988,False,0,CLOCKWISE,{},"{""2"": 84.329, ""3"": 34.576}"
29.2,AUTO,245.314,231.949,85.371,12.489,12.489,12.489,92.0,24.0,24.0,0.0,64.4,,,,,,,,,,,,,34.522,34.522,42.148,False,MANEUVERING,MANEUVERING,,,flexible_commitment_switched,5,130.6374589985353,False,0,CLOCKWISE,{},"{""2"": 84.359, ""3"": 34.522}"
29.25,AUTO,245.388,233.146,86.438,12.489,12.489,12.489,92.0,24.0,24.0,0.0,64.4,,,,,,,,,,,,,34.476,34.476,42.913,False,MANEUVERING,MANEUVERING,,,flexible_commitment_switched,5,130.6374589985353,False,0,CLOCKWISE,{},"{""2"": 84.379, ""3"": 34.476}"
29.3,AUTO,245.44,234.345,87.506,12.489,12.489,12.489,92.0,24.0,24.0,0.0,64.4,,,,,,,,,,,,,34.437,34.437,43.676,False,MANEUVERING,MANEUVERING,,,flexible_commitment_switched,5,130.6374589985353,False,0,CLOCKWISE,{},"{""2"": 84.39, ""3"": 34.437}"
29.35,AUTO,245.47,235.545,88.573,12.489,12.489,12.489,92.0,24.0,24.0,0.0,64.4,,,,,,,,,,,,,34.406,34.406,44.437,False,MANEUVERING,MANEUVERING,,,flexible_commitment_switched,5,130.6374589985353,False,0,CLOCKWISE,{},"{""2"": 84.39, ""3"": 34.406}"
29.4,AUTO,245.478,236.745,89.641,12.489,12.489,12.489,92.0,24.0,24.0,0.0,64.4,,,,,,,,,,,,,34.382,34.382,45.197,False,MANEUVERING,MANEUVERING,,,flexible_commitment_switched,5,130.6374589985353,False,0,CLOCKWISE,{},"{""2"": 84.381, ""3"": 34.382}"
29.45,AUTO,245.463,237.945,90.709,12.489,12.489,12.489,92.0,24.0,24.0,0.0,64.4,,,,,,,,,,,,,34.303,34.303,45.807,False,MANEUVERING,MANEUVERING,,,flexible_commitment_switched,5,107.10991700034356,False,0,CLOCKWISE,{},"{""2"": 84.3, ""3"": 34.303}"
29.5,AUTO,245.426,239.144,91.776,12.489,12.489,12.489,92.0,24.0,24.0,0.0,64.4,,,,,,,,,,,,,34.201,34.201,45.651,False,MANEUVERING,MANEUVERING,,,flexible_commitment_switched,5,107.10991700034356,False,0,CLOCKWISE,{},"{""2"": 84.177, ""3"": 34.201}"
29.55,AUTO,245.366,240.343,92.844,12.489,12.489,12.489,92.0,24.0,24.0,0.0,64.4,,,,,,,,,,,,,34.106,34.106,45.52,False,MANEUVERING,MANEUVERING,,,flexible_commitment_switched,5,107.10991700034356,False,0,CLOCKWISE,{},"{""2"": 84.045, ""3"": 34.106}"
29.6,AUTO,245.284,241.54,93.912,12.489,12.489,12.489,92.0,24.0,24.0,0.0,64.4,,,,,,,,,,,,,34.019,34.019,45.414,False,MANEUVERING,MANEUVERING,,,flexible_commitment_switched,5,107.10991700034356,False,0,CLOCKWISE,{},"{""2"": 83.903, ""3"": 34.019}"
29.65,AUTO,245.18,242.735,94.979,12.489,12.489,12.489,92.0,24.0,24.0,0.0,64.4,,,,,,,,,,,,,33.94,33.94,45.334,False,MANEUVERING,MANEUVERING,,,flexible_commitment_switched,5,107.10991700034356,False,0,CLOCKWISE,{},"{""2"": 83.751, ""3"": 33.94}"
29.7,AUTO,245.054,243.929,96.047,12.489,12.489,12.489,92.0,24.0,24.0,0.0,64.4,,,,,,,,,,,,,33.868,33.868,44.649,False,MANEUVERING,MANEUVERING,,,flexible_commitment_kept,5,107.36554200411774,False,0,CLOCKWISE,{},"{""2"": 83.589, ""3"": 33.868}"
29.75,AUTO,244.905,245.119,97.114,12.489,12.489,12.489,92.0,24.0,24.0,0.0,64.4,,,,,,,,,,,,,33.803,33.803,43.322,False,MANEUVERING,MANEUVERING,,,flexible_commitment_kept,5,107.36554200411774,False,0,CLOCKWISE,{},"{""2"": 83.418, ""3"": 33.803}"
29.8,AUTO,244.734,246.307,98.182,12.489,12.489,12.489,92.0,24.0,24.0,0.0,64.4,,,,,,,,,,,,,33.746,33.746,42.001,False,MANEUVERING,MANEUVERING,,,flexible_commitment_kept,5,107.36554200411774,False,0,CLOCKWISE,{},"{""2"": 83.237, ""3"": 33.746}"
29.85,AUTO,244.542,247.492,99.25,12.489,12.489,12.489,92.0,24.0,24.0,0.0,64.4,,,,,,,,,,,,,33.697,33.697,40.688,False,MANEUVERING,MANEUVERING,,,flexible_commitment_kept,5,107.36554200411774,False,0,CLOCKWISE,{},"{""2"": 83.047, ""3"": 33.697}"
29.9,AUTO,244.327,248.672,100.317,12.489,12.489,12.489,92.0,24.0,24.0,0.0,64.4,,,,,,,,,,,,,33.656,33.656,39.383,False,MANEUVERING,MANEUVERING,,,flexible_commitment_kept,5,107.36554200411774,False,0,CLOCKWISE,{},"{""2"": 82.847, ""3"": 33.656}"
29.95,AUTO,244.082,249.847,101.77,16.989,24.978,24.978,92.0,24.0,24.0,0.0,32.2,,,,,,,,,,,,,33.606,33.606,38.046,False,MANEUVERING,MANEUVERING,,,flexible_commitment_switched,5,106.38574999757111,False,0,CLOCKWISE,{},"{""2"": 82.56, ""3"": 33.606}"
30.0,AUTO,243.8,251.013,103.607,21.489,24.978,24.978,92.0,24.0,24.0,0.0,32.2,,,,,,,,,,,,,33.543,33.543,36.685,False,MANEUVERING,MANEUVERING,,,flexible_commitment_switched,5,106.38574999757111,False,0,CLOCKWISE,{},"{""2"": 82.182, ""3"": 33.543}"
30.05,AUTO,243.474,252.168,105.742,24.978,24.978,24.978,92.0,24.0,24.0,0.0,32.2,,,,,,,,,,,,,33.46,33.46,35.32,False,MANEUVERING,MANEUVERING,,,flexible_commitment_switched,5,106.38574999757111,False,0,CLOCKWISE,{},"{""2"": 81.726, ""3"": 33.46}"
30.1,AUTO,243.106,253.31,107.877,24.978,24.978,24.978,92.0,24.0,24.0,0.0,32.2,,,,,,,,,,,,,33.364,33.364,33.985,False,MANEUVERING,MANEUVERING,,,flexible_commitment_switched,5,106.38574999757111,False,0,CLOCKWISE,{},"{""2"": 81.247, ""3"": 33.364}"
30.15,AUTO,242.695,254.438,110.012,24.978,24.978,24.978,92.0,24.0,24.0,0.0,32.2,,,,,,,,,,,,,32.682,33.253,32.682,False,MANEUVERING,MANEUVERING,,,flexible_commitment_switched,5,106.38574999757111,False,0,CLOCKWISE,{},"{""2"": 80.746, ""3"": 33.253}"
30.2,AUTO,242.243,255.549,112.148,24.978,24.978,24.978,92.0,24.0,24.0,0.0,32.2,,,,,,,,,,,,,31.414,33.13,31.414,False,MANEUVERING,MANEUVERING,,,flexible_commitment_kept,5,106.61874999641441,False,0,CLOCKWISE,{},"{""2"": 80.222, ""3"": 33.13}"
30.25,AUTO,241.749,256.643,114.283,24.978,24.978,24.978,92.0,24.0,24.0,0.0,32.2,,,,,,,,,,,,,30.181,32.993,30.181,False,MANEUVERING,MANEUVERING,,,flexible_commitment_kept,5,106.61874999641441,False,0,CLOCKWISE,{},"{""2"": 79.676, ""3"": 32.993}"
30.3,AUTO,241.215,257.718,116.418,24.978,24.978,24.978,92.0,24.0,24.0,0.0,32.2,,,,,,,,,,,,,28.985,32.843,28.985,False,MANEUVERING,MANEUVERING,,,flexible_commitment_kept,5,106.61874999641441,False,0,CLOCKWISE,{},"{""2"": 79.109, ""3"": 32.843}"
30.35,AUTO,240.642,258.772,118.553,24.978,24.978,24.978,92.0,24.0,24.0,0.0,32.2,,,,,,,,,,,,,27.829,32.68,27.829,False,MANEUVERING,MANEUVERING,,,flexible_commitment_kept,5,106.61874999641441,False,0,CLOCKWISE,{},"{""2"": 78.52, ""3"": 32.68}"
30.4,AUTO,240.029,259.804,120.689,24.978,24.978,24.978,92.0,24.0,24.0,0.0,32.2,,,,,,,,,,,,,26.713,32.505,26.713,False,MANEUVERING,MANEUVERING,,,flexible_commitment_kept,5,106.61874999641441,False,0,CLOCKWISE,{},"{""2"": 77.91, ""3"": 32.505}"
30.45,AUTO,239.379,260.812,122.824,24.978,24.978,24.978,92.0,24.0,24.0,0.0,32.2,,,,,,,,,,,,,25.639,32.317,25.639,False,MANEUVERING,MANEUVERING,,,flexible_commitment_switched,5,106.25429199717473,False,0,CLOCKWISE,{},"{""2"": 77.279, ""3"": 32.317}"
30.5,AUTO,238.691,261.796,124.959,24.978,24.978,24.978,92.0,24.0,24.0,0.0,32.2,,,,,,,,,,,,,24.61,32.117,24.61,False,MANEUVERING,MANEUVERING,,,flexible_commitment_switched,5,106.25429199717473,False,0,CLOCKWISE,{},"{""2"": 76.628, ""3"": 32.117}"
30.55,AUTO,237.967,262.753,127.094,24.978,24.978,24.978,92.0,24.0,24.0,0.0,32.2,,,,,,,,,,,,,23.625,31.905,23.625,False,MANEUVERING,MANEUVERING,,,flexible_commitment_switched,5,106.25429199717473,False,0,CLOCKWISE,{},"{""2"": 75.957, ""3"": 31.905}"
30.6,AUTO,237.208,263.683,129.23,24.978,24.978,24.978,92.0,24.0,24.0,0.0,32.2,,,,,,,,,,,,,22.687,31.682,22.687,False,MANEUVERING,MANEUVERING,,,flexible_commitment_switched,5,106.25429199717473,False,0,CLOCKWISE,{},"{""2"": 75.266, ""3"": 31.682}"
30.65,AUTO,236.415,264.583,131.365,24.978,24.978,24.978,92.0,24.0,24.0,0.0,32.2,,,,,,,,,,,,,21.797,31.448,21.797,False,MANEUVERING,MANEUVERING,,,flexible_commitment_switched,5,106.25429199717473,False,0,CLOCKWISE,{},"{""2"": 74.556, ""3"": 31.448}"
30.7,AUTO,235.589,265.454,133.5,24.978,24.978,24.978,92.0,24.0,24.0,0.0,32.2,,,,,,,,,,,,,20.956,31.202,20.956,False,MANEUVERING,MANEUVERING,,,flexible_commitment_switched,5,117.53587500425056,False,0,CLOCKWISE,{},"{""2"": 73.828, ""3"": 31.202}"
30.75,AUTO,234.731,266.293,135.635,24.978,24.978,24.978,92.0,24.0,24.0,0.0,32.2,,,,,,,,,,,,,20.165,30.946,20.165,False,MANEUVERING,MANEUVERING,,,flexible_commitment_switched,5,117.53587500425056,False,0,CLOCKWISE,{},"{""2"": 73.081, ""3"": 30.946}"
30.8,AUTO,233.843,267.099,137.771,24.978,24.978,24.978,92.0,24.0,24.0,0.0,32.2,,,,,,,,,,,,,19.425,30.68,19.425,False,MANEUVERING,MANEUVERING,,,flexible_commitment_switched,5,117.53587500425056,False,0,CLOCKWISE,{},"{""2"": 72.317, ""3"": 30.68}"
30.85,AUTO,232.925,267.872,139.906,24.978,24.978,24.978,92.0,24.0,24.0,0.0,32.2,,,,,,,,,,,,,18.738,30.404,18.738,False,MANEUVERING,MANEUVERING,,,flexible_commitment_switched,5,117.53587500425056,False,0,CLOCKWISE,{},"{""2"": 71.535, ""3"": 30.404}"
30.9,AUTO,231.979,268.61,142.041,24.978,24.978,24.978,92.0,24.0,24.0,0.0,32.2,,,,,,,,,,,,,18.105,30.119,18.105,False,MANEUVERING,MANEUVERING,,,flexible_commitment_switched,5,117.53587500425056,False,0,CLOCKWISE,{},"{""2"": 70.737, ""3"": 30.119}"
30.95,AUTO,231.006,269.313,144.176,24.978,24.978,24.978,92.0,24.0,24.0,0.0,32.2,,,,,,,,,,,,,17.525,29.824,17.525,False,MANEUVERING,MANEUVERING,,,flexible_commitment_switched,5,119.83654200594174,False,0,CLOCKWISE,{},"{""2"": 69.923, ""3"": 29.824}"
31.0,AUTO,230.007,269.978,146.312,24.978,24.978,24.978,92.0,24.0,24.0,0.0,32.2,,,,,,,,,,,,,17.0,29.521,17.0,False,MANEUVERING,MANEUVERING,,,flexible_commitment_switched,5,119.83654200594174,False,0,CLOCKWISE,{},"{""2"": 69.093, ""3"": 29.521}"
31.05,AUTO,228.985,270.606,148.447,24.978,24.978,24.978,92.0,24.0,24.0,0.0,32.2,,,,,,,,,,,,,16.532,29.21,16.532,False,MANEUVERING,MANEUVERING,,,flexible_commitment_switched,5,119.83654200594174,False,0,CLOCKWISE,{},"{""2"": 68.249, ""3"": 29.21}"
31.1,AUTO,227.939,271.195,150.582,24.978,24.978,24.978,92.0,24.0,24.0,0.0,32.2,,,,,,,,,,,,,16.119,28.891,16.119,False,MANEUVERING,MANEUVERING,,,flexible_commitment_switched,5,119.83654200594174,False,0,CLOCKWISE,{},"{""2"": 67.39, ""3"": 28.891}"
31.15,AUTO,226.873,271.746,152.717,24.978,24.978,24.978,92.0,24.0,24.0,0.0,32.2,,,,,,,,,,,,,15.764,28.564,15.764,False,MANEUVERING,MANEUVERING,,,flexible_commitment_switched,5,119.83654200594174,False,0,CLOCKWISE,{},"{""2"": 66.517, ""3"": 28.564}"
31.2,AUTO,225.787,272.255,154.853,24.978,24.978,24.978,92.0,24.0,24.0,0.0,32.2,,,,,,,,,,,,,15.466,28.231,15.466,False,MANEUVERING,MANEUVERING,,,flexible_commitment_switched,5,120.19916699500754,False,0,CLOCKWISE,{},"{""2"": 65.632, ""3"": 28.231}"
31.25,AUTO,224.682,272.725,156.988,24.978,24.978,24.978,92.0,24.0,24.0,0.0,32.2,,,,,,,,,,,,,15.226,27.891,15.226,False,MANEUVERING,MANEUVERING,,,flexible_commitment_switched,5,120.19916699500754,False,0,CLOCKWISE,{},"{""2"": 64.734, ""3"": 27.891}"
31.3,AUTO,223.561,273.152,159.123,24.978,24.978,24.978,92.0,24.0,24.0,0.0,32.2,,,,,,,,,,,,,15.044,27.545,15.044,False,MANEUVERING,MANEUVERING,,,flexible_commitment_switched,5,120.19916699500754,False,0,CLOCKWISE,{},"{""2"": 63.825, ""3"": 27.545}"
31.35,AUTO,222.425,273.538,161.258,24.978,24.978,24.978,92.0,24.0,24.0,0.0,32.2,,,,,,,,,,,,,14.92,27.194,14.92,False,MANEUVERING,MANEUVERING,,,flexible_commitment_switched,5,120.19916699500754,False,0,CLOCKWISE,{},"{""2"": 62.905, ""3"": 27.194}"
31.4,AUTO,221.275,273.881,163.394,24.978,24.978,24.978,92.0,24.0,24.0,0.0,32.2,,,,,,,,,,,,,14.856,26.838,14.856,False,MANEUVERING,MANEUVERING,,,flexible_commitment_switched,5,120.19916699500754,False,0,CLOCKWISE,{},"{""2"": 61.975, ""3"": 26.838}"
31.45,AUTO,220.113,274.181,165.529,24.978,24.978,24.978,92.0,24.0,24.0,0.0,32.2,,,,,,,,,,,,,14.85,26.477,14.85,False,MANEUVERING,MANEUVERING,,,flexible_commitment_kept,5,121.83279100281652,False,0,CLOCKWISE,{},"{""2"": 61.037, ""3"": 26.477}"
31.5,AUTO,218.94,274.437,167.664,24.978,24.978,24.978,92.0,24.0,24.0,0.0,32.2,,,,,,,,,,,,,14.902,26.112,14.902,False,MANEUVERING,MANEUVERING,,,flexible_commitment_kept,5,121.83279100281652,False,1,CLOCKWISE,{},"{""2"": 60.09, ""3"": 26.112}"
31.55,AUTO,217.759,274.649,169.799,24.978,24.978,24.978,92.0,24.0,24.0,0.0,32.2,,,,,,,,,,,,,15.014,25.744,15.014,False,MANEUVERING,MANEUVERING,,,flexible_commitment_kept,5,121.83279100281652,False,1,CLOCKWISE,{},"{""2"": 59.137, ""3"": 25.744}"
31.6,AUTO,216.571,274.818,171.935,24.978,24.978,24.978,92.0,24.0,24.0,0.0,32.2,,,,,,,,,,,,,15.183,25.372,15.183,False,MANEUVERING,MANEUVERING,,,flexible_commitment_kept,5,121.83279100281652,False,1,CLOCKWISE,{},"{""2"": 58.177, ""3"": 25.372}"
31.65,AUTO,215.378,274.942,174.07,24.978,24.978,24.978,92.0,24.0,24.0,0.0,32.2,,,,,,,,,,,,,15.412,24.999,15.412,False,MANEUVERING,MANEUVERING,,,flexible_commitment_kept,5,121.83279100281652,False,1,CLOCKWISE,{},"{""2"": 57.212, ""3"": 24.999}"
31.7,AUTO,214.181,275.029,175.82,20.478,12.489,12.489,92.0,24.0,24.0,0.0,64.4,,,,,,,,,,,,,15.623,24.694,15.623,False,MANEUVERING,MANEUVERING,,,flexible_commitment_switched,5,136.36508300260175,False,1,CLOCKWISE,{},"{""2"": 56.233, ""3"": 24.694}"
31.75,AUTO,212.982,275.088,177.186,15.978,12.489,12.489,92.0,24.0,24.0,0.0,64.4,,,,,,,,,,,,,15.803,24.464,15.803,False,MANEUVERING,MANEUVERING,,,flexible_commitment_switched,5,136.36508300260175,False,1,CLOCKWISE,{},"{""2"": 55.237, ""3"": 24.464}"
31.8,AUTO,211.783,275.125,178.254,12.489,12.489,12.489,92.0,24.0,24.0,0.0,64.4,,,,,,,,,,,,,15.957,24.292,15.957,False,MANEUVERING,MANEUVERING,,,flexible_commitment_switched,5,136.36508300260175,False,1,CLOCKWISE,{},"{""2"": 54.226, ""3"": 24.292}"
31.85,AUTO,210.583,275.139,179.321,12.489,12.489,12.489,92.0,24.0,24.0,0.0,64.4,,,,,,,,,,,,,16.136,24.132,16.136,False,MANEUVERING,MANEUVERING,,,flexible_commitment_switched,5,136.36508300260175,False,1,CLOCKWISE,{},"{""2"": 53.21, ""3"": 24.132}"
31.9,AUTO,209.383,275.131,-179.611,12.489,12.489,12.489,92.0,24.0,24.0,0.0,64.4,,,,,,,,,,,,,16.198,23.959,16.198,False,MANEUVERING,MANEUVERING,,,flexible_commitment_switched,5,136.36508300260175,False,1,CLOCKWISE,{},"{""2"": 52.191, ""3"": 23.959}"
31.95,AUTO,208.183,275.108,-178.928,7.989,0.0,0.0,92.0,24.0,24.0,0.0,,,,,,,,,,,,,,16.095,23.812,16.095,False,MANEUVERING,MANEUVERING,,,flexible_commitment_switched,5,136.8755000003148,False,1,CLOCKWISE,{},"{""2"": 51.152, ""3"": 23.812}"
32.0,AUTO,206.984,275.08,-178.63,3.489,0.0,0.0,92.0,24.0,24.0,0.0,,,,,,,,,,,,,,16.07,23.744,16.07,False,MANEUVERING,MANEUVERING,,,flexible_commitment_switched,5,136.8755000003148,False,1,CLOCKWISE,{},"{""2"": 50.094, ""3"": 23.744}"
32.05,AUTO,205.784,275.051,-178.63,0.0,0.0,0.0,92.0,24.0,24.0,0.0,,,,,,,,,,,,,,16.099,23.744,16.099,False,MANEUVERING,MANEUVERING,,,flexible_commitment_switched,5,136.8755000003148,False,1,CLOCKWISE,{},"{""2"": 49.027, ""3"": 23.744}"
32.1,AUTO,204.584,275.022,-178.63,0.0,0.0,0.0,92.0,24.0,24.0,0.0,,,,,,,,,,,,,,16.127,23.744,16.127,False,MANEUVERING,MANEUVERING,,,flexible_commitment_switched,5,136.8755000003148,False,1,CLOCKWISE,{},"{""2"": 47.966, ""3"": 23.744}"
32.15,AUTO,203.385,274.994,-178.63,0.0,0.0,0.0,92.0,24.0,24.0,0.0,,,,,,,,,,,,,,16.156,23.744,16.156,False,MANEUVERING,MANEUVERING,,,flexible_commitment_switched,5,136.8755000003148,False,1,CLOCKWISE,{},"{""2"": 46.912, ""3"": 23.744}"
32.2,AUTO,202.185,274.965,-178.63,0.0,0.0,0.0,92.0,24.0,24.0,0.0,,,,,,,,,,,,,,16.185,23.744,16.185,False,FOLLOW,FOLLOW,,,flexible_commitment_switched,5,136.82291700388305,False,1,CLOCKWISE,{},"{""2"": 45.865, ""3"": 23.744}"
32.25,AUTO,200.985,274.936,-178.63,0.0,0.0,0.0,92.0,24.0,24.0,0.0,,,,,,,,,,,,,,16.213,23.744,16.213,False,FOLLOW,FOLLOW,,,flexible_commitment_switched,5,136.82291700388305,False,1,CLOCKWISE,{},"{""2"": 44.826, ""3"": 23.744}"
32.3,AUTO,199.786,274.908,-178.63,0.0,0.0,0.0,92.0,24.0,24.0,0.0,,,,,,,,,,,,,,16.242,23.744,16.242,False,FOLLOW,FOLLOW,,,flexible_commitment_switched,5,136.82291700388305,False,1,CLOCKWISE,{},"{""2"": 43.795, ""3"": 23.744}"
32.35,AUTO,198.586,274.879,-178.63,0.0,0.0,0.0,92.0,24.0,24.0,0.0,,,,,,,,,,,,,,16.271,23.744,16.271,False,FOLLOW,FOLLOW,,,flexible_commitment_switched,5,136.82291700388305,False,1,CLOCKWISE,{},"{""2"": 42.772, ""3"": 23.744}"
32.4,AUTO,197.386,274.85,-178.63,0.0,0.0,0.0,92.0,24.0,24.0,0.0,,,,,,,,,,,,,,16.299,23.744,16.299,False,FOLLOW,FOLLOW,,,flexible_commitment_switched,5,136.82291700388305,False,1,CLOCKWISE,{},"{""2"": 41.76, ""3"": 23.744}"
32.45,AUTO,196.187,274.821,-178.63,0.0,0.0,0.0,92.0,24.0,24.0,0.0,,,,,,,,,,,,,,16.328,23.744,16.328,False,FOLLOW,FOLLOW,,,flexible_commitment_switched,5,137.2929999997723,False,1,CLOCKWISE,{},"{""2"": 40.757, ""3"": 23.744}"
32.5,AUTO,194.987,274.793,-178.63,0.0,0.0,0.0,92.0,24.0,24.0,0.0,,,,,,,,,,,,,,16.357,23.744,16.357,False,FOLLOW,FOLLOW,,,flexible_commitment_switched,5,137.2929999997723,False,1,CLOCKWISE,{},"{""2"": 39.765, ""3"": 23.744}"
32.55,AUTO,193.787,274.764,-178.63,0.0,0.0,0.0,92.0,24.0,24.0,0.0,,,,,,,,,,,,,,16.386,23.744,16.386,False,FOLLOW,FOLLOW,,,flexible_commitment_switched,5,137.2929999997723,False,1,CLOCKWISE,{},"{""2"": 38.785, ""3"": 23.744}"
32.6,AUTO,192.588,274.735,-178.63,0.0,0.0,0.0,92.0,24.0,24.0,0.0,,,,,,,,,,,,,,16.414,23.744,16.414,False,FOLLOW,FOLLOW,,,flexible_commitment_switched,5,137.2929999997723,False,1,CLOCKWISE,{},"{""2"": 37.818, ""3"": 23.744}"
32.65,AUTO,191.388,274.707,-178.63,0.0,0.0,0.0,92.0,24.0,24.0,0.0,,,,,,,,,,,,,,16.443,23.744,16.443,False,FOLLOW,FOLLOW,,,flexible_commitment_switched,5,137.2929999997723,False,1,CLOCKWISE,{},"{""2"": 36.865, ""3"": 23.744}"
32.7,AUTO,190.363,274.682,-178.63,0.0,0.0,0.0,92.0,20.5,-12.0,-70.0,,,,,,,,,,,,,,16.467,23.744,16.467,False,MANEUVERING,MANEUVERING,,,flexible_commitment_switched,14,402.06504199886695,False,1,CLOCKWISE,{},"{""2"": 36.062, ""3"": 23.744}"
32.75,AUTO,189.514,274.662,-178.63,0.0,0.0,0.0,92.0,17.0,-12.0,-70.0,,,,,,,,,,,,,,16.488,23.744,16.488,False,MANEUVERING,MANEUVERING,,,flexible_commitment_switched,14,402.06504199886695,False,1,CLOCKWISE,{},"{""2"": 35.405, ""3"": 23.744}"
32.8,AUTO,188.839,274.646,-178.63,0.0,0.0,0.0,92.0,13.5,-12.0,-70.0,,,,,,,,,,,,,,16.504,23.744,16.504,False,MANEUVERING,MANEUVERING,,,flexible_commitment_switched,14,402.06504199886695,False,1,CLOCKWISE,{},"{""2"": 34.889, ""3"": 23.744}"
32.85,AUTO,188.339,274.634,-178.63,0.0,0.0,0.0,92.0,10.0,-12.0,-70.0,,,,,,,,,,,,,,16.516,23.744,16.516,False,MANEUVERING,MANEUVERING,,,flexible_commitment_switched,14,402.06504199886695,False,1,CLOCKWISE,{},"{""2"": 34.51, ""3"": 23.744}"
32.9,AUTO,187.952,274.624,-178.63,0.0,0.0,0.0,92.0,7.75,-12.0,-45.0,,,,,,,,,,,,,,16.525,23.744,16.525,False,MANEUVERING,MANEUVERING,,,flexible_commitment_switched,14,402.06504199886695,False,1,CLOCKWISE,{},"{""2"": 34.219, ""3"": 23.744}"
32.95,AUTO,187.677,274.618,-178.63,0.0,0.0,0.0,92.0,5.5,-12.0,-45.0,,,,,,,,,,,,,,16.532,23.744,16.532,False,MANEUVERING,MANEUVERING,,,flexible_commitment_kept,10,284.10487500514137,False,1,CLOCKWISE,{},"{""2"": 34.014, ""3"": 23.744}"
33.0,AUTO,187.514,274.614,-178.63,0.0,0.0,0.0,92.0,3.25,-12.0,-45.0,,,,,,,,,,,,,,16.536,23.744,16.536,False,MANEUVERING,MANEUVERING,,,flexible_commitment_kept,10,284.10487500514137,False,1,CLOCKWISE,{},"{""2"": 33.893, ""3"": 23.744}"
33.05,AUTO,187.464,274.613,-178.63,0.0,0.0,0.0,92.0,1.0,-12.0,-45.0,,,,,,,,,,,,,,16.537,23.744,16.537,False,MANEUVERING,MANEUVERING,,,flexible_commitment_kept,10,284.10487500514137,False,1,CLOCKWISE,{},"{""2"": 33.855, ""3"": 23.744}"
33.1,AUTO,187.527,274.614,-178.63,0.0,0.0,0.0,92.0,-1.25,-12.0,-45.0,,,,,,,,,,,,,,16.535,23.744,16.535,False,MANEUVERING,MANEUVERING,,,flexible_commitment_kept,10,284.10487500514137,False,1,CLOCKWISE,{},"{""2"": 33.902, ""3"": 23.744}"
33.15,AUTO,187.702,274.618,-178.63,0.0,0.0,0.0,92.0,-3.5,-12.0,-45.0,,,,,,,,,,,,,,16.531,23.744,16.531,False,MANEUVERING,MANEUVERING,,,flexible_commitment_kept,10,284.10487500514137,False,1,CLOCKWISE,{},"{""2"": 34.032, ""3"": 23.744}"
33.2,AUTO,187.989,274.625,-178.63,0.0,0.0,0.0,92.0,-5.75,-12.0,-45.0,,,,,,,,,,,,,,16.524,23.744,16.524,False,MANEUVERING,MANEUVERING,,,flexible_commitment_kept,10,284.10487500514137,False,1,CLOCKWISE,{},"{""2"": 34.247, ""3"": 23.744}"
33.25,AUTO,188.389,274.635,-178.63,0.0,0.0,0.0,92.0,-8.0,-12.0,-45.0,,,,,,,,,,,,,,16.515,23.744,16.515,False,MANEUVERING,MANEUVERING,,,flexible_commitment_kept,10,284.10487500514137,False,1,CLOCKWISE,{},"{""2"": 34.548, ""3"": 23.744}"
33.3,AUTO,188.901,274.647,-178.63,0.0,0.0,0.0,92.0,-10.25,-12.0,-45.0,,,,,,,,,,,,,,16.502,23.744,16.502,False,MANEUVERING,MANEUVERING,,,flexible_commitment_kept,10,284.10487500514137,False,1,CLOCKWISE,{},"{""2"": 34.936, ""3"": 23.744}"
33.35,AUTO,189.501,274.662,-178.63,0.0,0.0,0.0,92.0,-12.0,-12.0,-35.0,,,,,,,,,,,,,,16.488,23.744,16.488,False,MANEUVERING,MANEUVERING,,,flexible_commitment_kept,10,284.10487500514137,False,1,CLOCKWISE,{},"{""2"": 35.395, ""3"": 23.744}"
33.4,AUTO,190.101,274.676,-178.63,0.0,0.0,0.0,92.0,-12.0,-12.0,0.0,,,,,,,,,,,,,,16.474,23.744,16.474,False,MANEUVERING,MANEUVERING,,,flexible_commitment_kept,10,284.10487500514137,False,1,CLOCKWISE,{},"{""2"": 35.858, ""3"": 23.744}"
33.45,AUTO,190.588,274.688,-178.63,0.0,0.0,0.0,92.0,-9.75,24.0,45.0,,,,,,,,,,,,,,16.462,23.744,16.462,False,FOLLOW,FOLLOW,,,flexible_commitment_kept,5,146.80158400005894,False,1,CLOCKWISE,{},"{""2"": 36.237, ""3"": 23.744}"
33.5,AUTO,190.963,274.696,-178.63,0.0,0.0,0.0,92.0,-7.5,24.0,45.0,,,,,,,,,,,,,,16.453,23.744,16.453,False,FOLLOW,FOLLOW,,,flexible_commitment_kept,5,146.80158400005894,False,1,CLOCKWISE,{},"{""2"": 36.53, ""3"": 23.744}"
33.55,AUTO,191.226,274.703,-178.63,0.0,0.0,0.0,92.0,-5.25,24.0,45.0,,,,,,,,,,,,,,16.447,23.744,16.447,False,FOLLOW,FOLLOW,,,flexible_commitment_kept,5,146.80158400005894,False,1,CLOCKWISE,{},"{""2"": 36.737, ""3"": 23.744}"
33.6,AUTO,191.376,274.706,-178.63,0.0,0.0,0.0,92.0,-3.0,24.0,45.0,,,,,,,,,,,,,,16.443,23.744,16.443,False,FOLLOW,FOLLOW,,,flexible_commitment_kept,5,146.80158400005894,False,1,CLOCKWISE,{},"{""2"": 36.855, ""3"": 23.744}"
33.65,AUTO,191.413,274.707,-178.63,0.0,0.0,0.0,92.0,-0.75,24.0,45.0,,,,,,,,,,,,,,16.442,23.744,16.442,False,FOLLOW,FOLLOW,,,flexible_commitment_kept,5,146.80158400005894,False,1,CLOCKWISE,{},"{""2"": 36.884, ""3"": 23.744}"
33.7,AUTO,191.563,274.711,-178.63,0.0,0.0,0.0,92.0,-3.0,-12.0,-45.0,,,,,,,,,,,,,,16.439,23.744,16.439,False,MANEUVERING,MANEUVERING,,,flexible_commitment_switched,10,282.1126670023659,False,1,CLOCKWISE,{},"{""2"": 37.003, ""3"": 23.744}"
33.75,AUTO,191.825,274.717,-178.63,0.0,0.0,0.0,92.0,-5.25,-12.0,-45.0,,,,,,,,,,,,,,16.432,23.744,16.432,False,MANEUVERING,MANEUVERING,,,flexible_commitment_switched,10,282.1126670023659,False,1,CLOCKWISE,{},"{""2"": 37.211, ""3"": 23.744}"
33.8,AUTO,192.2,274.726,-178.63,0.0,0.0,0.0,92.0,-7.5,-12.0,-45.0,,,,,,,,,,,,,,16.423,23.744,16.423,False,MANEUVERING,MANEUVERING,,,flexible_commitment_switched,10,282.1126670023659,False,1,CLOCKWISE,{},"{""2"": 37.509, ""3"": 23.744}"
33.85,AUTO,192.688,274.738,-178.63,0.0,0.0,0.0,92.0,-9.75,-12.0,-45.0,,,,,,,,,,,,,,16.412,23.744,16.412,False,MANEUVERING,MANEUVERING,,,flexible_commitment_switched,10,282.1126670023659,False,1,CLOCKWISE,{},"{""2"": 37.898, ""3"": 23.744}"
33.9,AUTO,193.288,274.752,-178.63,0.0,0.0,0.0,92.0,-12.0,-12.0,-45.0,,,,,,,,,,,,,,16.397,23.744,16.397,False,MANEUVERING,MANEUVERING,,,flexible_commitment_switched,10,282.1126670023659,False,1,CLOCKWISE,{},"{""2"": 38.381, ""3"": 23.744}"
33.95,AUTO,193.887,274.766,-178.63,0.0,0.0,0.0,92.0,-12.0,-12.0,0.0,,,,,,,,,,,,,,16.383,23.744,16.383,False,MANEUVERING,MANEUVERING,,,flexible_commitment_switched,10,282.1126670023659,False,1,CLOCKWISE,{},"{""2"": 38.867, ""3"": 23.744}"
34.0,AUTO,194.487,274.781,-178.63,0.0,0.0,0.0,92.0,-12.0,-12.0,0.0,,,,,,,,,,,,,,16.369,23.744,16.369,False,MANEUVERING,MANEUVERING,,,flexible_commitment_switched,10,282.1126670023659,False,1,CLOCKWISE,{},"{""2"": 39.356, ""3"": 23.744}"
34.05,AUTO,195.087,274.795,-178.63,0.0,0.0,0.0,92.0,-12.0,-12.0,0.0,,,,,,,,,,,,,,16.354,23.744,16.354,False,MANEUVERING,MANEUVERING,,,flexible_commitment_switched,10,282.1126670023659,False,1,CLOCKWISE,{},"{""2"": 39.848, ""3"": 23.744}"
34.1,AUTO,195.687,274.809,-178.63,0.0,0.0,0.0,92.0,-12.0,-12.0,0.0,,,,,,,,,,,,,,16.34,23.744,16.34,False,MANEUVERING,MANEUVERING,,,flexible_commitment_switched,10,282.1126670023659,False,1,CLOCKWISE,{},"{""2"": 40.342, ""3"": 23.744}"
34.15,AUTO,196.287,274.824,-178.63,0.0,0.0,0.0,92.0,-12.0,-12.0,0.0,,,,,,,,,,,,,,16.326,23.744,16.326,False,MANEUVERING,MANEUVERING,,,flexible_commitment_switched,10,282.1126670023659,False,1,CLOCKWISE,{},"{""2"": 40.84, ""3"": 23.744}"
34.2,AUTO,196.774,274.835,-178.63,0.0,0.0,0.0,92.0,-9.75,24.0,45.0,,,,,,,,,,,,,,16.314,23.744,16.314,False,FOLLOW,FOLLOW,,,flexible_commitment_kept,5,144.9399999983143,False,1,CLOCKWISE,{},"{""2"": 41.247, ""3"": 23.744}"
34.25,AUTO,197.149,274.844,-178.63,0.0,0.0,0.0,92.0,-7.5,24.0,45.0,,,,,,,,,,,,,,16.305,23.744,16.305,False,FOLLOW,FOLLOW,,,flexible_commitment_kept,5,144.9399999983143,False,1,CLOCKWISE,{},"{""2"": 41.56, ""3"": 23.744}"
34.3,AUTO,197.411,274.851,-178.63,0.0,0.0,0.0,92.0,-5.25,24.0,45.0,,,,,,,,,,,,,,16.299,23.744,16.299,False,FOLLOW,FOLLOW,,,flexible_commitment_kept,5,144.9399999983143,False,1,CLOCKWISE,{},"{""2"": 41.781, ""3"": 23.744}"
34.35,AUTO,197.561,274.854,-178.63,0.0,0.0,0.0,92.0,-3.0,24.0,45.0,,,,,,,,,,,,,,16.295,23.744,16.295,False,FOLLOW,FOLLOW,,,flexible_commitment_kept,5,144.9399999983143,False,1,CLOCKWISE,{},"{""2"": 41.907, ""3"": 23.744}"
34.4,AUTO,197.599,274.855,-178.63,0.0,0.0,0.0,92.0,-0.75,24.0,45.0,,,,,,,,,,,,,,16.294,23.744,16.294,False,FOLLOW,FOLLOW,,,flexible_commitment_kept,5,144.9399999983143,False,1,CLOCKWISE,{},"{""2"": 41.938, ""3"": 23.744}"
34.45,AUTO,197.524,274.853,-178.63,0.0,0.0,0.0,92.0,1.5,24.0,45.0,,,,,,,,,,,,,,16.296,23.744,16.296,False,FOLLOW,FOLLOW,,,flexible_commitment_switched,5,141.6794579999987,False,1,CLOCKWISE,{},"{""2"": 41.875, ""3"": 23.744}"
34.5,AUTO,197.336,274.849,-178.63,0.0,0.0,0.0,92.0,3.75,24.0,45.0,,,,,,,,,,,,,,16.301,23.744,16.301,False,FOLLOW,FOLLOW,,,flexible_commitment_switched,5,141.6794579999987,False,1,CLOCKWISE,{},"{""2"": 41.718, ""3"": 23.744}"
34.55,AUTO,197.036,274.842,-178.63,0.0,0.0,0.0,92.0,6.0,24.0,45.0,,,,,,,,,,,,,,16.308,23.744,16.308,False,FOLLOW,FOLLOW,,,flexible_commitment_switched,5,141.6794579999987,False,1,CLOCKWISE,{},"{""2"": 41.466, ""3"": 23.744}"
34.6,AUTO,196.624,274.832,-178.63,0.0,0.0,0.0,92.0,8.25,24.0,45.0,,,,,,,,,,,,,,16.318,23.744,16.318,False,FOLLOW,FOLLOW,,,flexible_commitment_switched,5,141.6794579999987,False,1,CLOCKWISE,{},"{""2"": 41.121, ""3"": 23.744}"
34.65,AUTO,196.099,274.819,-178.63,0.0,0.0,0.0,92.0,10.5,24.0,45.0,,,,,,,,,,,,,,16.33,23.744,16.33,False,FOLLOW,FOLLOW,,,flexible_commitment_switched,5,141.6794579999987,False,1,CLOCKWISE,{},"{""2"": 40.684, ""3"": 23.744}"
34.7,AUTO,195.462,274.804,-178.63,0.0,0.0,0.0,92.0,12.75,24.0,45.0,,,,,,,,,,,,,,16.345,23.744,16.345,False,FOLLOW,FOLLOW,,,flexible_commitment_switched,5,141.6794579999987,False,1,CLOCKWISE,{},"{""2"": 40.157, ""3"": 23.744}"
34.75,AUTO,194.712,274.786,-178.63,0.0,0.0,0.0,92.0,15.0,24.0,45.0,,,,,,,,,,,,,,16.363,23.744,16.363,False,FOLLOW,FOLLOW,,,flexible_commitment_kept,5,137.3332910006866,False,1,CLOCKWISE,{},"{""2"": 39.54, ""3"": 23.744}"
34.8,AUTO,193.85,274.766,-178.63,0.0,0.0,0.0,92.0,17.25,24.0,45.0,,,,,,,,,,,,,,16.384,23.744,16.384,False,FOLLOW,FOLLOW,,,flexible_commitment_kept,5,137.3332910006866,False,1,CLOCKWISE,{},"{""2"": 38.836, ""3"": 23.744}"
34.85,AUTO,192.875,274.742,-178.63,0.0,0.0,0.0,92.0,19.5,24.0,45.0,,,,,,,,,,,,,,16.407,23.744,16.407,False,FOLLOW,FOLLOW,,,flexible_commitment_kept,5,137.3332910006866,False,1,CLOCKWISE,{},"{""2"": 38.049, ""3"": 23.744}"
34.9,AUTO,191.788,274.716,-178.63,0.0,0.0,0.0,92.0,21.75,24.0,45.0,,,,,,,,,,,,,,16.433,23.744,16.433,False,FOLLOW,FOLLOW,,,flexible_commitment_kept,5,137.3332910006866,False,1,CLOCKWISE,{},"{""2"": 37.181, ""3"": 23.744}"
34.95,AUTO,190.588,274.688,-178.63,0.0,0.0,0.0,92.0,24.0,24.0,45.0,,,,,,,,,,,,,,16.462,23.744,16.462,False,FOLLOW,FOLLOW,,,flexible_commitment_kept,5,137.3332910006866,False,1,CLOCKWISE,{},"{""2"": 36.237, ""3"": 23.744}"
35.0,AUTO,189.389,274.659,-178.63,0.0,0.0,0.0,92.0,24.0,24.0,0.0,,,,,,,,,,,,,,16.491,23.744,16.491,False,FOLLOW,FOLLOW,,,flexible_commitment_kept,5,137.3332910006866,False,1,CLOCKWISE,{},"{""2"": 35.309, ""3"": 23.744}"
35.05,AUTO,188.189,274.63,-178.63,0.0,0.0,0.0,92.0,24.0,24.0,0.0,,,,,,,,,,,,,,16.519,23.744,16.519,False,FOLLOW,FOLLOW,,,flexible_commitment_kept,20,525.6940000035684,False,1,CLOCKWISE,{},"{""2"": 34.397, ""3"": 23.744}"
35.1,AUTO,186.989,274.601,-178.63,0.0,0.0,0.0,92.0,24.0,24.0,0.0,,,,,,,,,,,,,,16.548,23.744,16.548,False,FOLLOW,FOLLOW,,,flexible_commitment_kept,20,525.6940000035684,False,1,CLOCKWISE,{},"{""2"": 33.504, ""3"": 23.744}"
35.15,AUTO,185.79,274.573,-178.63,0.0,0.0,0.0,92.0,24.0,24.0,0.0,,,,,,,,,,,,,,16.577,32.631,16.577,False,FOLLOW,FOLLOW,,,flexible_commitment_kept,20,525.6940000035684,False,1,CLOCKWISE,{},"{""2"": 32.631}"
35.2,AUTO,184.59,274.544,-178.63,0.0,0.0,0.0,92.0,24.0,24.0,0.0,,,,,,,,,,,,,,16.606,31.778,16.606,False,FOLLOW,FOLLOW,,,flexible_commitment_kept,20,525.6940000035684,False,1,CLOCKWISE,{},"{""2"": 31.778}"
35.25,AUTO,183.39,274.515,-178.63,0.0,0.0,0.0,92.0,24.0,24.0,0.0,,,,,,,,,,,,,,16.634,30.949,16.634,False,FOLLOW,FOLLOW,,,flexible_commitment_kept,20,525.6940000035684,False,1,CLOCKWISE,{},"{""2"": 30.949}"
35.3,AUTO,182.191,274.487,-178.63,0.0,0.0,0.0,92.0,24.0,24.0,0.0,,,,,,,,,,,,,,16.663,30.145,16.663,False,FOLLOW,FOLLOW,,,flexible_commitment_kept,20,525.6940000035684,False,1,CLOCKWISE,{},"{""2"": 30.145}"
35.35,AUTO,180.991,274.458,-178.63,0.0,0.0,0.0,92.0,24.0,24.0,0.0,,,,,,,,,,,,,,16.692,29.368,16.692,False,FOLLOW,FOLLOW,,,flexible_commitment_kept,20,476.800500000536,False,1,CLOCKWISE,{},"{""2"": 29.368}"
35.4,AUTO,179.791,274.429,-178.63,0.0,0.0,0.0,92.0,24.0,24.0,0.0,,,,,,,,,,,,,,16.72,28.62,16.72,False,FOLLOW,FOLLOW,,,flexible_commitment_kept,20,476.800500000536,False,1,CLOCKWISE,{},"{""2"": 28.62}"
35.45,AUTO,178.592,274.401,-178.63,0.0,0.0,0.0,92.0,24.0,24.0,0.0,,,,,,,,,,,,,,16.749,27.903,16.749,False,FOLLOW,FOLLOW,,,flexible_commitment_kept,20,476.800500000536,False,1,CLOCKWISE,{},"{""2"": 27.903}"
35.5,AUTO,177.392,274.372,-178.63,0.0,0.0,0.0,92.0,24.0,24.0,0.0,,,,,,,,,,,,,,16.778,27.221,16.778,False,FOLLOW,FOLLOW,,,flexible_commitment_kept,20,476.800500000536,False,1,CLOCKWISE,{},"{""2"": 27.221}"
35.55,AUTO,176.192,274.343,-178.63,0.0,0.0,0.0,92.0,24.0,24.0,0.0,,,,,,,,,,,,,,16.806,26.575,16.806,False,FOLLOW,FOLLOW,,,flexible_commitment_kept,20,476.800500000536,False,1,CLOCKWISE,{},"{""2"": 26.575}"
35.6,AUTO,174.993,274.314,-178.63,0.0,0.0,0.0,92.0,24.0,24.0,0.0,,,,,,,,,,,,,,16.835,25.969,16.835,False,FOLLOW,FOLLOW,,,flexible_commitment_kept,20,476.800500000536,False,1,CLOCKWISE,{},"{""2"": 25.969}"
35.65,AUTO,173.793,274.286,-178.63,0.0,0.0,0.0,92.0,24.0,24.0,0.0,,,,,,,,,,,,,,16.864,25.405,16.864,False,FOLLOW,FOLLOW,,,flexible_commitment_kept,20,480.23475000081817,False,1,CLOCKWISE,{},"{""2"": 25.405}"
35.7,AUTO,172.593,274.257,-178.63,0.0,0.0,0.0,92.0,24.0,24.0,0.0,,,,,,,,,,,,,,16.892,24.886,16.892,False,FOLLOW,FOLLOW,,,flexible_commitment_kept,20,480.23475000081817,False,1,CLOCKWISE,{},"{""2"": 24.886}"
35.75,AUTO,171.394,274.228,-178.63,0.0,0.0,0.0,92.0,24.0,24.0,0.0,,,,,,,,,,,,,,16.921,24.416,16.921,False,FOLLOW,FOLLOW,,,flexible_commitment_kept,20,480.23475000081817,False,1,CLOCKWISE,{},"{""2"": 24.416}"
35.8,AUTO,170.194,274.2,-178.63,0.0,0.0,0.0,92.0,24.0,24.0,0.0,,,,,,,,,,,,,,16.95,23.996,16.95,False,FOLLOW,FOLLOW,,,flexible_commitment_kept,20,480.23475000081817,False,1,CLOCKWISE,{},"{""2"": 23.996}"
35.85,AUTO,168.994,274.171,-178.63,0.0,0.0,0.0,92.0,24.0,24.0,0.0,,,,,,,,,,,,,,16.979,23.629,16.979,False,FOLLOW,FOLLOW,,,flexible_commitment_kept,20,480.23475000081817,False,1,CLOCKWISE,{},"{""2"": 23.629}"
35.9,AUTO,167.795,274.142,-178.63,0.0,0.0,0.0,92.0,24.0,24.0,0.0,,,,,,,,,,,,,,17.007,23.319,17.007,False,FOLLOW,FOLLOW,,,flexible_commitment_kept,20,480.23475000081817,False,1,CLOCKWISE,{},"{""2"": 23.319}"
35.95,AUTO,166.595,274.114,-178.63,0.0,0.0,0.0,92.0,24.0,24.0,0.0,,,,,,,,,,,,,,17.036,23.067,17.036,False,FOLLOW,FOLLOW,,,flexible_commitment_kept,20,482.5743340043118,False,1,CLOCKWISE,{},"{""2"": 23.067}"
36.0,AUTO,165.395,274.085,-178.63,0.0,0.0,0.0,92.0,24.0,24.0,0.0,,,,,,,,,,,,,,17.065,22.875,17.065,False,FOLLOW,FOLLOW,,,flexible_commitment_kept,20,482.5743340043118,False,1,CLOCKWISE,{},"{""2"": 22.875}"
36.05,AUTO,164.196,274.056,-178.63,0.0,0.0,0.0,92.0,24.0,24.0,0.0,,,,,,,,,,,,,,17.093,22.745,17.093,False,FOLLOW,FOLLOW,,,flexible_commitment_kept,20,482.5743340043118,False,1,CLOCKWISE,{},"{""2"": 22.745}"
36.1,AUTO,162.996,274.028,-178.63,0.0,0.0,0.0,92.0,24.0,24.0,0.0,,,,,,,,,,,,,,17.122,22.677,17.122,False,FOLLOW,FOLLOW,,,flexible_commitment_kept,20,482.5743340043118,False,1,CLOCKWISE,{},"{""2"": 22.677}"
36.15,AUTO,161.797,273.999,-178.63,0.0,0.0,0.0,92.0,24.0,24.0,0.0,,,,,,,,,,,,,,17.151,22.648,17.151,False,FOLLOW,FOLLOW,,,flexible_commitment_kept,20,482.5743340043118,False,1,CLOCKWISE,{},"{""2"": 22.648}"
36.2,AUTO,160.597,273.97,-178.63,0.0,0.0,0.0,92.0,24.0,24.0,0.0,,,,,,,,,,,,,,17.179,22.62,17.179,False,FOLLOW,FOLLOW,,,flexible_commitment_kept,20,482.5743340043118,False,1,CLOCKWISE,{},"{""2"": 22.62}"
36.25,AUTO,159.397,273.941,-178.63,0.0,0.0,0.0,92.0,24.0,24.0,0.0,,,,,,,,,,,,,,17.208,22.591,17.208,False,FOLLOW,FOLLOW,,,flexible_commitment_kept,20,480.79029099608306,False,1,CLOCKWISE,{},"{""2"": 22.591}"
36.3,AUTO,158.198,273.913,-178.63,0.0,0.0,0.0,92.0,24.0,24.0,0.0,,,,,,,,,,,,,,17.237,22.562,17.237,False,FOLLOW,FOLLOW,,,flexible_commitment_kept,20,480.79029099608306,False,1,CLOCKWISE,{},"{""2"": 22.562}"
36.35,AUTO,156.998,273.884,-178.63,0.0,0.0,0.0,92.0,24.0,24.0,0.0,,,,,,,,,,,,,,17.266,22.548,17.266,False,FOLLOW,FOLLOW,,,flexible_commitment_kept,20,480.79029099608306,False,1,CLOCKWISE,{},"{""2"": 22.548}"
36.4,AUTO,155.798,273.855,-178.63,0.0,0.0,0.0,92.0,24.0,24.0,0.0,,,,,,,,,,,,,,17.294,22.548,17.294,False,FOLLOW,FOLLOW,,,flexible_commitment_kept,20,480.79029099608306,False,1,CLOCKWISE,{},"{""2"": 22.548}"
36.45,AUTO,154.599,273.827,-178.63,0.0,0.0,0.0,92.0,24.0,24.0,0.0,,,,,,,,,,,,,,17.323,22.548,17.323,False,FOLLOW,FOLLOW,,,flexible_commitment_kept,20,480.79029099608306,False,1,CLOCKWISE,{},"{""2"": 22.548}"
36.5,AUTO,153.399,273.798,-178.63,0.0,0.0,0.0,92.0,24.0,24.0,0.0,,,,,,,,,,,,,,17.352,22.548,17.352,False,FOLLOW,FOLLOW,,,flexible_commitment_kept,20,480.79029099608306,False,1,CLOCKWISE,{},"{""2"": 22.548}"
36.55,AUTO,152.199,273.769,-178.63,0.0,0.0,0.0,92.0,24.0,24.0,0.0,,,,,,,,,,,,,,17.38,22.548,17.38,False,FOLLOW,FOLLOW,,,flexible_commitment_kept,20,479.8267500009388,False,1,CLOCKWISE,{},"{""2"": 22.548}"
36.6,AUTO,151.0,273.741,-178.63,0.0,0.0,0.0,92.0,24.0,24.0,0.0,,,,,,,,,,,,,,17.409,22.548,17.409,False,FOLLOW,FOLLOW,,,flexible_commitment_kept,20,479.8267500009388,False,1,CLOCKWISE,{},"{""2"": 22.548}"
36.65,AUTO,149.8,273.712,-178.63,0.0,0.0,0.0,92.0,24.0,24.0,0.0,,,,,,,,,,,,,,17.438,22.548,17.438,False,FOLLOW,FOLLOW,,,flexible_commitment_kept,20,479.8267500009388,False,1,CLOCKWISE,{},"{""2"": 22.548}"
36.7,AUTO,148.6,273.683,-178.63,0.0,0.0,0.0,92.0,24.0,24.0,0.0,,,,,,,,,,,,,,17.466,22.548,17.466,False,FOLLOW,FOLLOW,,,flexible_commitment_kept,20,479.8267500009388,False,1,CLOCKWISE,{},"{""2"": 22.548}"
36.75,AUTO,147.401,273.654,-178.63,0.0,0.0,0.0,92.0,24.0,24.0,0.0,,,,,,,,,,,,,,17.495,22.548,17.495,False,FOLLOW,FOLLOW,,,flexible_commitment_kept,20,479.8267500009388,False,1,CLOCKWISE,{},"{""2"": 22.548}"
36.8,AUTO,146.201,273.626,-178.63,0.0,0.0,0.0,92.0,24.0,24.0,0.0,,,,,,,,,,,,,,17.524,22.548,17.524,False,FOLLOW,FOLLOW,,,flexible_commitment_kept,20,479.8267500009388,False,1,CLOCKWISE,{},"{""2"": 22.548}"
36.85,AUTO,145.176,273.601,-178.63,0.0,0.0,0.0,92.0,20.5,0.0,-70.0,,,,,,,,,,,,,,17.548,22.548,17.548,False,NO_SAFE_TRAJECTORY,NO_SAFE_TRAJECTORY,,,NO_SAFE_TRAJECTORY,19,482.326124998508,False,1,CLOCKWISE,{},"{""2"": 22.548}"
36.9,AUTO,144.327,273.581,-178.63,0.0,0.0,0.0,92.0,17.0,0.0,-70.0,,,,,,,,,,,,,,17.569,22.548,17.569,False,NO_SAFE_TRAJECTORY,NO_SAFE_TRAJECTORY,,,NO_SAFE_TRAJECTORY,19,482.326124998508,False,1,CLOCKWISE,{},"{""2"": 22.548}"
36.95,AUTO,143.652,273.565,-178.63,0.0,0.0,0.0,92.0,13.5,0.0,-70.0,,,,,,,,,,,,,,17.585,22.548,17.585,False,NO_SAFE_TRAJECTORY,NO_SAFE_TRAJECTORY,,,NO_SAFE_TRAJECTORY,19,482.326124998508,False,1,CLOCKWISE,{},"{""2"": 22.548}"
37.0,AUTO,143.152,273.553,-178.63,0.0,0.0,0.0,92.0,10.0,0.0,-70.0,,,,,,,,,,,,,,17.597,22.548,17.597,False,NO_SAFE_TRAJECTORY,NO_SAFE_TRAJECTORY,,,NO_SAFE_TRAJECTORY,19,482.326124998508,False,1,CLOCKWISE,{},"{""2"": 22.548}"
37.05,AUTO,142.827,273.545,-178.63,0.0,0.0,0.0,92.0,6.5,0.0,-70.0,,,,,,,,,,,,,,17.605,22.548,17.605,False,NO_SAFE_TRAJECTORY,NO_SAFE_TRAJECTORY,,,NO_SAFE_TRAJECTORY,19,482.326124998508,False,1,CLOCKWISE,{},"{""2"": 22.548}"
37.1,AUTO,142.677,273.541,-178.63,0.0,0.0,0.0,92.0,3.0,0.0,-70.0,,,,,,,,,,,,,,17.608,22.548,17.608,False,NO_SAFE_TRAJECTORY,NO_SAFE_TRAJECTORY,,,NO_SAFE_TRAJECTORY,19,482.326124998508,False,1,CLOCKWISE,{},"{""2"": 22.548}"
37.15,AUTO,142.677,273.541,-178.63,0.0,0.0,0.0,92.0,0.0,0.0,-60.0,,,,,,,,,,,,,,17.608,22.548,17.608,False,NO_SAFE_TRAJECTORY,NO_SAFE_TRAJECTORY,,,NO_SAFE_TRAJECTORY,19,625.239083004999,False,1,CLOCKWISE,{},"{""2"": 22.548}"
37.2,AUTO,142.677,273.541,-178.63,0.0,0.0,0.0,92.0,0.0,0.0,0.0,,,,,,,,,,,,,,17.608,22.548,17.608,False,NO_SAFE_TRAJECTORY,NO_SAFE_TRAJECTORY,,,NO_SAFE_TRAJECTORY,19,625.239083004999,False,1,CLOCKWISE,{},"{""2"": 22.548}"
37.25,AUTO,142.677,273.541,-178.63,0.0,0.0,0.0,92.0,0.0,0.0,0.0,,,,,,,,,,,,,,17.608,22.548,17.608,False,NO_SAFE_TRAJECTORY,NO_SAFE_TRAJECTORY,,,NO_SAFE_TRAJECTORY,19,625.239083004999,False,1,CLOCKWISE,{},"{""2"": 22.548}"
37.3,AUTO,142.677,273.541,-178.63,0.0,0.0,0.0,92.0,0.0,0.0,0.0,,,,,,,,,,,,,,17.608,22.548,17.608,False,NO_SAFE_TRAJECTORY,NO_SAFE_TRAJECTORY,,,NO_SAFE_TRAJECTORY,19,625.239083004999,False,1,CLOCKWISE,{},"{""2"": 22.548}"
37.35,AUTO,142.677,273.541,-178.63,0.0,0.0,0.0,92.0,0.0,0.0,0.0,,,,,,,,,,,,,,17.608,22.548,17.608,False,NO_SAFE_TRAJECTORY,NO_SAFE_TRAJECTORY,,,NO_SAFE_TRAJECTORY,19,625.239083004999,False,1,CLOCKWISE,{},"{""2"": 22.548}"
37.4,AUTO,142.677,273.541,-178.63,0.0,0.0,0.0,92.0,0.0,0.0,0.0,,,,,,,,,,,,,,17.608,22.548,17.608,False,NO_SAFE_TRAJECTORY,NO_SAFE_TRAJECTORY,,,NO_SAFE_TRAJECTORY,19,625.239083004999,False,1,CLOCKWISE,{},"{""2"": 22.548}"
37.45,AUTO,142.677,273.541,-178.63,0.0,0.0,0.0,92.0,0.0,0.0,0.0,,,,,,,,,,,,,,17.608,22.548,17.608,False,NO_SAFE_TRAJECTORY,NO_SAFE_TRAJECTORY,,,NO_SAFE_TRAJECTORY,19,625.239083004999,False,1,CLOCKWISE,{},"{""2"": 22.548}"
37.5,AUTO,142.677,273.541,-178.63,0.0,0.0,0.0,92.0,0.0,0.0,0.0,,,,,,,,,,,,,,17.608,22.548,17.608,False,NO_SAFE_TRAJECTORY,NO_SAFE_TRAJECTORY,,,NO_SAFE_TRAJECTORY,19,625.239083004999,False,1,CLOCKWISE,{},"{""2"": 22.548}"
37.55,AUTO,142.677,273.541,-178.63,0.0,0.0,0.0,92.0,0.0,0.0,0.0,,,,,,,,,,,,,,17.608,22.548,17.608,False,NO_SAFE_TRAJECTORY,NO_SAFE_TRAJECTORY,,,NO_SAFE_TRAJECTORY,19,625.239083004999,False,1,CLOCKWISE,{},"{""2"": 22.548}"
37.6,AUTO,142.677,273.541,-178.63,0.0,0.0,0.0,92.0,0.0,0.0,0.0,,,,,,,,,,,,,,17.608,22.548,17.608,False,NO_SAFE_TRAJECTORY,NO_SAFE_TRAJECTORY,,,NO_SAFE_TRAJECTORY,19,625.239083004999,False,1,CLOCKWISE,{},"{""2"": 22.548}"
37.65,AUTO,142.677,273.541,-178.63,0.0,0.0,0.0,92.0,0.0,0.0,0.0,,,,,,,,,,,,,,17.608,22.548,17.608,False,NO_SAFE_TRAJECTORY,NO_SAFE_TRAJECTORY,,,NO_SAFE_TRAJECTORY,19,625.239083004999,False,1,CLOCKWISE,{},"{""2"": 22.548}"
37.7,AUTO,142.677,273.541,-178.63,0.0,0.0,0.0,92.0,0.0,0.0,0.0,,,,,,,,,,,,,,17.608,22.548,17.608,False,NO_SAFE_TRAJECTORY,NO_SAFE_TRAJECTORY,,,NO_SAFE_TRAJECTORY,19,625.239083004999,False,1,CLOCKWISE,{},"{""2"": 22.548}"
37.75,AUTO,142.677,273.541,-178.63,0.0,0.0,0.0,92.0,0.0,0.0,0.0,,,,,,,,,,,,,,17.608,22.548,17.608,False,NO_SAFE_TRAJECTORY,NO_SAFE_TRAJECTORY,,,NO_SAFE_TRAJECTORY,19,625.239083004999,False,1,CLOCKWISE,{},"{""2"": 22.548}"
37.8,AUTO,142.677,273.541,-178.63,0.0,0.0,0.0,92.0,0.0,0.0,0.0,,,,,,,,,,,,,,17.608,22.548,17.608,False,NO_SAFE_TRAJECTORY,NO_SAFE_TRAJECTORY,,,NO_SAFE_TRAJECTORY,19,625.239083004999,False,1,CLOCKWISE,{},"{""2"": 22.548}"
37.85,AUTO,142.677,273.541,-178.63,0.0,0.0,0.0,92.0,0.0,0.0,0.0,,,,,,,,,,,,,,17.608,22.548,17.608,False,NO_SAFE_TRAJECTORY,NO_SAFE_TRAJECTORY,,,NO_SAFE_TRAJECTORY,19,625.239083004999,False,1,CLOCKWISE,{},"{""2"": 22.548}"
37.9,AUTO,142.677,273.541,-178.63,0.0,0.0,0.0,92.0,0.0,0.0,0.0,,,,,,,,,,,,,,17.608,22.548,17.608,False,NO_SAFE_TRAJECTORY,NO_SAFE_TRAJECTORY,,,NO_SAFE_TRAJECTORY,19,625.239083004999,False,1,CLOCKWISE,{},"{""2"": 22.548}"
37.95,AUTO,142.677,273.541,-178.63,0.0,0.0,0.0,92.0,0.0,0.0,0.0,,,,,,,,,,,,,,17.608,22.548,17.608,False,NO_SAFE_TRAJECTORY,NO_SAFE_TRAJECTORY,,,NO_SAFE_TRAJECTORY,19,625.239083004999,False,1,CLOCKWISE,{},"{""2"": 22.548}"
38.0,AUTO,142.677,273.541,-178.63,0.0,0.0,0.0,92.0,0.0,0.0,0.0,,,,,,,,,,,,,,17.608,22.548,17.608,False,NO_SAFE_TRAJECTORY,NO_SAFE_TRAJECTORY,,,NO_SAFE_TRAJECTORY,19,625.239083004999,False,1,CLOCKWISE,{},"{""2"": 22.548}"
38.05,AUTO,142.677,273.541,-178.63,0.0,0.0,0.0,92.0,0.0,0.0,0.0,,,,,,,,,,,,,,17.608,22.548,17.608,False,NO_SAFE_TRAJECTORY,NO_SAFE_TRAJECTORY,,,NO_SAFE_TRAJECTORY,19,625.239083004999,False,1,CLOCKWISE,{},"{""2"": 22.548}"
38.1,AUTO,142.677,273.541,-178.63,0.0,0.0,0.0,92.0,0.0,0.0,0.0,,,,,,,,,,,,,,17.608,22.548,17.608,False,NO_SAFE_TRAJECTORY,NO_SAFE_TRAJECTORY,,,NO_SAFE_TRAJECTORY,19,625.239083004999,False,1,CLOCKWISE,{},"{""2"": 22.548}"
38.15,AUTO,142.677,273.541,-178.63,0.0,0.0,0.0,92.0,0.0,0.0,0.0,,,,,,,,,,,,,,17.608,22.548,17.608,False,NO_SAFE_TRAJECTORY,NO_SAFE_TRAJECTORY,,,NO_SAFE_TRAJECTORY,19,625.239083004999,False,1,CLOCKWISE,{},"{""2"": 22.548}"
38.2,AUTO,142.677,273.541,-178.63,0.0,0.0,0.0,92.0,0.0,0.0,0.0,,,,,,,,,,,,,,17.608,22.548,17.608,False,NO_SAFE_TRAJECTORY,NO_SAFE_TRAJECTORY,,,NO_SAFE_TRAJECTORY,19,625.239083004999,False,1,CLOCKWISE,{},"{""2"": 22.548}"
38.25,AUTO,142.677,273.541,-178.63,0.0,0.0,0.0,92.0,0.0,0.0,0.0,,,,,,,,,,,,,,17.608,22.548,17.608,False,NO_SAFE_TRAJECTORY,NO_SAFE_TRAJECTORY,,,NO_SAFE_TRAJECTORY,19,625.239083004999,False,1,CLOCKWISE,{},"{""2"": 22.548}"
38.3,AUTO,142.677,273.541,-178.63,0.0,0.0,0.0,92.0,0.0,0.0,0.0,,,,,,,,,,,,,,17.608,22.548,17.608,False,NO_SAFE_TRAJECTORY,NO_SAFE_TRAJECTORY,,,NO_SAFE_TRAJECTORY,19,625.239083004999,False,1,CLOCKWISE,{},"{""2"": 22.548}"
38.35,AUTO,142.677,273.541,-178.63,0.0,0.0,0.0,92.0,0.0,0.0,0.0,,,,,,,,,,,,,,17.608,22.548,17.608,False,NO_SAFE_TRAJECTORY,NO_SAFE_TRAJECTORY,,,NO_SAFE_TRAJECTORY,19,625.239083004999,False,1,CLOCKWISE,{},"{""2"": 22.548}"
38.4,AUTO,142.677,273.541,-178.63,0.0,0.0,0.0,92.0,0.0,0.0,0.0,,,,,,,,,,,,,,17.608,22.548,17.608,False,NO_SAFE_TRAJECTORY,NO_SAFE_TRAJECTORY,,,NO_SAFE_TRAJECTORY,19,625.239083004999,False,1,CLOCKWISE,{},"{""2"": 22.548}"
38.45,AUTO,142.677,273.541,-178.63,0.0,0.0,0.0,92.0,0.0,0.0,0.0,,,,,,,,,,,,,,17.608,22.548,17.608,False,NO_SAFE_TRAJECTORY,NO_SAFE_TRAJECTORY,,,NO_SAFE_TRAJECTORY,19,625.239083004999,False,1,CLOCKWISE,{},"{""2"": 22.548}"
38.5,AUTO,142.677,273.541,-178.63,0.0,0.0,0.0,92.0,0.0,0.0,0.0,,,,,,,,,,,,,,17.608,22.548,17.608,False,NO_SAFE_TRAJECTORY,NO_SAFE_TRAJECTORY,,,NO_SAFE_TRAJECTORY,19,625.239083004999,False,1,CLOCKWISE,{},"{""2"": 22.548}"
38.55,AUTO,142.677,273.541,-178.63,0.0,0.0,0.0,92.0,0.0,0.0,0.0,,,,,,,,,,,,,,17.608,22.548,17.608,False,NO_SAFE_TRAJECTORY,NO_SAFE_TRAJECTORY,,,NO_SAFE_TRAJECTORY,19,625.239083004999,False,1,CLOCKWISE,{},"{""2"": 22.548}"
38.6,AUTO,142.677,273.541,-178.63,0.0,0.0,0.0,92.0,0.0,0.0,0.0,,,,,,,,,,,,,,17.608,22.548,17.608,False,NO_SAFE_TRAJECTORY,NO_SAFE_TRAJECTORY,,,NO_SAFE_TRAJECTORY,19,625.239083004999,False,1,CLOCKWISE,{},"{""2"": 22.548}"
38.65,AUTO,142.677,273.541,-178.63,0.0,0.0,0.0,92.0,0.0,0.0,0.0,,,,,,,,,,,,,,17.608,22.548,17.608,False,NO_SAFE_TRAJECTORY,NO_SAFE_TRAJECTORY,,,NO_SAFE_TRAJECTORY,19,625.239083004999,False,1,CLOCKWISE,{},"{""2"": 22.548}"
38.7,AUTO,142.677,273.541,-178.63,0.0,0.0,0.0,92.0,0.0,0.0,0.0,,,,,,,,,,,,,,17.608,22.548,17.608,False,NO_SAFE_TRAJECTORY,NO_SAFE_TRAJECTORY,,,NO_SAFE_TRAJECTORY,19,625.239083004999,False,1,CLOCKWISE,{},"{""2"": 22.548}"
38.75,AUTO,142.677,273.541,-178.63,0.0,0.0,0.0,92.0,0.0,0.0,0.0,,,,,,,,,,,,,,17.608,22.548,17.608,False,NO_SAFE_TRAJECTORY,NO_SAFE_TRAJECTORY,,,NO_SAFE_TRAJECTORY,19,625.239083004999,False,1,CLOCKWISE,{},"{""2"": 22.548}"
38.8,AUTO,142.677,273.541,-178.63,0.0,0.0,0.0,92.0,0.0,0.0,0.0,,,,,,,,,,,,,,17.608,22.548,17.608,False,NO_SAFE_TRAJECTORY,NO_SAFE_TRAJECTORY,,,NO_SAFE_TRAJECTORY,19,625.239083004999,False,1,CLOCKWISE,{},"{""2"": 22.548}"
38.85,AUTO,142.677,273.541,-178.63,0.0,0.0,0.0,92.0,0.0,0.0,0.0,,,,,,,,,,,,,,17.608,22.548,17.608,False,NO_SAFE_TRAJECTORY,NO_SAFE_TRAJECTORY,,,NO_SAFE_TRAJECTORY,19,625.239083004999,False,1,CLOCKWISE,{},"{""2"": 22.548}"
38.9,AUTO,142.677,273.541,-178.63,0.0,0.0,0.0,92.0,0.0,0.0,0.0,,,,,,,,,,,,,,17.608,22.548,17.608,False,NO_SAFE_TRAJECTORY,NO_SAFE_TRAJECTORY,,,NO_SAFE_TRAJECTORY,19,625.239083004999,False,1,CLOCKWISE,{},"{""2"": 22.548}"
38.95,AUTO,142.677,273.541,-178.63,0.0,0.0,0.0,92.0,0.0,0.0,0.0,,,,,,,,,,,,,,17.608,22.548,17.608,False,NO_SAFE_TRAJECTORY,NO_SAFE_TRAJECTORY,,,NO_SAFE_TRAJECTORY,19,625.239083004999,False,1,CLOCKWISE,{},"{""2"": 22.548}"
39.0,AUTO,142.677,273.541,-178.63,0.0,0.0,0.0,92.0,0.0,0.0,0.0,,,,,,,,,,,,,,17.608,22.548,17.608,False,NO_SAFE_TRAJECTORY,NO_SAFE_TRAJECTORY,,,NO_SAFE_TRAJECTORY,19,625.239083004999,False,1,CLOCKWISE,{},"{""2"": 22.548}"
39.05,AUTO,142.677,273.541,-178.63,0.0,0.0,0.0,92.0,0.0,0.0,0.0,,,,,,,,,,,,,,17.608,22.548,17.608,False,NO_SAFE_TRAJECTORY,NO_SAFE_TRAJECTORY,,,NO_SAFE_TRAJECTORY,19,625.239083004999,False,1,CLOCKWISE,{},"{""2"": 22.548}"
39.1,AUTO,142.677,273.541,-178.63,0.0,0.0,0.0,92.0,0.0,0.0,0.0,,,,,,,,,,,,,,17.608,22.548,17.608,False,NO_SAFE_TRAJECTORY,NO_SAFE_TRAJECTORY,,,NO_SAFE_TRAJECTORY,19,625.239083004999,False,1,CLOCKWISE,{},"{""2"": 22.548}"
39.15,AUTO,142.677,273.541,-178.63,0.0,0.0,0.0,92.0,0.0,0.0,0.0,,,,,,,,,,,,,,17.608,22.548,17.608,False,NO_SAFE_TRAJECTORY,NO_SAFE_TRAJECTORY,,,NO_SAFE_TRAJECTORY,19,625.239083004999,False,1,CLOCKWISE,{},"{""2"": 22.548}"
39.2,AUTO,142.677,273.541,-178.63,0.0,0.0,0.0,92.0,0.0,0.0,0.0,,,,,,,,,,,,,,17.608,22.548,17.608,False,NO_SAFE_TRAJECTORY,NO_SAFE_TRAJECTORY,,,NO_SAFE_TRAJECTORY,19,503.65770800272,False,1,CLOCKWISE,{},"{""2"": 22.548}"
39.25,AUTO,142.677,273.541,-178.63,0.0,0.0,0.0,92.0,0.0,0.0,0.0,,,,,,,,,,,,,,17.608,22.548,17.608,False,NO_SAFE_TRAJECTORY,NO_SAFE_TRAJECTORY,,,NO_SAFE_TRAJECTORY,19,503.65770800272,False,1,CLOCKWISE,{},"{""2"": 22.548}"
39.3,AUTO,142.677,273.541,-178.63,0.0,0.0,0.0,92.0,0.0,0.0,0.0,,,,,,,,,,,,,,17.608,22.548,17.608,False,NO_SAFE_TRAJECTORY,NO_SAFE_TRAJECTORY,,,NO_SAFE_TRAJECTORY,19,503.65770800272,False,1,CLOCKWISE,{},"{""2"": 22.548}"
39.35,AUTO,142.677,273.541,-178.63,0.0,0.0,0.0,92.0,0.0,0.0,0.0,,,,,,,,,,,,,,17.608,22.548,17.608,False,NO_SAFE_TRAJECTORY,NO_SAFE_TRAJECTORY,,,NO_SAFE_TRAJECTORY,19,503.65770800272,False,1,CLOCKWISE,{},"{""2"": 22.548}"
39.4,AUTO,142.677,273.541,-178.63,0.0,0.0,0.0,92.0,0.0,0.0,0.0,,,,,,,,,,,,,,17.608,22.548,17.608,False,NO_SAFE_TRAJECTORY,NO_SAFE_TRAJECTORY,,,NO_SAFE_TRAJECTORY,19,503.65770800272,False,1,CLOCKWISE,{},"{""2"": 22.548}"
39.45,AUTO,142.677,273.541,-178.63,0.0,0.0,0.0,92.0,0.0,0.0,0.0,,,,,,,,,,,,,,17.608,22.548,17.608,False,NO_SAFE_TRAJECTORY,NO_SAFE_TRAJECTORY,,,NO_SAFE_TRAJECTORY,19,503.65770800272,False,1,CLOCKWISE,{},"{""2"": 22.548}"
39.5,AUTO,142.677,273.541,-178.63,0.0,0.0,0.0,92.0,0.0,0.0,0.0,,,,,,,,,,,,,,17.608,22.548,17.608,False,NO_SAFE_TRAJECTORY,NO_SAFE_TRAJECTORY,,,NO_SAFE_TRAJECTORY,19,503.65770800272,False,1,CLOCKWISE,{},"{""2"": 22.548}"
39.55,AUTO,142.677,273.541,-178.63,0.0,0.0,0.0,92.0,0.0,0.0,0.0,,,,,,,,,,,,,,17.608,22.548,17.608,False,NO_SAFE_TRAJECTORY,NO_SAFE_TRAJECTORY,,,NO_SAFE_TRAJECTORY,19,503.65770800272,False,1,CLOCKWISE,{},"{""2"": 22.548}"
39.6,AUTO,142.677,273.541,-178.63,0.0,0.0,0.0,92.0,0.0,0.0,0.0,,,,,,,,,,,,,,17.608,22.548,17.608,False,NO_SAFE_TRAJECTORY,NO_SAFE_TRAJECTORY,,,NO_SAFE_TRAJECTORY,19,503.65770800272,False,1,CLOCKWISE,{},"{""2"": 22.548}"
39.65,AUTO,142.677,273.541,-178.63,0.0,0.0,0.0,92.0,0.0,0.0,0.0,,,,,,,,,,,,,,17.608,22.548,17.608,False,NO_SAFE_TRAJECTORY,NO_SAFE_TRAJECTORY,,,NO_SAFE_TRAJECTORY,19,503.65770800272,False,1,CLOCKWISE,{},"{""2"": 22.548}"
39.7,AUTO,142.677,273.541,-178.63,0.0,0.0,0.0,92.0,0.0,0.0,0.0,,,,,,,,,,,,,,17.608,22.548,17.608,False,NO_SAFE_TRAJECTORY,NO_SAFE_TRAJECTORY,,,NO_SAFE_TRAJECTORY,19,503.65770800272,False,1,CLOCKWISE,{},"{""2"": 22.548}"
39.75,AUTO,142.677,273.541,-178.63,0.0,0.0,0.0,92.0,0.0,0.0,0.0,,,,,,,,,,,,,,17.608,22.548,17.608,False,NO_SAFE_TRAJECTORY,NO_SAFE_TRAJECTORY,,,NO_SAFE_TRAJECTORY,19,503.65770800272,False,1,CLOCKWISE,{},"{""2"": 22.548}"
39.8,AUTO,142.677,273.541,-178.63,0.0,0.0,0.0,92.0,0.0,0.0,0.0,,,,,,,,,,,,,,17.608,22.548,17.608,False,NO_SAFE_TRAJECTORY,NO_SAFE_TRAJECTORY,,,NO_SAFE_TRAJECTORY,19,503.65770800272,False,1,CLOCKWISE,{},"{""2"": 22.548}"
39.85,AUTO,142.677,273.541,-178.63,0.0,0.0,0.0,92.0,0.0,0.0,0.0,,,,,,,,,,,,,,17.608,22.548,17.608,False,NO_SAFE_TRAJECTORY,NO_SAFE_TRAJECTORY,,,NO_SAFE_TRAJECTORY,19,503.65770800272,False,1,CLOCKWISE,{},"{""2"": 22.548}"
39.9,AUTO,142.677,273.541,-178.63,0.0,0.0,0.0,92.0,0.0,0.0,0.0,,,,,,,,,,,,,,17.608,22.548,17.608,False,NO_SAFE_TRAJECTORY,NO_SAFE_TRAJECTORY,,,NO_SAFE_TRAJECTORY,19,503.65770800272,False,1,CLOCKWISE,{},"{""2"": 22.548}"
39.95,AUTO,142.677,273.541,-178.63,0.0,0.0,0.0,92.0,0.0,0.0,0.0,,,,,,,,,,,,,,17.608,22.548,17.608,False,NO_SAFE_TRAJECTORY,NO_SAFE_TRAJECTORY,,,NO_SAFE_TRAJECTORY,19,503.65770800272,False,1,CLOCKWISE,{},"{""2"": 22.548}"
40.0,AUTO,142.677,273.541,-178.63,0.0,0.0,0.0,92.0,0.0,0.0,0.0,,,,,,,,,,,,,,17.608,22.548,17.608,False,NO_SAFE_TRAJECTORY,NO_SAFE_TRAJECTORY,,,NO_SAFE_TRAJECTORY,19,503.65770800272,False,1,CLOCKWISE,{},"{""2"": 22.548}"
40.05,AUTO,142.677,273.541,-178.63,0.0,0.0,0.0,92.0,0.0,0.0,0.0,,,,,,,,,,,,,,17.608,22.548,17.608,False,NO_SAFE_TRAJECTORY,NO_SAFE_TRAJECTORY,,,NO_SAFE_TRAJECTORY,19,503.65770800272,False,1,CLOCKWISE,{},"{""2"": 22.548}"
40.1,AUTO,142.677,273.541,-178.63,0.0,0.0,0.0,92.0,0.0,0.0,0.0,,,,,,,,,,,,,,17.608,22.548,17.608,False,NO_SAFE_TRAJECTORY,NO_SAFE_TRAJECTORY,,,NO_SAFE_TRAJECTORY,19,503.65770800272,False,1,CLOCKWISE,{},"{""2"": 22.548}"
40.15,AUTO,142.677,273.541,-178.63,0.0,0.0,0.0,92.0,0.0,0.0,0.0,,,,,,,,,,,,,,17.608,22.548,17.608,False,NO_SAFE_TRAJECTORY,NO_SAFE_TRAJECTORY,,,NO_SAFE_TRAJECTORY,19,503.65770800272,False,1,CLOCKWISE,{},"{""2"": 22.548}"
40.2,AUTO,142.677,273.541,-178.63,0.0,0.0,0.0,92.0,0.0,0.0,0.0,,,,,,,,,,,,,,17.608,22.548,17.608,False,NO_SAFE_TRAJECTORY,NO_SAFE_TRAJECTORY,,,NO_SAFE_TRAJECTORY,19,503.65770800272,False,1,CLOCKWISE,{},"{""2"": 22.548}"
40.25,AUTO,142.677,273.541,-178.63,0.0,0.0,0.0,92.0,0.0,0.0,0.0,,,,,,,,,,,,,,17.608,22.548,17.608,False,NO_SAFE_TRAJECTORY,NO_SAFE_TRAJECTORY,,,NO_SAFE_TRAJECTORY,19,503.65770800272,False,1,CLOCKWISE,{},"{""2"": 22.548}"
40.3,AUTO,142.677,273.541,-178.63,0.0,0.0,0.0,92.0,0.0,0.0,0.0,,,,,,,,,,,,,,17.608,22.548,17.608,False,NO_SAFE_TRAJECTORY,NO_SAFE_TRAJECTORY,,,NO_SAFE_TRAJECTORY,19,503.65770800272,False,1,CLOCKWISE,{},"{""2"": 22.548}"
40.35,AUTO,142.677,273.541,-178.63,0.0,0.0,0.0,92.0,0.0,0.0,0.0,,,,,,,,,,,,,,17.608,22.548,17.608,False,NO_SAFE_TRAJECTORY,NO_SAFE_TRAJECTORY,,,NO_SAFE_TRAJECTORY,19,503.65770800272,False,1,CLOCKWISE,{},"{""2"": 22.548}"
40.4,AUTO,142.677,273.541,-178.63,0.0,0.0,0.0,92.0,0.0,0.0,0.0,,,,,,,,,,,,,,17.608,22.548,17.608,False,NO_SAFE_TRAJECTORY,NO_SAFE_TRAJECTORY,,,NO_SAFE_TRAJECTORY,19,503.65770800272,False,1,CLOCKWISE,{},"{""2"": 22.548}"
40.45,AUTO,142.677,273.541,-178.63,0.0,0.0,0.0,92.0,0.0,0.0,0.0,,,,,,,,,,,,,,17.608,22.548,17.608,False,NO_SAFE_TRAJECTORY,NO_SAFE_TRAJECTORY,,,NO_SAFE_TRAJECTORY,19,503.65770800272,False,1,CLOCKWISE,{},"{""2"": 22.548}"
40.5,AUTO,142.677,273.541,-178.63,0.0,0.0,0.0,92.0,0.0,0.0,0.0,,,,,,,,,,,,,,17.608,22.548,17.608,False,NO_SAFE_TRAJECTORY,NO_SAFE_TRAJECTORY,,,NO_SAFE_TRAJECTORY,19,503.65770800272,False,1,CLOCKWISE,{},"{""2"": 22.548}"
40.55,AUTO,142.677,273.541,-178.63,0.0,0.0,0.0,92.0,0.0,0.0,0.0,,,,,,,,,,,,,,17.608,22.548,17.608,False,NO_SAFE_TRAJECTORY,NO_SAFE_TRAJECTORY,,,NO_SAFE_TRAJECTORY,19,503.65770800272,False,1,CLOCKWISE,{},"{""2"": 22.548}"
40.6,AUTO,142.677,273.541,-178.63,0.0,0.0,0.0,92.0,0.0,0.0,0.0,,,,,,,,,,,,,,17.608,22.548,17.608,False,NO_SAFE_TRAJECTORY,NO_SAFE_TRAJECTORY,,,NO_SAFE_TRAJECTORY,19,503.65770800272,False,1,CLOCKWISE,{},"{""2"": 22.548}"
40.65,AUTO,142.677,273.541,-178.63,0.0,0.0,0.0,92.0,0.0,0.0,0.0,,,,,,,,,,,,,,17.608,22.548,17.608,False,NO_SAFE_TRAJECTORY,NO_SAFE_TRAJECTORY,,,NO_SAFE_TRAJECTORY,19,503.65770800272,False,1,CLOCKWISE,{},"{""2"": 22.548}"
40.7,AUTO,142.677,273.541,-178.63,0.0,0.0,0.0,92.0,0.0,0.0,0.0,,,,,,,,,,,,,,17.608,22.548,17.608,False,NO_SAFE_TRAJECTORY,NO_SAFE_TRAJECTORY,,,NO_SAFE_TRAJECTORY,19,503.65770800272,False,1,CLOCKWISE,{},"{""2"": 22.548}"
40.75,AUTO,142.677,273.541,-178.63,0.0,0.0,0.0,92.0,0.0,0.0,0.0,,,,,,,,,,,,,,17.608,22.548,17.608,False,NO_SAFE_TRAJECTORY,NO_SAFE_TRAJECTORY,,,NO_SAFE_TRAJECTORY,19,503.65770800272,False,1,CLOCKWISE,{},"{""2"": 22.548}"
40.8,AUTO,142.677,273.541,-178.63,0.0,0.0,0.0,92.0,0.0,0.0,0.0,,,,,,,,,,,,,,17.608,22.548,17.608,False,NO_SAFE_TRAJECTORY,NO_SAFE_TRAJECTORY,,,NO_SAFE_TRAJECTORY,19,503.65770800272,False,1,CLOCKWISE,{},"{""2"": 22.548}"
40.85,AUTO,142.677,273.541,-178.63,0.0,0.0,0.0,92.0,0.0,0.0,0.0,,,,,,,,,,,,,,17.608,22.548,17.608,False,NO_SAFE_TRAJECTORY,NO_SAFE_TRAJECTORY,,,NO_SAFE_TRAJECTORY,19,503.65770800272,False,1,CLOCKWISE,{},"{""2"": 22.548}"
40.9,AUTO,142.677,273.541,-178.63,0.0,0.0,0.0,92.0,0.0,0.0,0.0,,,,,,,,,,,,,,17.608,22.548,17.608,False,NO_SAFE_TRAJECTORY,NO_SAFE_TRAJECTORY,,,NO_SAFE_TRAJECTORY,19,503.65770800272,False,1,CLOCKWISE,{},"{""2"": 22.548}"
40.95,AUTO,142.677,273.541,-178.63,0.0,0.0,0.0,92.0,0.0,0.0,0.0,,,,,,,,,,,,,,17.608,22.548,17.608,False,NO_SAFE_TRAJECTORY,NO_SAFE_TRAJECTORY,,,NO_SAFE_TRAJECTORY,19,503.65770800272,False,1,CLOCKWISE,{},"{""2"": 22.548}"
41.0,AUTO,142.677,273.541,-178.63,0.0,0.0,0.0,92.0,0.0,0.0,0.0,,,,,,,,,,,,,,17.608,22.548,17.608,False,NO_SAFE_TRAJECTORY,NO_SAFE_TRAJECTORY,,,NO_SAFE_TRAJECTORY,19,503.65770800272,False,1,CLOCKWISE,{},"{""2"": 22.548}"
41.05,AUTO,142.677,273.541,-178.63,0.0,0.0,0.0,92.0,0.0,0.0,0.0,,,,,,,,,,,,,,17.608,22.548,17.608,False,NO_SAFE_TRAJECTORY,NO_SAFE_TRAJECTORY,,,NO_SAFE_TRAJECTORY,19,503.65770800272,False,1,CLOCKWISE,{},"{""2"": 22.548}"
41.1,AUTO,142.677,273.541,-178.63,0.0,0.0,0.0,92.0,0.0,0.0,0.0,,,,,,,,,,,,,,17.608,22.548,17.608,False,NO_SAFE_TRAJECTORY,NO_SAFE_TRAJECTORY,,,NO_SAFE_TRAJECTORY,19,503.65770800272,False,1,CLOCKWISE,{},"{""2"": 22.548}"
41.15,AUTO,142.677,273.541,-178.63,0.0,0.0,0.0,92.0,0.0,0.0,0.0,,,,,,,,,,,,,,17.608,22.548,17.608,False,NO_SAFE_TRAJECTORY,NO_SAFE_TRAJECTORY,,,NO_SAFE_TRAJECTORY,19,503.65770800272,False,1,CLOCKWISE,{},"{""2"": 22.548}"
41.2,AUTO,142.677,273.541,-178.63,0.0,0.0,0.0,92.0,0.0,0.0,0.0,,,,,,,,,,,,,,17.608,22.548,17.608,False,NO_SAFE_TRAJECTORY,NO_SAFE_TRAJECTORY,,,NO_SAFE_TRAJECTORY,19,503.65770800272,False,1,CLOCKWISE,{},"{""2"": 22.548}"
41.25,AUTO,142.677,273.541,-178.63,0.0,0.0,0.0,92.0,0.0,0.0,0.0,,,,,,,,,,,,,,17.608,22.548,17.608,False,NO_SAFE_TRAJECTORY,NO_SAFE_TRAJECTORY,,,NO_SAFE_TRAJECTORY,19,503.65770800272,False,1,CLOCKWISE,{},"{""2"": 22.548}"
41.3,AUTO,142.677,273.541,-178.63,0.0,0.0,0.0,92.0,0.0,0.0,0.0,,,,,,,,,,,,,,17.608,22.548,17.608,False,NO_SAFE_TRAJECTORY,NO_SAFE_TRAJECTORY,,,NO_SAFE_TRAJECTORY,19,503.65770800272,False,1,CLOCKWISE,{},"{""2"": 22.548}"
41.35,AUTO,142.677,273.541,-178.63,0.0,0.0,0.0,92.0,0.0,0.0,0.0,,,,,,,,,,,,,,17.608,22.548,17.608,False,NO_SAFE_TRAJECTORY,NO_SAFE_TRAJECTORY,,,NO_SAFE_TRAJECTORY,19,503.65770800272,False,1,CLOCKWISE,{},"{""2"": 22.548}"
41.4,AUTO,142.677,273.541,-178.63,0.0,0.0,0.0,92.0,0.0,0.0,0.0,,,,,,,,,,,,,,17.608,22.548,17.608,False,NO_SAFE_TRAJECTORY,NO_SAFE_TRAJECTORY,,,NO_SAFE_TRAJECTORY,19,503.65770800272,False,1,CLOCKWISE,{},"{""2"": 22.548}"
41.45,AUTO,142.677,273.541,-178.63,0.0,0.0,0.0,92.0,0.0,0.0,0.0,,,,,,,,,,,,,,17.608,22.548,17.608,False,NO_SAFE_TRAJECTORY,NO_SAFE_TRAJECTORY,,,NO_SAFE_TRAJECTORY,19,503.65770800272,False,1,CLOCKWISE,{},"{""2"": 22.548}"
41.5,AUTO,142.677,273.541,-178.63,0.0,0.0,0.0,92.0,0.0,0.0,0.0,,,,,,,,,,,,,,17.608,22.548,17.608,False,NO_SAFE_TRAJECTORY,NO_SAFE_TRAJECTORY,,,NO_SAFE_TRAJECTORY,19,503.65770800272,False,1,CLOCKWISE,{},"{""2"": 22.548}"
41.55,AUTO,142.677,273.541,-178.63,0.0,0.0,0.0,92.0,0.0,0.0,0.0,,,,,,,,,,,,,,17.608,22.548,17.608,False,NO_SAFE_TRAJECTORY,NO_SAFE_TRAJECTORY,,,NO_SAFE_TRAJECTORY,19,503.65770800272,False,1,CLOCKWISE,{},"{""2"": 22.548}"
41.6,AUTO,142.677,273.541,-178.63,0.0,0.0,0.0,92.0,0.0,0.0,0.0,,,,,,,,,,,,,,17.608,22.548,17.608,False,NO_SAFE_TRAJECTORY,NO_SAFE_TRAJECTORY,,,NO_SAFE_TRAJECTORY,19,503.65770800272,False,1,CLOCKWISE,{},"{""2"": 22.548}"
41.65,AUTO,142.677,273.541,-178.63,0.0,0.0,0.0,92.0,0.0,0.0,0.0,,,,,,,,,,,,,,17.608,22.548,17.608,False,NO_SAFE_TRAJECTORY,NO_SAFE_TRAJECTORY,,,NO_SAFE_TRAJECTORY,19,503.65770800272,False,1,CLOCKWISE,{},"{""2"": 22.548}"
41.7,AUTO,142.677,273.541,-178.63,0.0,0.0,0.0,92.0,0.0,0.0,0.0,,,,,,,,,,,,,,17.608,22.548,17.608,False,NO_SAFE_TRAJECTORY,NO_SAFE_TRAJECTORY,,,NO_SAFE_TRAJECTORY,19,503.65770800272,False,1,CLOCKWISE,{},"{""2"": 22.548}"
41.75,AUTO,142.677,273.541,-178.63,0.0,0.0,0.0,92.0,0.0,0.0,0.0,,,,,,,,,,,,,,17.608,22.548,17.608,False,NO_SAFE_TRAJECTORY,NO_SAFE_TRAJECTORY,,,NO_SAFE_TRAJECTORY,19,503.65770800272,False,1,CLOCKWISE,{},"{""2"": 22.548}"
41.8,AUTO,142.677,273.541,-178.63,0.0,0.0,0.0,92.0,0.0,0.0,0.0,,,,,,,,,,,,,,17.608,22.548,17.608,False,NO_SAFE_TRAJECTORY,NO_SAFE_TRAJECTORY,,,NO_SAFE_TRAJECTORY,19,503.65770800272,False,1,CLOCKWISE,{},"{""2"": 22.548}"
41.85,AUTO,142.677,273.541,-178.63,0.0,0.0,0.0,92.0,0.0,0.0,0.0,,,,,,,,,,,,,,17.608,22.548,17.608,False,NO_SAFE_TRAJECTORY,NO_SAFE_TRAJECTORY,,,NO_SAFE_TRAJECTORY,19,503.65770800272,False,1,CLOCKWISE,{},"{""2"": 22.548}"
41.9,AUTO,142.677,273.541,-178.63,0.0,0.0,0.0,92.0,0.0,0.0,0.0,,,,,,,,,,,,,,17.608,22.548,17.608,False,NO_SAFE_TRAJECTORY,NO_SAFE_TRAJECTORY,,,NO_SAFE_TRAJECTORY,19,503.65770800272,False,1,CLOCKWISE,{},"{""2"": 22.548}"
41.95,AUTO,142.677,273.541,-178.63,0.0,0.0,0.0,92.0,0.0,0.0,0.0,,,,,,,,,,,,,,17.608,22.548,17.608,False,NO_SAFE_TRAJECTORY,NO_SAFE_TRAJECTORY,,,NO_SAFE_TRAJECTORY,19,503.65770800272,False,1,CLOCKWISE,{},"{""2"": 22.548}"
42.0,AUTO,142.677,273.541,-178.63,0.0,0.0,0.0,92.0,0.0,0.0,0.0,,,,,,,,,,,,,,17.608,22.548,17.608,False,NO_SAFE_TRAJECTORY,NO_SAFE_TRAJECTORY,,,NO_SAFE_TRAJECTORY,19,503.65770800272,False,1,CLOCKWISE,{},"{""2"": 22.548}"
42.05,AUTO,142.677,273.541,-178.63,0.0,0.0,0.0,92.0,0.0,0.0,0.0,,,,,,,,,,,,,,17.608,22.548,17.608,False,NO_SAFE_TRAJECTORY,NO_SAFE_TRAJECTORY,,,NO_SAFE_TRAJECTORY,19,503.65770800272,False,1,CLOCKWISE,{},"{""2"": 22.548}"
42.1,AUTO,142.677,273.541,-178.63,0.0,0.0,0.0,92.0,0.0,0.0,0.0,,,,,,,,,,,,,,17.608,22.548,17.608,False,NO_SAFE_TRAJECTORY,NO_SAFE_TRAJECTORY,,,NO_SAFE_TRAJECTORY,19,503.65770800272,False,1,CLOCKWISE,{},"{""2"": 22.548}"
42.15,AUTO,142.677,273.541,-178.63,0.0,0.0,0.0,92.0,0.0,0.0,0.0,,,,,,,,,,,,,,17.608,22.548,17.608,False,NO_SAFE_TRAJECTORY,NO_SAFE_TRAJECTORY,,,NO_SAFE_TRAJECTORY,19,503.65770800272,False,1,CLOCKWISE,{},"{""2"": 22.548}"
42.2,AUTO,142.677,273.541,-178.63,0.0,0.0,0.0,92.0,0.0,0.0,0.0,,,,,,,,,,,,,,17.608,22.548,17.608,False,NO_SAFE_TRAJECTORY,NO_SAFE_TRAJECTORY,,,NO_SAFE_TRAJECTORY,19,503.65770800272,False,1,CLOCKWISE,{},"{""2"": 22.548}"
42.25,AUTO,142.677,273.541,-178.63,0.0,0.0,0.0,92.0,0.0,0.0,0.0,,,,,,,,,,,,,,17.608,22.548,17.608,False,NO_SAFE_TRAJECTORY,NO_SAFE_TRAJECTORY,,,NO_SAFE_TRAJECTORY,19,503.65770800272,False,1,CLOCKWISE,{},"{""2"": 22.548}"
42.3,AUTO,142.677,273.541,-178.63,0.0,0.0,0.0,92.0,0.0,0.0,0.0,,,,,,,,,,,,,,17.608,22.548,17.608,False,NO_SAFE_TRAJECTORY,NO_SAFE_TRAJECTORY,,,NO_SAFE_TRAJECTORY,19,503.65770800272,False,1,CLOCKWISE,{},"{""2"": 22.548}"
42.35,AUTO,142.677,273.541,-178.63,0.0,0.0,0.0,92.0,0.0,0.0,0.0,,,,,,,,,,,,,,17.608,22.548,17.608,False,NO_SAFE_TRAJECTORY,NO_SAFE_TRAJECTORY,,,NO_SAFE_TRAJECTORY,19,503.65770800272,False,1,CLOCKWISE,{},"{""2"": 22.548}"
42.4,AUTO,142.677,273.541,-178.63,0.0,0.0,0.0,92.0,0.0,0.0,0.0,,,,,,,,,,,,,,17.608,22.548,17.608,False,NO_SAFE_TRAJECTORY,NO_SAFE_TRAJECTORY,,,NO_SAFE_TRAJECTORY,19,503.65770800272,False,1,CLOCKWISE,{},"{""2"": 22.548}"
42.45,AUTO,142.677,273.541,-178.63,0.0,0.0,0.0,92.0,0.0,0.0,0.0,,,,,,,,,,,,,,17.608,22.548,17.608,False,NO_SAFE_TRAJECTORY,NO_SAFE_TRAJECTORY,,,NO_SAFE_TRAJECTORY,19,503.65770800272,False,1,CLOCKWISE,{},"{""2"": 22.548}"
42.5,AUTO,142.677,273.541,-178.63,0.0,0.0,0.0,92.0,0.0,0.0,0.0,,,,,,,,,,,,,,17.608,22.548,17.608,False,NO_SAFE_TRAJECTORY,NO_SAFE_TRAJECTORY,,,NO_SAFE_TRAJECTORY,19,503.65770800272,False,1,CLOCKWISE,{},"{""2"": 22.548}"
42.55,AUTO,142.677,273.541,-178.63,0.0,0.0,0.0,92.0,0.0,0.0,0.0,,,,,,,,,,,,,,17.608,22.548,17.608,False,NO_SAFE_TRAJECTORY,NO_SAFE_TRAJECTORY,,,NO_SAFE_TRAJECTORY,19,503.65770800272,False,1,CLOCKWISE,{},"{""2"": 22.548}"
42.6,AUTO,142.677,273.541,-178.63,0.0,0.0,0.0,92.0,0.0,0.0,0.0,,,,,,,,,,,,,,17.608,22.548,17.608,False,NO_SAFE_TRAJECTORY,NO_SAFE_TRAJECTORY,,,NO_SAFE_TRAJECTORY,19,503.65770800272,False,1,CLOCKWISE,{},"{""2"": 22.548}"
42.65,AUTO,142.677,273.541,-178.63,0.0,0.0,0.0,92.0,0.0,0.0,0.0,,,,,,,,,,,,,,17.608,22.548,17.608,False,NO_SAFE_TRAJECTORY,NO_SAFE_TRAJECTORY,,,NO_SAFE_TRAJECTORY,19,503.65770800272,False,1,CLOCKWISE,{},"{""2"": 22.548}"
42.7,AUTO,142.677,273.541,-178.63,0.0,0.0,0.0,92.0,0.0,0.0,0.0,,,,,,,,,,,,,,17.608,22.548,17.608,False,NO_SAFE_TRAJECTORY,NO_SAFE_TRAJECTORY,,,NO_SAFE_TRAJECTORY,19,503.65770800272,False,1,CLOCKWISE,{},"{""2"": 22.548}"
42.75,AUTO,142.677,273.541,-178.63,0.0,0.0,0.0,92.0,0.0,0.0,0.0,,,,,,,,,,,,,,17.608,22.548,17.608,False,NO_SAFE_TRAJECTORY,NO_SAFE_TRAJECTORY,,,NO_SAFE_TRAJECTORY,19,503.65770800272,False,1,CLOCKWISE,{},"{""2"": 22.548}"
42.8,AUTO,142.677,273.541,-178.63,0.0,0.0,0.0,92.0,0.0,0.0,0.0,,,,,,,,,,,,,,17.608,22.548,17.608,False,NO_SAFE_TRAJECTORY,NO_SAFE_TRAJECTORY,,,NO_SAFE_TRAJECTORY,19,503.65770800272,False,1,CLOCKWISE,{},"{""2"": 22.548}"
42.85,AUTO,142.677,273.541,-178.63,0.0,0.0,0.0,92.0,0.0,0.0,0.0,,,,,,,,,,,,,,17.608,22.548,17.608,False,NO_SAFE_TRAJECTORY,NO_SAFE_TRAJECTORY,,,NO_SAFE_TRAJECTORY,19,503.65770800272,False,1,CLOCKWISE,{},"{""2"": 22.548}"
42.9,AUTO,142.677,273.541,-178.63,0.0,0.0,0.0,92.0,0.0,0.0,0.0,,,,,,,,,,,,,,17.608,22.548,17.608,False,NO_SAFE_TRAJECTORY,NO_SAFE_TRAJECTORY,,,NO_SAFE_TRAJECTORY,19,503.65770800272,False,1,CLOCKWISE,{},"{""2"": 22.548}"
42.95,AUTO,142.677,273.541,-178.63,0.0,0.0,0.0,92.0,0.0,0.0,0.0,,,,,,,,,,,,,,17.608,22.548,17.608,False,NO_SAFE_TRAJECTORY,NO_SAFE_TRAJECTORY,,,NO_SAFE_TRAJECTORY,19,503.65770800272,False,1,CLOCKWISE,{},"{""2"": 22.548}"
43.0,AUTO,142.677,273.541,-178.63,0.0,0.0,0.0,92.0,0.0,0.0,0.0,,,,,,,,,,,,,,17.608,22.548,17.608,False,NO_SAFE_TRAJECTORY,NO_SAFE_TRAJECTORY,,,NO_SAFE_TRAJECTORY,19,503.65770800272,False,1,CLOCKWISE,{},"{""2"": 22.548}"
43.05,AUTO,142.677,273.541,-178.63,0.0,0.0,0.0,92.0,0.0,0.0,0.0,,,,,,,,,,,,,,17.608,22.548,17.608,False,NO_SAFE_TRAJECTORY,NO_SAFE_TRAJECTORY,,,NO_SAFE_TRAJECTORY,19,503.65770800272,False,1,CLOCKWISE,{},"{""2"": 22.548}"
43.1,AUTO,142.677,273.541,-178.63,0.0,0.0,0.0,92.0,0.0,0.0,0.0,,,,,,,,,,,,,,17.608,22.548,17.608,False,NO_SAFE_TRAJECTORY,NO_SAFE_TRAJECTORY,,,NO_SAFE_TRAJECTORY,19,503.65770800272,False,1,CLOCKWISE,{},"{""2"": 22.548}"
43.15,AUTO,142.677,273.541,-178.63,0.0,0.0,0.0,92.0,0.0,0.0,0.0,,,,,,,,,,,,,,17.608,22.548,17.608,False,NO_SAFE_TRAJECTORY,NO_SAFE_TRAJECTORY,,,NO_SAFE_TRAJECTORY,19,503.65770800272,False,1,CLOCKWISE,{},"{""2"": 22.548}"
